Filename = "i1q3_hires.npy" 
distFromOuterWall = 0.09
kw15 = np.array([1.34706281e-02, 1.34685765e-02, 1.34624222e-02, 1.34521671e-02,
 1.34378144e-02, 1.34193683e-02, 1.33968346e-02, 1.33702201e-02,
 1.33395329e-02, 1.33047823e-02, 1.32659790e-02, 1.32231347e-02,
 1.31762626e-02, 1.31253768e-02, 1.30704929e-02, 1.30116276e-02,
 1.29487988e-02, 1.28820257e-02, 1.28113287e-02, 1.27367291e-02,
 1.26582498e-02, 1.25759148e-02, 1.24897489e-02, 1.23997786e-02,
 1.23060311e-02, 1.22085352e-02, 1.21073204e-02, 1.20024175e-02,
 1.18938587e-02, 1.17816768e-02, 1.16659062e-02, 1.15465820e-02,
 1.14237405e-02, 1.12974193e-02, 1.11676568e-02, 1.10344926e-02,
 1.08979671e-02, 1.07581220e-02, 1.06149998e-02, 1.04686442e-02,
 1.03190998e-02, 1.01664121e-02, 1.00106276e-02, 9.85179374e-03,
 9.68995895e-03, 9.52517250e-03, 9.35748458e-03, 9.18694629e-03,
 9.01360957e-03, 8.83752721e-03, 8.65875285e-03, 8.47734096e-03,
 8.29334679e-03, 8.10682638e-03, 7.91783655e-03, 7.72643488e-03,
 7.53267965e-03, 7.33662990e-03, 7.13834535e-03, 6.93788638e-03,
 6.73531406e-03, 6.53069011e-03, 6.32407684e-03, 6.11553720e-03,
 5.90513470e-03, 5.69293344e-03, 5.47899806e-03, 5.26339373e-03,
 5.04618611e-03, 4.82744138e-03, 4.60722616e-03, 4.38560754e-03,
 4.16265302e-03, 3.93843051e-03, 3.71300832e-03, 3.48645511e-03,
 3.25883989e-03, 3.03023200e-03, 2.80070107e-03, 2.57031702e-03,
 2.33915003e-03, 2.10727050e-03, 1.87474909e-03, 1.64165661e-03,
 1.40806406e-03, 1.17404260e-03, 9.39663517e-04, 7.04998204e-04,
 4.70118142e-04, 2.35094877e-04, 8.19746440e-10, 2.35094877e-04,
 4.70118142e-04, 7.04998204e-04, 9.39663517e-04, 1.17404260e-03,
 1.40806406e-03, 1.64165661e-03, 1.87474909e-03, 2.10727050e-03,
 2.33915003e-03, 2.57031702e-03, 2.80070107e-03, 3.03023200e-03,
 3.25883989e-03, 3.48645511e-03, 3.71300832e-03, 3.93843051e-03,
 4.16265302e-03, 4.38560754e-03, 4.60722616e-03, 4.82744138e-03,
 5.04618611e-03, 5.26339373e-03, 5.47899806e-03, 5.69293344e-03,
 5.90513470e-03, 6.11553720e-03, 6.32407684e-03, 6.53069011e-03,
 6.73531406e-03, 6.93788638e-03, 7.13834535e-03, 7.33662990e-03,
 7.53267965e-03, 7.72643488e-03, 7.91783655e-03, 8.10682638e-03,
 8.29334679e-03, 8.47734096e-03, 8.65875285e-03, 8.83752721e-03,
 9.01360957e-03, 9.18694629e-03, 9.35748458e-03, 9.52517250e-03,
 9.68995895e-03, 9.85179374e-03, 1.00106276e-02, 1.01664121e-02,
 1.03190998e-02, 1.04686442e-02, 1.06149998e-02, 1.07581220e-02,
 1.08979671e-02, 1.10344926e-02, 1.11676568e-02, 1.12974193e-02,
 1.14237405e-02, 1.15465820e-02, 1.16659062e-02, 1.17816768e-02,
 1.18938587e-02, 1.20024175e-02, 1.21073204e-02, 1.22085352e-02,
 1.23060311e-02, 1.23997786e-02, 1.24897489e-02, 1.25759148e-02,
 1.26582498e-02, 1.27367291e-02, 1.28113287e-02, 1.28820257e-02,
 1.29487988e-02, 1.30116276e-02, 1.30704929e-02, 1.31253768e-02,
 1.31762626e-02, 1.32231347e-02, 1.32659790e-02, 1.33047823e-02,
 1.33395329e-02, 1.33702201e-02, 1.33968346e-02, 1.34193683e-02,
 1.34378144e-02, 1.34521671e-02, 1.34624222e-02, 1.34685765e-02,
 1.34706281e-02, 1.34685765e-02, 1.34624222e-02, 1.34521671e-02,
 1.34378144e-02, 1.34193683e-02, 1.33968346e-02, 1.33702201e-02,
 1.33395329e-02, 1.33047823e-02, 1.32659790e-02, 1.32231347e-02,
 1.31762626e-02, 1.31253768e-02, 1.30704929e-02, 1.30116276e-02,
 1.29487988e-02, 1.28820257e-02, 1.28113287e-02, 1.27367291e-02,
 1.26582498e-02, 1.25759148e-02, 1.24897489e-02, 1.23997786e-02,
 1.23060311e-02, 1.22085352e-02, 1.21073204e-02, 1.20024175e-02,
 1.18938587e-02, 1.17816768e-02, 1.16659062e-02, 1.15465820e-02,
 1.14237405e-02, 1.12974193e-02, 1.11676568e-02, 1.10344926e-02,
 1.08979671e-02, 1.07581220e-02, 1.06149998e-02, 1.04686442e-02,
 1.03190998e-02, 1.01664121e-02, 1.00106276e-02, 9.85179374e-03,
 9.68995895e-03, 9.52517250e-03, 9.35748458e-03, 9.18694629e-03,
 9.01360957e-03, 8.83752721e-03, 8.65875285e-03, 8.47734096e-03,
 8.29334679e-03, 8.10682638e-03, 7.91783655e-03, 7.72643488e-03,
 7.53267965e-03, 7.33662990e-03, 7.13834535e-03, 6.93788638e-03,
 6.73531406e-03, 6.53069011e-03, 6.32407684e-03, 6.11553720e-03,
 5.90513470e-03, 5.69293344e-03, 5.47899806e-03, 5.26339373e-03,
 5.04618611e-03, 4.82744138e-03, 4.60722616e-03, 4.38560754e-03,
 4.16265302e-03, 3.93843051e-03, 3.71300832e-03, 3.48645511e-03,
 3.25883989e-03, 3.03023200e-03, 2.80070107e-03, 2.57031702e-03,
 2.33915003e-03, 2.10727050e-03, 1.87474909e-03, 1.64165661e-03,
 1.40806406e-03, 1.17404260e-03, 9.39663517e-04, 7.04998204e-04,
 4.70118142e-04, 2.35094877e-04, 8.19746440e-10, 2.35094877e-04,
 4.70118142e-04, 7.04998204e-04, 9.39663517e-04, 1.17404260e-03,
 1.40806406e-03, 1.64165661e-03, 1.87474909e-03, 2.10727050e-03,
 2.33915003e-03, 2.57031702e-03, 2.80070107e-03, 3.03023200e-03,
 3.25883989e-03, 3.48645511e-03, 3.71300832e-03, 3.93843051e-03,
 4.16265302e-03, 4.38560754e-03, 4.60722616e-03, 4.82744138e-03,
 5.04618611e-03, 5.26339373e-03, 5.47899806e-03, 5.69293344e-03,
 5.90513470e-03, 6.11553720e-03, 6.32407684e-03, 6.53069011e-03,
 6.73531406e-03, 6.93788638e-03, 7.13834535e-03, 7.33662990e-03,
 7.53267965e-03, 7.72643488e-03, 7.91783655e-03, 8.10682638e-03,
 8.29334679e-03, 8.47734096e-03, 8.65875285e-03, 8.83752721e-03,
 9.01360957e-03, 9.18694629e-03, 9.35748458e-03, 9.52517250e-03,
 9.68995895e-03, 9.85179374e-03, 1.00106276e-02, 1.01664121e-02,
 1.03190998e-02, 1.04686442e-02, 1.06149998e-02, 1.07581220e-02,
 1.08979671e-02, 1.10344926e-02, 1.11676568e-02, 1.12974193e-02,
 1.14237405e-02, 1.15465820e-02, 1.16659062e-02, 1.17816768e-02,
 1.18938587e-02, 1.20024175e-02, 1.21073204e-02, 1.22085352e-02,
 1.23060311e-02, 1.23997786e-02, 1.24897489e-02, 1.25759148e-02,
 1.26582498e-02, 1.27367291e-02, 1.28113287e-02, 1.28820257e-02,
 1.29487988e-02, 1.30116276e-02, 1.30704929e-02, 1.31253768e-02,
 1.31762626e-02, 1.32231347e-02, 1.32659790e-02, 1.33047823e-02,
 1.33395329e-02, 1.33702201e-02, 1.33968346e-02, 1.34193683e-02,
 1.34378144e-02, 1.34521671e-02, 1.34624222e-02, 1.34685765e-02])
spec = np.array([1.38247981e-02, 1.38226925e-02, 1.38163764e-02, 1.38058517e-02,
 1.37911216e-02, 1.37721906e-02, 1.37490644e-02, 1.37217502e-02,
 1.36902561e-02, 1.36545919e-02, 1.36147684e-02, 1.35707976e-02,
 1.35226931e-02, 1.34704694e-02, 1.34141425e-02, 1.33537296e-02,
 1.32892489e-02, 1.32207202e-02, 1.31481643e-02, 1.30716034e-02,
 1.29910608e-02, 1.29065609e-02, 1.28181296e-02, 1.27257938e-02,
 1.26295815e-02, 1.25295222e-02, 1.24256462e-02, 1.23179853e-02,
 1.22065722e-02, 1.20914409e-02, 1.19726264e-02, 1.18501649e-02,
 1.17240937e-02, 1.15944513e-02, 1.14612771e-02, 1.13246116e-02,
 1.11844966e-02, 1.10409747e-02, 1.08940896e-02, 1.07438860e-02,
 1.05904098e-02, 1.04337076e-02, 1.02738272e-02, 1.01108173e-02,
 9.94472752e-03, 9.77560850e-03, 9.60351174e-03, 9.42848965e-03,
 9.25059555e-03, 9.06988364e-03, 8.88640894e-03, 8.70022736e-03,
 8.51139561e-03, 8.31997121e-03, 8.12601246e-03, 7.92957844e-03,
 7.73072901e-03, 7.52952471e-03, 7.32602685e-03, 7.12029741e-03,
 6.91239906e-03, 6.70239513e-03, 6.49034958e-03, 6.27632701e-03,
 6.06039261e-03, 5.84261215e-03, 5.62305198e-03, 5.40177897e-03,
 5.17886053e-03, 4.95436456e-03, 4.72835944e-03, 4.50091401e-03,
 4.27209757e-03, 4.04197980e-03, 3.81063080e-03, 3.57812105e-03,
 3.34452137e-03, 3.10990292e-03, 2.87433715e-03, 2.63789584e-03,
 2.40065100e-03, 2.16267490e-03, 1.92404003e-03, 1.68481907e-03,
 1.44508490e-03, 1.20491055e-03, 9.64369169e-04, 7.23534032e-04,
 4.82478500e-04, 2.41276002e-04, 5.46185802e-08, 2.41276002e-04,
 4.82478500e-04, 7.23534032e-04, 9.64369169e-04, 1.20491055e-03,
 1.44508490e-03, 1.68481907e-03, 1.92404003e-03, 2.16267490e-03,
 2.40065100e-03, 2.63789584e-03, 2.87433715e-03, 3.10990292e-03,
 3.34452137e-03, 3.57812105e-03, 3.81063080e-03, 4.04197980e-03,
 4.27209757e-03, 4.50091401e-03, 4.72835944e-03, 4.95436456e-03,
 5.17886053e-03, 5.40177897e-03, 5.62305198e-03, 5.84261215e-03,
 6.06039261e-03, 6.27632701e-03, 6.49034958e-03, 6.70239513e-03,
 6.91239906e-03, 7.12029741e-03, 7.32602685e-03, 7.52952471e-03,
 7.73072901e-03, 7.92957844e-03, 8.12601246e-03, 8.31997121e-03,
 8.51139561e-03, 8.70022736e-03, 8.88640894e-03, 9.06988364e-03,
 9.25059555e-03, 9.42848965e-03, 9.60351174e-03, 9.77560850e-03,
 9.94472752e-03, 1.01108173e-02, 1.02738272e-02, 1.04337076e-02,
 1.05904098e-02, 1.07438860e-02, 1.08940896e-02, 1.10409747e-02,
 1.11844966e-02, 1.13246116e-02, 1.14612771e-02, 1.15944513e-02,
 1.17240937e-02, 1.18501649e-02, 1.19726264e-02, 1.20914409e-02,
 1.22065722e-02, 1.23179853e-02, 1.24256462e-02, 1.25295222e-02,
 1.26295815e-02, 1.27257938e-02, 1.28181296e-02, 1.29065609e-02,
 1.29910608e-02, 1.30716034e-02, 1.31481643e-02, 1.32207202e-02,
 1.32892489e-02, 1.33537296e-02, 1.34141425e-02, 1.34704694e-02,
 1.35226931e-02, 1.35707976e-02, 1.36147684e-02, 1.36545919e-02,
 1.36902561e-02, 1.37217502e-02, 1.37490644e-02, 1.37721906e-02,
 1.37911216e-02, 1.38058517e-02, 1.38163764e-02, 1.38226925e-02,
 1.38247981e-02, 1.38226925e-02, 1.38163764e-02, 1.38058517e-02,
 1.37911216e-02, 1.37721906e-02, 1.37490644e-02, 1.37217502e-02,
 1.36902561e-02, 1.36545919e-02, 1.36147684e-02, 1.35707976e-02,
 1.35226931e-02, 1.34704694e-02, 1.34141425e-02, 1.33537296e-02,
 1.32892489e-02, 1.32207202e-02, 1.31481643e-02, 1.30716034e-02,
 1.29910608e-02, 1.29065609e-02, 1.28181296e-02, 1.27257938e-02,
 1.26295815e-02, 1.25295222e-02, 1.24256462e-02, 1.23179853e-02,
 1.22065722e-02, 1.20914409e-02, 1.19726264e-02, 1.18501649e-02,
 1.17240937e-02, 1.15944513e-02, 1.14612771e-02, 1.13246116e-02,
 1.11844966e-02, 1.10409747e-02, 1.08940896e-02, 1.07438860e-02,
 1.05904098e-02, 1.04337076e-02, 1.02738272e-02, 1.01108173e-02,
 9.94472752e-03, 9.77560850e-03, 9.60351174e-03, 9.42848965e-03,
 9.25059555e-03, 9.06988364e-03, 8.88640894e-03, 8.70022736e-03,
 8.51139561e-03, 8.31997121e-03, 8.12601246e-03, 7.92957844e-03,
 7.73072901e-03, 7.52952471e-03, 7.32602685e-03, 7.12029741e-03,
 6.91239906e-03, 6.70239513e-03, 6.49034958e-03, 6.27632701e-03,
 6.06039261e-03, 5.84261215e-03, 5.62305198e-03, 5.40177897e-03,
 5.17886053e-03, 4.95436456e-03, 4.72835944e-03, 4.50091401e-03,
 4.27209757e-03, 4.04197980e-03, 3.81063080e-03, 3.57812105e-03,
 3.34452137e-03, 3.10990292e-03, 2.87433715e-03, 2.63789584e-03,
 2.40065100e-03, 2.16267490e-03, 1.92404003e-03, 1.68481907e-03,
 1.44508490e-03, 1.20491055e-03, 9.64369169e-04, 7.23534032e-04,
 4.82478500e-04, 2.41276002e-04, 5.46185802e-08, 2.41276002e-04,
 4.82478500e-04, 7.23534032e-04, 9.64369169e-04, 1.20491055e-03,
 1.44508490e-03, 1.68481907e-03, 1.92404003e-03, 2.16267490e-03,
 2.40065100e-03, 2.63789584e-03, 2.87433715e-03, 3.10990292e-03,
 3.34452137e-03, 3.57812105e-03, 3.81063080e-03, 4.04197980e-03,
 4.27209757e-03, 4.50091401e-03, 4.72835944e-03, 4.95436456e-03,
 5.17886053e-03, 5.40177897e-03, 5.62305198e-03, 5.84261215e-03,
 6.06039261e-03, 6.27632701e-03, 6.49034958e-03, 6.70239513e-03,
 6.91239906e-03, 7.12029741e-03, 7.32602685e-03, 7.52952471e-03,
 7.73072901e-03, 7.92957844e-03, 8.12601246e-03, 8.31997121e-03,
 8.51139561e-03, 8.70022736e-03, 8.88640894e-03, 9.06988364e-03,
 9.25059555e-03, 9.42848965e-03, 9.60351174e-03, 9.77560850e-03,
 9.94472752e-03, 1.01108173e-02, 1.02738272e-02, 1.04337076e-02,
 1.05904098e-02, 1.07438860e-02, 1.08940896e-02, 1.10409747e-02,
 1.11844966e-02, 1.13246116e-02, 1.14612771e-02, 1.15944513e-02,
 1.17240937e-02, 1.18501649e-02, 1.19726264e-02, 1.20914409e-02,
 1.22065722e-02, 1.23179853e-02, 1.24256462e-02, 1.25295222e-02,
 1.26295815e-02, 1.27257938e-02, 1.28181296e-02, 1.29065609e-02,
 1.29910608e-02, 1.30716034e-02, 1.31481643e-02, 1.32207202e-02,
 1.32892489e-02, 1.33537296e-02, 1.34141425e-02, 1.34704694e-02,
 1.35226931e-02, 1.35707976e-02, 1.36147684e-02, 1.36545919e-02,
 1.36902561e-02, 1.37217502e-02, 1.37490644e-02, 1.37721906e-02,
 1.37911216e-02, 1.38058517e-02, 1.38163764e-02, 1.38226925e-02])
nextToPFC = np.array([1.34706113e-02, 1.34685597e-02, 1.34624054e-02, 1.34521503e-02,
 1.34377976e-02, 1.34193516e-02, 1.33968179e-02, 1.33702034e-02,
 1.33395162e-02, 1.33047657e-02, 1.32659624e-02, 1.32231182e-02,
 1.31762461e-02, 1.31253604e-02, 1.30704766e-02, 1.30116114e-02,
 1.29487827e-02, 1.28820097e-02, 1.28113127e-02, 1.27367132e-02,
 1.26582340e-02, 1.25758990e-02, 1.24897333e-02, 1.23997631e-02,
 1.23060158e-02, 1.22085199e-02, 1.21073052e-02, 1.20024026e-02,
 1.18938438e-02, 1.17816621e-02, 1.16658916e-02, 1.15465675e-02,
 1.14237263e-02, 1.12974052e-02, 1.11676429e-02, 1.10344788e-02,
 1.08979535e-02, 1.07581085e-02, 1.06149866e-02, 1.04686312e-02,
 1.03190869e-02, 1.01663994e-02, 1.00106151e-02, 9.85178144e-03,
 9.68994685e-03, 9.52516060e-03, 9.35747290e-03, 9.18693482e-03,
 9.01359831e-03, 8.83751617e-03, 8.65874204e-03, 8.47733037e-03,
 8.29333643e-03, 8.10681625e-03, 7.91782666e-03, 7.72642523e-03,
 7.53267025e-03, 7.33662074e-03, 7.13833643e-03, 6.93787771e-03,
 6.73530565e-03, 6.53068195e-03, 6.32406894e-03, 6.11552956e-03,
 5.90512732e-03, 5.69292633e-03, 5.47899122e-03, 5.26338716e-03,
 5.04617981e-03, 4.82743535e-03, 4.60722041e-03, 4.38560206e-03,
 4.16264782e-03, 3.93842559e-03, 3.71300368e-03, 3.48645075e-03,
 3.25883582e-03, 3.03022822e-03, 2.80069757e-03, 2.57031381e-03,
 2.33914711e-03, 2.10726787e-03, 1.87474675e-03, 1.64165456e-03,
 1.40806230e-03, 1.17404113e-03, 9.39662345e-04, 7.04997326e-04,
 4.70117558e-04, 2.35094590e-04, 5.46185802e-08, 2.35094590e-04,
 4.70117558e-04, 7.04997326e-04, 9.39662345e-04, 1.17404113e-03,
 1.40806230e-03, 1.64165456e-03, 1.87474675e-03, 2.10726787e-03,
 2.33914711e-03, 2.57031381e-03, 2.80069757e-03, 3.03022822e-03,
 3.25883582e-03, 3.48645075e-03, 3.71300368e-03, 3.93842559e-03,
 4.16264782e-03, 4.38560206e-03, 4.60722041e-03, 4.82743535e-03,
 5.04617981e-03, 5.26338716e-03, 5.47899122e-03, 5.69292633e-03,
 5.90512732e-03, 6.11552956e-03, 6.32406894e-03, 6.53068195e-03,
 6.73530565e-03, 6.93787771e-03, 7.13833643e-03, 7.33662074e-03,
 7.53267025e-03, 7.72642523e-03, 7.91782666e-03, 8.10681625e-03,
 8.29333643e-03, 8.47733037e-03, 8.65874204e-03, 8.83751617e-03,
 9.01359831e-03, 9.18693482e-03, 9.35747290e-03, 9.52516060e-03,
 9.68994685e-03, 9.85178144e-03, 1.00106151e-02, 1.01663994e-02,
 1.03190869e-02, 1.04686312e-02, 1.06149866e-02, 1.07581085e-02,
 1.08979535e-02, 1.10344788e-02, 1.11676429e-02, 1.12974052e-02,
 1.14237263e-02, 1.15465675e-02, 1.16658916e-02, 1.17816621e-02,
 1.18938438e-02, 1.20024026e-02, 1.21073052e-02, 1.22085199e-02,
 1.23060158e-02, 1.23997631e-02, 1.24897333e-02, 1.25758990e-02,
 1.26582340e-02, 1.27367132e-02, 1.28113127e-02, 1.28820097e-02,
 1.29487827e-02, 1.30116114e-02, 1.30704766e-02, 1.31253604e-02,
 1.31762461e-02, 1.32231182e-02, 1.32659624e-02, 1.33047657e-02,
 1.33395162e-02, 1.33702034e-02, 1.33968179e-02, 1.34193516e-02,
 1.34377976e-02, 1.34521503e-02, 1.34624054e-02, 1.34685597e-02,
 1.34706113e-02, 1.34685597e-02, 1.34624054e-02, 1.34521503e-02,
 1.34377976e-02, 1.34193516e-02, 1.33968179e-02, 1.33702034e-02,
 1.33395162e-02, 1.33047657e-02, 1.32659624e-02, 1.32231182e-02,
 1.31762461e-02, 1.31253604e-02, 1.30704766e-02, 1.30116114e-02,
 1.29487827e-02, 1.28820097e-02, 1.28113127e-02, 1.27367132e-02,
 1.26582340e-02, 1.25758990e-02, 1.24897333e-02, 1.23997631e-02,
 1.23060158e-02, 1.22085199e-02, 1.21073052e-02, 1.20024026e-02,
 1.18938438e-02, 1.17816621e-02, 1.16658916e-02, 1.15465675e-02,
 1.14237263e-02, 1.12974052e-02, 1.11676429e-02, 1.10344788e-02,
 1.08979535e-02, 1.07581085e-02, 1.06149866e-02, 1.04686312e-02,
 1.03190869e-02, 1.01663994e-02, 1.00106151e-02, 9.85178144e-03,
 9.68994685e-03, 9.52516060e-03, 9.35747290e-03, 9.18693482e-03,
 9.01359831e-03, 8.83751617e-03, 8.65874204e-03, 8.47733037e-03,
 8.29333643e-03, 8.10681625e-03, 7.91782666e-03, 7.72642523e-03,
 7.53267025e-03, 7.33662074e-03, 7.13833643e-03, 6.93787771e-03,
 6.73530565e-03, 6.53068195e-03, 6.32406894e-03, 6.11552956e-03,
 5.90512732e-03, 5.69292633e-03, 5.47899122e-03, 5.26338716e-03,
 5.04617981e-03, 4.82743535e-03, 4.60722041e-03, 4.38560206e-03,
 4.16264782e-03, 3.93842559e-03, 3.71300368e-03, 3.48645075e-03,
 3.25883582e-03, 3.03022822e-03, 2.80069757e-03, 2.57031381e-03,
 2.33914711e-03, 2.10726787e-03, 1.87474675e-03, 1.64165456e-03,
 1.40806230e-03, 1.17404113e-03, 9.39662345e-04, 7.04997326e-04,
 4.70117558e-04, 2.35094590e-04, 5.46185802e-08, 2.35094590e-04,
 4.70117558e-04, 7.04997326e-04, 9.39662345e-04, 1.17404113e-03,
 1.40806230e-03, 1.64165456e-03, 1.87474675e-03, 2.10726787e-03,
 2.33914711e-03, 2.57031381e-03, 2.80069757e-03, 3.03022822e-03,
 3.25883582e-03, 3.48645075e-03, 3.71300368e-03, 3.93842559e-03,
 4.16264782e-03, 4.38560206e-03, 4.60722041e-03, 4.82743535e-03,
 5.04617981e-03, 5.26338716e-03, 5.47899122e-03, 5.69292633e-03,
 5.90512732e-03, 6.11552956e-03, 6.32406894e-03, 6.53068195e-03,
 6.73530565e-03, 6.93787771e-03, 7.13833643e-03, 7.33662074e-03,
 7.53267025e-03, 7.72642523e-03, 7.91782666e-03, 8.10681625e-03,
 8.29333643e-03, 8.47733037e-03, 8.65874204e-03, 8.83751617e-03,
 9.01359831e-03, 9.18693482e-03, 9.35747290e-03, 9.52516060e-03,
 9.68994685e-03, 9.85178144e-03, 1.00106151e-02, 1.01663994e-02,
 1.03190869e-02, 1.04686312e-02, 1.06149866e-02, 1.07581085e-02,
 1.08979535e-02, 1.10344788e-02, 1.11676429e-02, 1.12974052e-02,
 1.14237263e-02, 1.15465675e-02, 1.16658916e-02, 1.17816621e-02,
 1.18938438e-02, 1.20024026e-02, 1.21073052e-02, 1.22085199e-02,
 1.23060158e-02, 1.23997631e-02, 1.24897333e-02, 1.25758990e-02,
 1.26582340e-02, 1.27367132e-02, 1.28113127e-02, 1.28820097e-02,
 1.29487827e-02, 1.30116114e-02, 1.30704766e-02, 1.31253604e-02,
 1.31762461e-02, 1.32231182e-02, 1.32659624e-02, 1.33047657e-02,
 1.33395162e-02, 1.33702034e-02, 1.33968179e-02, 1.34193516e-02,
 1.34377976e-02, 1.34521503e-02, 1.34624054e-02, 1.34685597e-02])
hallprobe = np.array([1.32517118e-02, 1.32496935e-02, 1.32436392e-02, 1.32335508e-02,
 1.32194313e-02, 1.32012850e-02, 1.31791175e-02, 1.31529356e-02,
 1.31227471e-02, 1.30885612e-02, 1.30503885e-02, 1.30082405e-02,
 1.29621301e-02, 1.29120713e-02, 1.28580793e-02, 1.28001707e-02,
 1.27383630e-02, 1.26726750e-02, 1.26031269e-02, 1.25297397e-02,
 1.24525358e-02, 1.23715388e-02, 1.22867732e-02, 1.21982650e-02,
 1.21060411e-02, 1.20101296e-02, 1.19105597e-02, 1.18073617e-02,
 1.17005670e-02, 1.15902083e-02, 1.14763191e-02, 1.13589340e-02,
 1.12380890e-02, 1.11138207e-02, 1.09861670e-02, 1.08551668e-02,
 1.07208601e-02, 1.05832876e-02, 1.04424914e-02, 1.02985143e-02,
 1.01514002e-02, 1.00011939e-02, 9.84794106e-03, 9.69168848e-03,
 9.53248373e-03, 9.37037528e-03, 9.20541253e-03, 9.03764572e-03,
 8.86712596e-03, 8.69390518e-03, 8.51803616e-03, 8.33957246e-03,
 8.15856844e-03, 7.97507925e-03, 7.78916077e-03, 7.60086963e-03,
 7.41026320e-03, 7.21739953e-03, 7.02233737e-03, 6.82513614e-03,
 6.62585590e-03, 6.42455737e-03, 6.22130185e-03, 6.01615127e-03,
 5.80916810e-03, 5.60041541e-03, 5.38995678e-03, 5.17785631e-03,
 4.96417862e-03, 4.74898879e-03, 4.53235237e-03, 4.31433536e-03,
 4.09500415e-03, 3.87442557e-03, 3.65266680e-03, 3.42979540e-03,
 3.20587924e-03, 2.98098654e-03, 2.75518581e-03, 2.52854582e-03,
 2.30113561e-03, 2.07302445e-03, 1.84428183e-03, 1.61497742e-03,
 1.38518107e-03, 1.15496279e-03, 9.24392688e-04, 6.93541011e-04,
 4.62478076e-04, 2.31274267e-04, 5.46185802e-08, 2.31274267e-04,
 4.62478076e-04, 6.93541011e-04, 9.24392688e-04, 1.15496279e-03,
 1.38518107e-03, 1.61497742e-03, 1.84428183e-03, 2.07302445e-03,
 2.30113561e-03, 2.52854582e-03, 2.75518581e-03, 2.98098654e-03,
 3.20587924e-03, 3.42979540e-03, 3.65266680e-03, 3.87442557e-03,
 4.09500415e-03, 4.31433536e-03, 4.53235237e-03, 4.74898879e-03,
 4.96417862e-03, 5.17785631e-03, 5.38995678e-03, 5.60041541e-03,
 5.80916810e-03, 6.01615127e-03, 6.22130185e-03, 6.42455737e-03,
 6.62585590e-03, 6.82513614e-03, 7.02233737e-03, 7.21739953e-03,
 7.41026320e-03, 7.60086963e-03, 7.78916077e-03, 7.97507925e-03,
 8.15856844e-03, 8.33957246e-03, 8.51803616e-03, 8.69390518e-03,
 8.86712596e-03, 9.03764572e-03, 9.20541253e-03, 9.37037528e-03,
 9.53248373e-03, 9.69168848e-03, 9.84794106e-03, 1.00011939e-02,
 1.01514002e-02, 1.02985143e-02, 1.04424914e-02, 1.05832876e-02,
 1.07208601e-02, 1.08551668e-02, 1.09861670e-02, 1.11138207e-02,
 1.12380890e-02, 1.13589340e-02, 1.14763191e-02, 1.15902083e-02,
 1.17005670e-02, 1.18073617e-02, 1.19105597e-02, 1.20101296e-02,
 1.21060411e-02, 1.21982650e-02, 1.22867732e-02, 1.23715388e-02,
 1.24525358e-02, 1.25297397e-02, 1.26031269e-02, 1.26726750e-02,
 1.27383630e-02, 1.28001707e-02, 1.28580793e-02, 1.29120713e-02,
 1.29621301e-02, 1.30082405e-02, 1.30503885e-02, 1.30885612e-02,
 1.31227471e-02, 1.31529356e-02, 1.31791175e-02, 1.32012850e-02,
 1.32194313e-02, 1.32335508e-02, 1.32436392e-02, 1.32496935e-02,
 1.32517118e-02, 1.32496935e-02, 1.32436392e-02, 1.32335508e-02,
 1.32194313e-02, 1.32012850e-02, 1.31791175e-02, 1.31529356e-02,
 1.31227471e-02, 1.30885612e-02, 1.30503885e-02, 1.30082405e-02,
 1.29621301e-02, 1.29120713e-02, 1.28580793e-02, 1.28001707e-02,
 1.27383630e-02, 1.26726750e-02, 1.26031269e-02, 1.25297397e-02,
 1.24525358e-02, 1.23715388e-02, 1.22867732e-02, 1.21982650e-02,
 1.21060411e-02, 1.20101296e-02, 1.19105597e-02, 1.18073617e-02,
 1.17005670e-02, 1.15902083e-02, 1.14763191e-02, 1.13589340e-02,
 1.12380890e-02, 1.11138207e-02, 1.09861670e-02, 1.08551668e-02,
 1.07208601e-02, 1.05832876e-02, 1.04424914e-02, 1.02985143e-02,
 1.01514002e-02, 1.00011939e-02, 9.84794106e-03, 9.69168848e-03,
 9.53248373e-03, 9.37037528e-03, 9.20541253e-03, 9.03764572e-03,
 8.86712596e-03, 8.69390518e-03, 8.51803616e-03, 8.33957246e-03,
 8.15856844e-03, 7.97507925e-03, 7.78916077e-03, 7.60086963e-03,
 7.41026320e-03, 7.21739953e-03, 7.02233737e-03, 6.82513614e-03,
 6.62585590e-03, 6.42455737e-03, 6.22130185e-03, 6.01615127e-03,
 5.80916810e-03, 5.60041541e-03, 5.38995678e-03, 5.17785631e-03,
 4.96417862e-03, 4.74898879e-03, 4.53235237e-03, 4.31433536e-03,
 4.09500415e-03, 3.87442557e-03, 3.65266680e-03, 3.42979540e-03,
 3.20587924e-03, 2.98098654e-03, 2.75518581e-03, 2.52854582e-03,
 2.30113561e-03, 2.07302445e-03, 1.84428183e-03, 1.61497742e-03,
 1.38518107e-03, 1.15496279e-03, 9.24392688e-04, 6.93541011e-04,
 4.62478076e-04, 2.31274267e-04, 5.46185802e-08, 2.31274267e-04,
 4.62478076e-04, 6.93541011e-04, 9.24392688e-04, 1.15496279e-03,
 1.38518107e-03, 1.61497742e-03, 1.84428183e-03, 2.07302445e-03,
 2.30113561e-03, 2.52854582e-03, 2.75518581e-03, 2.98098654e-03,
 3.20587924e-03, 3.42979540e-03, 3.65266680e-03, 3.87442557e-03,
 4.09500415e-03, 4.31433536e-03, 4.53235237e-03, 4.74898879e-03,
 4.96417862e-03, 5.17785631e-03, 5.38995678e-03, 5.60041541e-03,
 5.80916810e-03, 6.01615127e-03, 6.22130185e-03, 6.42455737e-03,
 6.62585590e-03, 6.82513614e-03, 7.02233737e-03, 7.21739953e-03,
 7.41026320e-03, 7.60086963e-03, 7.78916077e-03, 7.97507925e-03,
 8.15856844e-03, 8.33957246e-03, 8.51803616e-03, 8.69390518e-03,
 8.86712596e-03, 9.03764572e-03, 9.20541253e-03, 9.37037528e-03,
 9.53248373e-03, 9.69168848e-03, 9.84794106e-03, 1.00011939e-02,
 1.01514002e-02, 1.02985143e-02, 1.04424914e-02, 1.05832876e-02,
 1.07208601e-02, 1.08551668e-02, 1.09861670e-02, 1.11138207e-02,
 1.12380890e-02, 1.13589340e-02, 1.14763191e-02, 1.15902083e-02,
 1.17005670e-02, 1.18073617e-02, 1.19105597e-02, 1.20101296e-02,
 1.21060411e-02, 1.21982650e-02, 1.22867732e-02, 1.23715388e-02,
 1.24525358e-02, 1.25297397e-02, 1.26031269e-02, 1.26726750e-02,
 1.27383630e-02, 1.28001707e-02, 1.28580793e-02, 1.29120713e-02,
 1.29621301e-02, 1.30082405e-02, 1.30503885e-02, 1.30885612e-02,
 1.31227471e-02, 1.31529356e-02, 1.31791175e-02, 1.32012850e-02,
 1.32194313e-02, 1.32335508e-02, 1.32436392e-02, 1.32496935e-02])
kw15_slopes = np.array([-0.00011755, -0.00035262, -0.00058757, -0.00082235, -0.00105688,
 -0.00129109, -0.0015249 , -0.00175825, -0.00199106, -0.00222327,
 -0.0024548 , -0.00268558, -0.00291554, -0.00314462, -0.00337273,
 -0.00359982, -0.00382582, -0.00405064, -0.00427424, -0.00449653,
 -0.00471745, -0.00493694, -0.00515492, -0.00537133, -0.00558611,
 -0.00579918, -0.00601049, -0.00621996, -0.00642755, -0.00663317,
 -0.00683677, -0.00703829, -0.00723767, -0.00743484, -0.00762975,
 -0.00782233, -0.00801253, -0.00820029, -0.00838556, -0.00856826,
 -0.00874836, -0.00892579, -0.00910051, -0.00927245, -0.00944157,
 -0.00960781, -0.00977112, -0.00993146, -0.01008878, -0.01024302,
 -0.01039414, -0.01054209, -0.01068683, -0.01082832, -0.01096651,
 -0.01110136, -0.01123282, -0.01136087, -0.01148545, -0.01160654,
 -0.01172409, -0.01183807, -0.01194844, -0.01205517, -0.01215824,
 -0.01225759, -0.01235322, -0.01244508, -0.01253315, -0.0126174 ,
 -0.01269781, -0.01277435, -0.012847  , -0.01291574, -0.01298054,
 -0.01304139, -0.01309827, -0.01315115, -0.01320003, -0.01324489,
 -0.01328572, -0.0133225 , -0.01335522, -0.01338387, -0.01340844,
 -0.01342893, -0.01344533, -0.01345764, -0.01346584, -0.0134699 ,
  0.0134699 ,  0.01346584,  0.01345764,  0.01344533,  0.01342893,
  0.01340844,  0.01338387,  0.01335522,  0.0133225 ,  0.01328572,
  0.01324489,  0.01320003,  0.01315115,  0.01309827,  0.01304139,
  0.01298054,  0.01291574,  0.012847  ,  0.01277435,  0.01269781,
  0.0126174 ,  0.01253315,  0.01244508,  0.01235322,  0.01225759,
  0.01215824,  0.01205517,  0.01194844,  0.01183807,  0.01172409,
  0.01160654,  0.01148545,  0.01136087,  0.01123282,  0.01110136,
  0.01096651,  0.01082832,  0.01068683,  0.01054209,  0.01039414,
  0.01024302,  0.01008878,  0.00993146,  0.00977112,  0.00960781,
  0.00944157,  0.00927245,  0.00910051,  0.00892579,  0.00874836,
  0.00856826,  0.00838556,  0.00820029,  0.00801253,  0.00782233,
  0.00762975,  0.00743484,  0.00723767,  0.00703829,  0.00683677,
  0.00663317,  0.00642755,  0.00621996,  0.00601049,  0.00579918,
  0.00558611,  0.00537133,  0.00515492,  0.00493694,  0.00471745,
  0.00449653,  0.00427424,  0.00405064,  0.00382582,  0.00359982,
  0.00337273,  0.00314462,  0.00291554,  0.00268558,  0.0024548 ,
  0.00222327,  0.00199106,  0.00175825,  0.0015249 ,  0.00129109,
  0.00105688,  0.00082235,  0.00058757,  0.00035262,  0.00011755,
 -0.00011755, -0.00035262, -0.00058757, -0.00082235, -0.00105688,
 -0.00129109, -0.0015249 , -0.00175825, -0.00199106, -0.00222327,
 -0.0024548 , -0.00268558, -0.00291554, -0.00314462, -0.00337273,
 -0.00359982, -0.00382582, -0.00405064, -0.00427424, -0.00449653,
 -0.00471745, -0.00493694, -0.00515492, -0.00537133, -0.00558611,
 -0.00579918, -0.00601049, -0.00621996, -0.00642755, -0.00663317,
 -0.00683677, -0.00703829, -0.00723767, -0.00743484, -0.00762975,
 -0.00782233, -0.00801253, -0.00820029, -0.00838556, -0.00856826,
 -0.00874836, -0.00892579, -0.00910051, -0.00927245, -0.00944157,
 -0.00960781, -0.00977112, -0.00993146, -0.01008878, -0.01024302,
 -0.01039414, -0.01054209, -0.01068683, -0.01082832, -0.01096651,
 -0.01110136, -0.01123282, -0.01136087, -0.01148545, -0.01160654,
 -0.01172409, -0.01183807, -0.01194844, -0.01205517, -0.01215824,
 -0.01225759, -0.01235322, -0.01244508, -0.01253315, -0.0126174 ,
 -0.01269781, -0.01277435, -0.012847  , -0.01291574, -0.01298054,
 -0.01304139, -0.01309827, -0.01315115, -0.01320003, -0.01324489,
 -0.01328572, -0.0133225 , -0.01335522, -0.01338387, -0.01340844,
 -0.01342893, -0.01344533, -0.01345764, -0.01346584, -0.0134699 ,
  0.0134699 ,  0.01346584,  0.01345764,  0.01344533,  0.01342893,
  0.01340844,  0.01338387,  0.01335522,  0.0133225 ,  0.01328572,
  0.01324489,  0.01320003,  0.01315115,  0.01309827,  0.01304139,
  0.01298054,  0.01291574,  0.012847  ,  0.01277435,  0.01269781,
  0.0126174 ,  0.01253315,  0.01244508,  0.01235322,  0.01225759,
  0.01215824,  0.01205517,  0.01194844,  0.01183807,  0.01172409,
  0.01160654,  0.01148545,  0.01136087,  0.01123282,  0.01110136,
  0.01096651,  0.01082832,  0.01068683,  0.01054209,  0.01039414,
  0.01024302,  0.01008878,  0.00993146,  0.00977112,  0.00960781,
  0.00944157,  0.00927245,  0.00910051,  0.00892579,  0.00874836,
  0.00856826,  0.00838556,  0.00820029,  0.00801253,  0.00782233,
  0.00762975,  0.00743484,  0.00723767,  0.00703829,  0.00683677,
  0.00663317,  0.00642755,  0.00621996,  0.00601049,  0.00579918,
  0.00558611,  0.00537133,  0.00515492,  0.00493694,  0.00471745,
  0.00449653,  0.00427424,  0.00405064,  0.00382582,  0.00359982,
  0.00337273,  0.00314462,  0.00291554,  0.00268558,  0.0024548 ,
  0.00222327,  0.00199106,  0.00175825,  0.0015249 ,  0.00129109,
  0.00105688,  0.00082235,  0.00058757,  0.00035262])
spec_slopes = np.array([-0.00012064, -0.00036189, -0.00060302, -0.00084397, -0.00108467,
 -0.00132503, -0.00156499, -0.00180448, -0.00204341, -0.00228172,
 -0.00251934, -0.00275619, -0.0029922 , -0.00322729, -0.00346141,
 -0.00369447, -0.0039264 , -0.00415714, -0.00438662, -0.00461475,
 -0.00484148, -0.00506674, -0.00529045, -0.00551256, -0.00573298,
 -0.00595165, -0.00616852, -0.0063835 , -0.00659654, -0.00680757,
 -0.00701653, -0.00722335, -0.00742796, -0.00763032, -0.00783035,
 -0.008028  , -0.0082232 , -0.0084159 , -0.00860603, -0.00879354,
 -0.00897837, -0.00916047, -0.00933978, -0.00951624, -0.00968981,
 -0.00986042, -0.01002803, -0.01019258, -0.01035403, -0.01051233,
 -0.01066742, -0.01081926, -0.01096781, -0.01111302, -0.01125484,
 -0.01139323, -0.01152816, -0.01165957, -0.01178743, -0.0119117 ,
 -0.01203234, -0.01214931, -0.01226259, -0.01237213, -0.0124779 ,
 -0.01257987, -0.01267801, -0.01277229, -0.01286267, -0.01294914,
 -0.01303166, -0.01311022, -0.01318478, -0.01325532, -0.01332183,
 -0.01338428, -0.01344265, -0.01349692, -0.01354709, -0.01359313,
 -0.01363503, -0.01367277, -0.01370635, -0.01373576, -0.01376098,
 -0.01378201, -0.01379884, -0.01381146, -0.01381989, -0.01382097,
  0.01382097,  0.01381989,  0.01381146,  0.01379884,  0.01378201,
  0.01376098,  0.01373576,  0.01370635,  0.01367277,  0.01363503,
  0.01359313,  0.01354709,  0.01349692,  0.01344265,  0.01338428,
  0.01332183,  0.01325532,  0.01318478,  0.01311022,  0.01303166,
  0.01294914,  0.01286267,  0.01277229,  0.01267801,  0.01257987,
  0.0124779 ,  0.01237213,  0.01226259,  0.01214931,  0.01203234,
  0.0119117 ,  0.01178743,  0.01165957,  0.01152816,  0.01139323,
  0.01125484,  0.01111302,  0.01096781,  0.01081926,  0.01066742,
  0.01051233,  0.01035403,  0.01019258,  0.01002803,  0.00986042,
  0.00968981,  0.00951624,  0.00933978,  0.00916047,  0.00897837,
  0.00879354,  0.00860603,  0.0084159 ,  0.0082232 ,  0.008028  ,
  0.00783035,  0.00763032,  0.00742796,  0.00722335,  0.00701653,
  0.00680757,  0.00659654,  0.0063835 ,  0.00616852,  0.00595165,
  0.00573298,  0.00551256,  0.00529045,  0.00506674,  0.00484148,
  0.00461475,  0.00438662,  0.00415714,  0.0039264 ,  0.00369447,
  0.00346141,  0.00322729,  0.0029922 ,  0.00275619,  0.00251934,
  0.00228172,  0.00204341,  0.00180448,  0.00156499,  0.00132503,
  0.00108467,  0.00084397,  0.00060302,  0.00036189,  0.00012064,
 -0.00012064, -0.00036189, -0.00060302, -0.00084397, -0.00108467,
 -0.00132503, -0.00156499, -0.00180448, -0.00204341, -0.00228172,
 -0.00251934, -0.00275619, -0.0029922 , -0.00322729, -0.00346141,
 -0.00369447, -0.0039264 , -0.00415714, -0.00438662, -0.00461475,
 -0.00484148, -0.00506674, -0.00529045, -0.00551256, -0.00573298,
 -0.00595165, -0.00616852, -0.0063835 , -0.00659654, -0.00680757,
 -0.00701653, -0.00722335, -0.00742796, -0.00763032, -0.00783035,
 -0.008028  , -0.0082232 , -0.0084159 , -0.00860603, -0.00879354,
 -0.00897837, -0.00916047, -0.00933978, -0.00951624, -0.00968981,
 -0.00986042, -0.01002803, -0.01019258, -0.01035403, -0.01051233,
 -0.01066742, -0.01081926, -0.01096781, -0.01111302, -0.01125484,
 -0.01139323, -0.01152816, -0.01165957, -0.01178743, -0.0119117 ,
 -0.01203234, -0.01214931, -0.01226259, -0.01237213, -0.0124779 ,
 -0.01257987, -0.01267801, -0.01277229, -0.01286267, -0.01294914,
 -0.01303166, -0.01311022, -0.01318478, -0.01325532, -0.01332183,
 -0.01338428, -0.01344265, -0.01349692, -0.01354709, -0.01359313,
 -0.01363503, -0.01367277, -0.01370635, -0.01373576, -0.01376098,
 -0.01378201, -0.01379884, -0.01381146, -0.01381989, -0.01382097,
  0.01382097,  0.01381989,  0.01381146,  0.01379884,  0.01378201,
  0.01376098,  0.01373576,  0.01370635,  0.01367277,  0.01363503,
  0.01359313,  0.01354709,  0.01349692,  0.01344265,  0.01338428,
  0.01332183,  0.01325532,  0.01318478,  0.01311022,  0.01303166,
  0.01294914,  0.01286267,  0.01277229,  0.01267801,  0.01257987,
  0.0124779 ,  0.01237213,  0.01226259,  0.01214931,  0.01203234,
  0.0119117 ,  0.01178743,  0.01165957,  0.01152816,  0.01139323,
  0.01125484,  0.01111302,  0.01096781,  0.01081926,  0.01066742,
  0.01051233,  0.01035403,  0.01019258,  0.01002803,  0.00986042,
  0.00968981,  0.00951624,  0.00933978,  0.00916047,  0.00897837,
  0.00879354,  0.00860603,  0.0084159 ,  0.0082232 ,  0.008028  ,
  0.00783035,  0.00763032,  0.00742796,  0.00722335,  0.00701653,
  0.00680757,  0.00659654,  0.0063835 ,  0.00616852,  0.00595165,
  0.00573298,  0.00551256,  0.00529045,  0.00506674,  0.00484148,
  0.00461475,  0.00438662,  0.00415714,  0.0039264 ,  0.00369447,
  0.00346141,  0.00322729,  0.0029922 ,  0.00275619,  0.00251934,
  0.00228172,  0.00204341,  0.00180448,  0.00156499,  0.00132503,
  0.00108467,  0.00084397,  0.00060302,  0.00036189])
nextToPFC_slopes = np.array([-0.00011755, -0.00035262, -0.00058757, -0.00082235, -0.00105688,
 -0.00129108, -0.0015249 , -0.00175825, -0.00199106, -0.00222326,
 -0.00245479, -0.00268557, -0.00291554, -0.00314461, -0.00337273,
 -0.00359982, -0.00382581, -0.00405064, -0.00427423, -0.00449653,
 -0.00471745, -0.00493693, -0.00515491, -0.00537133, -0.0055861 ,
 -0.00579917, -0.00601048, -0.00621996, -0.00642754, -0.00663316,
 -0.00683677, -0.00703829, -0.00723766, -0.00743483, -0.00762974,
 -0.00782232, -0.00801252, -0.00820028, -0.00838555, -0.00856825,
 -0.00874835, -0.00892578, -0.0091005 , -0.00927244, -0.00944156,
 -0.0096078 , -0.00977111, -0.00993145, -0.01008876, -0.010243  ,
 -0.01039412, -0.01054208, -0.01068682, -0.01082831, -0.01096649,
 -0.01110134, -0.01123281, -0.01136085, -0.01148544, -0.01160652,
 -0.01172407, -0.01183805, -0.01194843, -0.01205516, -0.01215822,
 -0.01225758, -0.0123532 , -0.01244506, -0.01253313, -0.01261739,
 -0.0126978 , -0.01277434, -0.01284699, -0.01291572, -0.01298053,
 -0.01304138, -0.01309825, -0.01315114, -0.01320002, -0.01324488,
 -0.0132857 , -0.01332248, -0.0133552 , -0.01338385, -0.01340843,
 -0.01342892, -0.01344532, -0.01345762, -0.01346582, -0.0134668 ,
  0.0134668 ,  0.01346582,  0.01345762,  0.01344532,  0.01342892,
  0.01340843,  0.01338385,  0.0133552 ,  0.01332248,  0.0132857 ,
  0.01324488,  0.01320002,  0.01315114,  0.01309825,  0.01304138,
  0.01298053,  0.01291572,  0.01284699,  0.01277434,  0.0126978 ,
  0.01261739,  0.01253313,  0.01244506,  0.0123532 ,  0.01225758,
  0.01215822,  0.01205516,  0.01194843,  0.01183805,  0.01172407,
  0.01160652,  0.01148544,  0.01136085,  0.01123281,  0.01110134,
  0.01096649,  0.01082831,  0.01068682,  0.01054208,  0.01039412,
  0.010243  ,  0.01008876,  0.00993145,  0.00977111,  0.0096078 ,
  0.00944156,  0.00927244,  0.0091005 ,  0.00892578,  0.00874835,
  0.00856825,  0.00838555,  0.00820028,  0.00801252,  0.00782232,
  0.00762974,  0.00743483,  0.00723766,  0.00703829,  0.00683677,
  0.00663316,  0.00642754,  0.00621996,  0.00601048,  0.00579917,
  0.0055861 ,  0.00537133,  0.00515491,  0.00493693,  0.00471745,
  0.00449653,  0.00427423,  0.00405064,  0.00382581,  0.00359982,
  0.00337273,  0.00314461,  0.00291554,  0.00268557,  0.00245479,
  0.00222326,  0.00199106,  0.00175825,  0.0015249 ,  0.00129108,
  0.00105688,  0.00082235,  0.00058757,  0.00035262,  0.00011755,
 -0.00011755, -0.00035262, -0.00058757, -0.00082235, -0.00105688,
 -0.00129108, -0.0015249 , -0.00175825, -0.00199106, -0.00222326,
 -0.00245479, -0.00268557, -0.00291554, -0.00314461, -0.00337273,
 -0.00359982, -0.00382581, -0.00405064, -0.00427423, -0.00449653,
 -0.00471745, -0.00493693, -0.00515491, -0.00537133, -0.0055861 ,
 -0.00579917, -0.00601048, -0.00621996, -0.00642754, -0.00663316,
 -0.00683677, -0.00703829, -0.00723766, -0.00743483, -0.00762974,
 -0.00782232, -0.00801252, -0.00820028, -0.00838555, -0.00856825,
 -0.00874835, -0.00892578, -0.0091005 , -0.00927244, -0.00944156,
 -0.0096078 , -0.00977111, -0.00993145, -0.01008876, -0.010243  ,
 -0.01039412, -0.01054208, -0.01068682, -0.01082831, -0.01096649,
 -0.01110134, -0.01123281, -0.01136085, -0.01148544, -0.01160652,
 -0.01172407, -0.01183805, -0.01194843, -0.01205516, -0.01215822,
 -0.01225758, -0.0123532 , -0.01244506, -0.01253313, -0.01261739,
 -0.0126978 , -0.01277434, -0.01284699, -0.01291572, -0.01298053,
 -0.01304138, -0.01309825, -0.01315114, -0.01320002, -0.01324488,
 -0.0132857 , -0.01332248, -0.0133552 , -0.01338385, -0.01340843,
 -0.01342892, -0.01344532, -0.01345762, -0.01346582, -0.0134668 ,
  0.0134668 ,  0.01346582,  0.01345762,  0.01344532,  0.01342892,
  0.01340843,  0.01338385,  0.0133552 ,  0.01332248,  0.0132857 ,
  0.01324488,  0.01320002,  0.01315114,  0.01309825,  0.01304138,
  0.01298053,  0.01291572,  0.01284699,  0.01277434,  0.0126978 ,
  0.01261739,  0.01253313,  0.01244506,  0.0123532 ,  0.01225758,
  0.01215822,  0.01205516,  0.01194843,  0.01183805,  0.01172407,
  0.01160652,  0.01148544,  0.01136085,  0.01123281,  0.01110134,
  0.01096649,  0.01082831,  0.01068682,  0.01054208,  0.01039412,
  0.010243  ,  0.01008876,  0.00993145,  0.00977111,  0.0096078 ,
  0.00944156,  0.00927244,  0.0091005 ,  0.00892578,  0.00874835,
  0.00856825,  0.00838555,  0.00820028,  0.00801252,  0.00782232,
  0.00762974,  0.00743483,  0.00723766,  0.00703829,  0.00683677,
  0.00663316,  0.00642754,  0.00621996,  0.00601048,  0.00579917,
  0.0055861 ,  0.00537133,  0.00515491,  0.00493693,  0.00471745,
  0.00449653,  0.00427423,  0.00405064,  0.00382581,  0.00359982,
  0.00337273,  0.00314461,  0.00291554,  0.00268557,  0.00245479,
  0.00222326,  0.00199106,  0.00175825,  0.0015249 ,  0.00129108,
  0.00105688,  0.00082235,  0.00058757,  0.00035262])
hallprobe_slopes = np.array([-0.00011564, -0.00034688, -0.00057802, -0.00080899, -0.0010397 ,
 -0.0012701 , -0.00150012, -0.00172967, -0.0019587 , -0.00218714,
 -0.0024149 , -0.00264193, -0.00286816, -0.00309351, -0.00331792,
 -0.00354132, -0.00376364, -0.00398482, -0.00420478, -0.00442346,
 -0.00464079, -0.00485671, -0.00507115, -0.00528404, -0.00549533,
 -0.00570494, -0.00591281, -0.00611888, -0.00632309, -0.00652537,
 -0.00672567, -0.00692391, -0.00712005, -0.00731402, -0.00750576,
 -0.00769521, -0.00788232, -0.00806703, -0.00824928, -0.00842902,
 -0.00860619, -0.00878074, -0.00895261, -0.00912176, -0.00928813,
 -0.00945167, -0.00961233, -0.00977006, -0.00992482, -0.01007655,
 -0.01022522, -0.01037077, -0.01051316, -0.01065234, -0.01078829,
 -0.01092094, -0.01105027, -0.01117624, -0.0112988 , -0.01141792,
 -0.01153356, -0.01164568, -0.01175426, -0.01185926, -0.01196065,
 -0.01205839, -0.01215246, -0.01224283, -0.01232947, -0.01241235,
 -0.01249145, -0.01256675, -0.01263822, -0.01270584, -0.01276959,
 -0.01282945, -0.0128854 , -0.01293743, -0.01298551, -0.01302965,
 -0.01306981, -0.01310599, -0.01313817, -0.01316636, -0.01319054,
 -0.01321069, -0.01322683, -0.01323893, -0.013247  , -0.01324791,
  0.01324791,  0.013247  ,  0.01323893,  0.01322683,  0.01321069,
  0.01319054,  0.01316636,  0.01313817,  0.01310599,  0.01306981,
  0.01302965,  0.01298551,  0.01293743,  0.0128854 ,  0.01282945,
  0.01276959,  0.01270584,  0.01263822,  0.01256675,  0.01249145,
  0.01241235,  0.01232947,  0.01224283,  0.01215246,  0.01205839,
  0.01196065,  0.01185926,  0.01175426,  0.01164568,  0.01153356,
  0.01141792,  0.0112988 ,  0.01117624,  0.01105027,  0.01092094,
  0.01078829,  0.01065234,  0.01051316,  0.01037077,  0.01022522,
  0.01007655,  0.00992482,  0.00977006,  0.00961233,  0.00945167,
  0.00928813,  0.00912176,  0.00895261,  0.00878074,  0.00860619,
  0.00842902,  0.00824928,  0.00806703,  0.00788232,  0.00769521,
  0.00750576,  0.00731402,  0.00712005,  0.00692391,  0.00672567,
  0.00652537,  0.00632309,  0.00611888,  0.00591281,  0.00570494,
  0.00549533,  0.00528404,  0.00507115,  0.00485671,  0.00464079,
  0.00442346,  0.00420478,  0.00398482,  0.00376364,  0.00354132,
  0.00331792,  0.00309351,  0.00286816,  0.00264193,  0.0024149 ,
  0.00218714,  0.0019587 ,  0.00172967,  0.00150012,  0.0012701 ,
  0.0010397 ,  0.00080899,  0.00057802,  0.00034688,  0.00011564,
 -0.00011564, -0.00034688, -0.00057802, -0.00080899, -0.0010397 ,
 -0.0012701 , -0.00150012, -0.00172967, -0.0019587 , -0.00218714,
 -0.0024149 , -0.00264193, -0.00286816, -0.00309351, -0.00331792,
 -0.00354132, -0.00376364, -0.00398482, -0.00420478, -0.00442346,
 -0.00464079, -0.00485671, -0.00507115, -0.00528404, -0.00549533,
 -0.00570494, -0.00591281, -0.00611888, -0.00632309, -0.00652537,
 -0.00672567, -0.00692391, -0.00712005, -0.00731402, -0.00750576,
 -0.00769521, -0.00788232, -0.00806703, -0.00824928, -0.00842902,
 -0.00860619, -0.00878074, -0.00895261, -0.00912176, -0.00928813,
 -0.00945167, -0.00961233, -0.00977006, -0.00992482, -0.01007655,
 -0.01022522, -0.01037077, -0.01051316, -0.01065234, -0.01078829,
 -0.01092094, -0.01105027, -0.01117624, -0.0112988 , -0.01141792,
 -0.01153356, -0.01164568, -0.01175426, -0.01185926, -0.01196065,
 -0.01205839, -0.01215246, -0.01224283, -0.01232947, -0.01241235,
 -0.01249145, -0.01256675, -0.01263822, -0.01270584, -0.01276959,
 -0.01282945, -0.0128854 , -0.01293743, -0.01298551, -0.01302965,
 -0.01306981, -0.01310599, -0.01313817, -0.01316636, -0.01319054,
 -0.01321069, -0.01322683, -0.01323893, -0.013247  , -0.01324791,
  0.01324791,  0.013247  ,  0.01323893,  0.01322683,  0.01321069,
  0.01319054,  0.01316636,  0.01313817,  0.01310599,  0.01306981,
  0.01302965,  0.01298551,  0.01293743,  0.0128854 ,  0.01282945,
  0.01276959,  0.01270584,  0.01263822,  0.01256675,  0.01249145,
  0.01241235,  0.01232947,  0.01224283,  0.01215246,  0.01205839,
  0.01196065,  0.01185926,  0.01175426,  0.01164568,  0.01153356,
  0.01141792,  0.0112988 ,  0.01117624,  0.01105027,  0.01092094,
  0.01078829,  0.01065234,  0.01051316,  0.01037077,  0.01022522,
  0.01007655,  0.00992482,  0.00977006,  0.00961233,  0.00945167,
  0.00928813,  0.00912176,  0.00895261,  0.00878074,  0.00860619,
  0.00842902,  0.00824928,  0.00806703,  0.00788232,  0.00769521,
  0.00750576,  0.00731402,  0.00712005,  0.00692391,  0.00672567,
  0.00652537,  0.00632309,  0.00611888,  0.00591281,  0.00570494,
  0.00549533,  0.00528404,  0.00507115,  0.00485671,  0.00464079,
  0.00442346,  0.00420478,  0.00398482,  0.00376364,  0.00354132,
  0.00331792,  0.00309351,  0.00286816,  0.00264193,  0.0024149 ,
  0.00218714,  0.0019587 ,  0.00172967,  0.00150012,  0.0012701 ,
  0.0010397 ,  0.00080899,  0.00057802,  0.00034688])
Filename = "i1q3_hires.npy" 
distFromOuterWall = 0.19
kw15 = np.array([2.12125687e-03, 2.12093379e-03, 2.11996466e-03, 2.11834976e-03,
 2.11608960e-03, 2.11318485e-03, 2.10963641e-03, 2.10544535e-03,
 2.10061295e-03, 2.09514068e-03, 2.08903021e-03, 2.08228341e-03,
 2.07490232e-03, 2.06688920e-03, 2.05824648e-03, 2.04897680e-03,
 2.03908298e-03, 2.02856804e-03, 2.01743517e-03, 2.00568778e-03,
 1.99332943e-03, 1.98036390e-03, 1.96679512e-03, 1.95262725e-03,
 1.93786458e-03, 1.92251162e-03, 1.90657305e-03, 1.89005371e-03,
 1.87295865e-03, 1.85529306e-03, 1.83706234e-03, 1.81827203e-03,
 1.79892785e-03, 1.77903571e-03, 1.75860165e-03, 1.73763190e-03,
 1.71613286e-03, 1.69411106e-03, 1.67157323e-03, 1.64852621e-03,
 1.62497704e-03, 1.60093288e-03, 1.57640107e-03, 1.55138907e-03,
 1.52590450e-03, 1.49995512e-03, 1.47354884e-03, 1.44669371e-03,
 1.41939790e-03, 1.39166972e-03, 1.36351763e-03, 1.33495020e-03,
 1.30597614e-03, 1.27660425e-03, 1.24684351e-03, 1.21670296e-03,
 1.18619179e-03, 1.15531930e-03, 1.12409488e-03, 1.09252806e-03,
 1.06062844e-03, 1.02840574e-03, 9.95869779e-04, 9.63030468e-04,
 9.29897808e-04, 8.96481892e-04, 8.62792899e-04, 8.28841092e-04,
 7.94636811e-04, 7.60190476e-04, 7.25512580e-04, 6.90613685e-04,
 6.55504423e-04, 6.20195488e-04, 5.84697635e-04, 5.49021678e-04,
 5.13178484e-04, 4.77178970e-04, 4.41034103e-04, 4.04754893e-04,
 3.68352390e-04, 3.31837684e-04, 2.95221897e-04, 2.58516182e-04,
 2.21731721e-04, 1.84879718e-04, 1.47971399e-04, 1.11018007e-04,
 7.40307972e-05, 3.70210371e-05, 1.29889522e-19, 3.70210371e-05,
 7.40307972e-05, 1.11018007e-04, 1.47971399e-04, 1.84879718e-04,
 2.21731721e-04, 2.58516182e-04, 2.95221897e-04, 3.31837684e-04,
 3.68352390e-04, 4.04754893e-04, 4.41034103e-04, 4.77178970e-04,
 5.13178484e-04, 5.49021678e-04, 5.84697635e-04, 6.20195488e-04,
 6.55504423e-04, 6.90613685e-04, 7.25512580e-04, 7.60190476e-04,
 7.94636811e-04, 8.28841092e-04, 8.62792899e-04, 8.96481892e-04,
 9.29897808e-04, 9.63030468e-04, 9.95869779e-04, 1.02840574e-03,
 1.06062844e-03, 1.09252806e-03, 1.12409488e-03, 1.15531930e-03,
 1.18619179e-03, 1.21670296e-03, 1.24684351e-03, 1.27660425e-03,
 1.30597614e-03, 1.33495020e-03, 1.36351763e-03, 1.39166972e-03,
 1.41939790e-03, 1.44669371e-03, 1.47354884e-03, 1.49995512e-03,
 1.52590450e-03, 1.55138907e-03, 1.57640107e-03, 1.60093288e-03,
 1.62497704e-03, 1.64852621e-03, 1.67157323e-03, 1.69411106e-03,
 1.71613286e-03, 1.73763190e-03, 1.75860165e-03, 1.77903571e-03,
 1.79892785e-03, 1.81827203e-03, 1.83706234e-03, 1.85529306e-03,
 1.87295865e-03, 1.89005371e-03, 1.90657305e-03, 1.92251162e-03,
 1.93786458e-03, 1.95262725e-03, 1.96679512e-03, 1.98036390e-03,
 1.99332943e-03, 2.00568778e-03, 2.01743517e-03, 2.02856804e-03,
 2.03908298e-03, 2.04897680e-03, 2.05824648e-03, 2.06688920e-03,
 2.07490232e-03, 2.08228341e-03, 2.08903021e-03, 2.09514068e-03,
 2.10061295e-03, 2.10544535e-03, 2.10963641e-03, 2.11318485e-03,
 2.11608960e-03, 2.11834976e-03, 2.11996466e-03, 2.12093379e-03,
 2.12125687e-03, 2.12093379e-03, 2.11996466e-03, 2.11834976e-03,
 2.11608960e-03, 2.11318485e-03, 2.10963641e-03, 2.10544535e-03,
 2.10061295e-03, 2.09514068e-03, 2.08903021e-03, 2.08228341e-03,
 2.07490232e-03, 2.06688920e-03, 2.05824648e-03, 2.04897680e-03,
 2.03908298e-03, 2.02856804e-03, 2.01743517e-03, 2.00568778e-03,
 1.99332943e-03, 1.98036390e-03, 1.96679512e-03, 1.95262725e-03,
 1.93786458e-03, 1.92251162e-03, 1.90657305e-03, 1.89005371e-03,
 1.87295865e-03, 1.85529306e-03, 1.83706234e-03, 1.81827203e-03,
 1.79892785e-03, 1.77903571e-03, 1.75860165e-03, 1.73763190e-03,
 1.71613286e-03, 1.69411106e-03, 1.67157323e-03, 1.64852621e-03,
 1.62497704e-03, 1.60093288e-03, 1.57640107e-03, 1.55138907e-03,
 1.52590450e-03, 1.49995512e-03, 1.47354884e-03, 1.44669371e-03,
 1.41939790e-03, 1.39166972e-03, 1.36351763e-03, 1.33495020e-03,
 1.30597614e-03, 1.27660425e-03, 1.24684351e-03, 1.21670296e-03,
 1.18619179e-03, 1.15531930e-03, 1.12409488e-03, 1.09252806e-03,
 1.06062844e-03, 1.02840574e-03, 9.95869779e-04, 9.63030468e-04,
 9.29897808e-04, 8.96481892e-04, 8.62792899e-04, 8.28841092e-04,
 7.94636811e-04, 7.60190476e-04, 7.25512580e-04, 6.90613685e-04,
 6.55504423e-04, 6.20195488e-04, 5.84697635e-04, 5.49021678e-04,
 5.13178484e-04, 4.77178970e-04, 4.41034103e-04, 4.04754893e-04,
 3.68352390e-04, 3.31837684e-04, 2.95221897e-04, 2.58516182e-04,
 2.21731721e-04, 1.84879718e-04, 1.47971399e-04, 1.11018007e-04,
 7.40307972e-05, 3.70210371e-05, 3.89668566e-19, 3.70210371e-05,
 7.40307972e-05, 1.11018007e-04, 1.47971399e-04, 1.84879718e-04,
 2.21731721e-04, 2.58516182e-04, 2.95221897e-04, 3.31837684e-04,
 3.68352390e-04, 4.04754893e-04, 4.41034103e-04, 4.77178970e-04,
 5.13178484e-04, 5.49021678e-04, 5.84697635e-04, 6.20195488e-04,
 6.55504423e-04, 6.90613685e-04, 7.25512580e-04, 7.60190476e-04,
 7.94636811e-04, 8.28841092e-04, 8.62792899e-04, 8.96481892e-04,
 9.29897808e-04, 9.63030468e-04, 9.95869779e-04, 1.02840574e-03,
 1.06062844e-03, 1.09252806e-03, 1.12409488e-03, 1.15531930e-03,
 1.18619179e-03, 1.21670296e-03, 1.24684351e-03, 1.27660425e-03,
 1.30597614e-03, 1.33495020e-03, 1.36351763e-03, 1.39166972e-03,
 1.41939790e-03, 1.44669371e-03, 1.47354884e-03, 1.49995512e-03,
 1.52590450e-03, 1.55138907e-03, 1.57640107e-03, 1.60093288e-03,
 1.62497704e-03, 1.64852621e-03, 1.67157323e-03, 1.69411106e-03,
 1.71613286e-03, 1.73763190e-03, 1.75860165e-03, 1.77903571e-03,
 1.79892785e-03, 1.81827203e-03, 1.83706234e-03, 1.85529306e-03,
 1.87295865e-03, 1.89005371e-03, 1.90657305e-03, 1.92251162e-03,
 1.93786458e-03, 1.95262725e-03, 1.96679512e-03, 1.98036390e-03,
 1.99332943e-03, 2.00568778e-03, 2.01743517e-03, 2.02856804e-03,
 2.03908298e-03, 2.04897680e-03, 2.05824648e-03, 2.06688920e-03,
 2.07490232e-03, 2.08228341e-03, 2.08903021e-03, 2.09514068e-03,
 2.10061295e-03, 2.10544535e-03, 2.10963641e-03, 2.11318485e-03,
 2.11608960e-03, 2.11834976e-03, 2.11996466e-03, 2.12093379e-03])
spec = np.array([2.47545374e-03, 2.47507671e-03, 2.47394576e-03, 2.47206121e-03,
 2.46942366e-03, 2.46603389e-03, 2.46189294e-03, 2.45700208e-03,
 2.45136279e-03, 2.44497679e-03, 2.43784603e-03, 2.42997268e-03,
 2.42135913e-03, 2.41200802e-03, 2.40192218e-03, 2.39110470e-03,
 2.37955886e-03, 2.36728818e-03, 2.35429641e-03, 2.34058749e-03,
 2.32616561e-03, 2.31103515e-03, 2.29520074e-03, 2.27866718e-03,
 2.26143952e-03, 2.24352300e-03, 2.22492308e-03, 2.20564543e-03,
 2.18569592e-03, 2.16508062e-03, 2.14380582e-03, 2.12187800e-03,
 2.09930383e-03, 2.07609019e-03, 2.05224416e-03, 2.02777299e-03,
 2.00268414e-03, 1.97698526e-03, 1.95068416e-03, 1.92378887e-03,
 1.89630758e-03, 1.86824865e-03, 1.83962063e-03, 1.81043225e-03,
 1.78069240e-03, 1.75041012e-03, 1.71959466e-03, 1.68825539e-03,
 1.65640186e-03, 1.62404377e-03, 1.59119099e-03, 1.55785351e-03,
 1.52404150e-03, 1.48976525e-03, 1.45503520e-03, 1.41986193e-03,
 1.38425616e-03, 1.34822873e-03, 1.31179062e-03, 1.27495293e-03,
 1.23772687e-03, 1.20012379e-03, 1.16215513e-03, 1.12383248e-03,
 1.08516749e-03, 1.04617195e-03, 1.00685774e-03, 9.67236832e-04,
 9.27321291e-04, 8.87123280e-04, 8.46655042e-04, 8.05928904e-04,
 7.64957273e-04, 7.23752629e-04, 6.82327522e-04, 6.40694572e-04,
 5.98866460e-04, 5.56855928e-04, 5.14675772e-04, 4.72338840e-04,
 4.29858030e-04, 3.87246281e-04, 3.44516573e-04, 3.01681921e-04,
 2.58755375e-04, 2.15750009e-04, 1.72678924e-04, 1.29555238e-04,
 8.63920895e-05, 4.32026247e-05, 1.51577825e-19, 4.32026247e-05,
 8.63920895e-05, 1.29555238e-04, 1.72678924e-04, 2.15750009e-04,
 2.58755375e-04, 3.01681921e-04, 3.44516573e-04, 3.87246281e-04,
 4.29858030e-04, 4.72338840e-04, 5.14675772e-04, 5.56855928e-04,
 5.98866460e-04, 6.40694572e-04, 6.82327522e-04, 7.23752629e-04,
 7.64957273e-04, 8.05928904e-04, 8.46655042e-04, 8.87123280e-04,
 9.27321291e-04, 9.67236832e-04, 1.00685774e-03, 1.04617195e-03,
 1.08516749e-03, 1.12383248e-03, 1.16215513e-03, 1.20012379e-03,
 1.23772687e-03, 1.27495293e-03, 1.31179062e-03, 1.34822873e-03,
 1.38425616e-03, 1.41986193e-03, 1.45503520e-03, 1.48976525e-03,
 1.52404150e-03, 1.55785351e-03, 1.59119099e-03, 1.62404377e-03,
 1.65640186e-03, 1.68825539e-03, 1.71959466e-03, 1.75041012e-03,
 1.78069240e-03, 1.81043225e-03, 1.83962063e-03, 1.86824865e-03,
 1.89630758e-03, 1.92378887e-03, 1.95068416e-03, 1.97698526e-03,
 2.00268414e-03, 2.02777299e-03, 2.05224416e-03, 2.07609019e-03,
 2.09930383e-03, 2.12187800e-03, 2.14380582e-03, 2.16508062e-03,
 2.18569592e-03, 2.20564543e-03, 2.22492308e-03, 2.24352300e-03,
 2.26143952e-03, 2.27866718e-03, 2.29520074e-03, 2.31103515e-03,
 2.32616561e-03, 2.34058749e-03, 2.35429641e-03, 2.36728818e-03,
 2.37955886e-03, 2.39110470e-03, 2.40192218e-03, 2.41200802e-03,
 2.42135913e-03, 2.42997268e-03, 2.43784603e-03, 2.44497679e-03,
 2.45136279e-03, 2.45700208e-03, 2.46189294e-03, 2.46603389e-03,
 2.46942366e-03, 2.47206121e-03, 2.47394576e-03, 2.47507671e-03,
 2.47545374e-03, 2.47507671e-03, 2.47394576e-03, 2.47206121e-03,
 2.46942366e-03, 2.46603389e-03, 2.46189294e-03, 2.45700208e-03,
 2.45136279e-03, 2.44497679e-03, 2.43784603e-03, 2.42997268e-03,
 2.42135913e-03, 2.41200802e-03, 2.40192218e-03, 2.39110470e-03,
 2.37955886e-03, 2.36728818e-03, 2.35429641e-03, 2.34058749e-03,
 2.32616561e-03, 2.31103515e-03, 2.29520074e-03, 2.27866718e-03,
 2.26143952e-03, 2.24352300e-03, 2.22492308e-03, 2.20564543e-03,
 2.18569592e-03, 2.16508062e-03, 2.14380582e-03, 2.12187800e-03,
 2.09930383e-03, 2.07609019e-03, 2.05224416e-03, 2.02777299e-03,
 2.00268414e-03, 1.97698526e-03, 1.95068416e-03, 1.92378887e-03,
 1.89630758e-03, 1.86824865e-03, 1.83962063e-03, 1.81043225e-03,
 1.78069240e-03, 1.75041012e-03, 1.71959466e-03, 1.68825539e-03,
 1.65640186e-03, 1.62404377e-03, 1.59119099e-03, 1.55785351e-03,
 1.52404150e-03, 1.48976525e-03, 1.45503520e-03, 1.41986193e-03,
 1.38425616e-03, 1.34822873e-03, 1.31179062e-03, 1.27495293e-03,
 1.23772687e-03, 1.20012379e-03, 1.16215513e-03, 1.12383248e-03,
 1.08516749e-03, 1.04617195e-03, 1.00685774e-03, 9.67236832e-04,
 9.27321291e-04, 8.87123280e-04, 8.46655042e-04, 8.05928904e-04,
 7.64957273e-04, 7.23752629e-04, 6.82327522e-04, 6.40694572e-04,
 5.98866460e-04, 5.56855928e-04, 5.14675772e-04, 4.72338840e-04,
 4.29858030e-04, 3.87246281e-04, 3.44516573e-04, 3.01681921e-04,
 2.58755375e-04, 2.15750009e-04, 1.72678924e-04, 1.29555238e-04,
 8.63920895e-05, 4.32026247e-05, 4.54733474e-19, 4.32026247e-05,
 8.63920895e-05, 1.29555238e-04, 1.72678924e-04, 2.15750009e-04,
 2.58755375e-04, 3.01681921e-04, 3.44516573e-04, 3.87246281e-04,
 4.29858030e-04, 4.72338840e-04, 5.14675772e-04, 5.56855928e-04,
 5.98866460e-04, 6.40694572e-04, 6.82327522e-04, 7.23752629e-04,
 7.64957273e-04, 8.05928904e-04, 8.46655042e-04, 8.87123280e-04,
 9.27321291e-04, 9.67236832e-04, 1.00685774e-03, 1.04617195e-03,
 1.08516749e-03, 1.12383248e-03, 1.16215513e-03, 1.20012379e-03,
 1.23772687e-03, 1.27495293e-03, 1.31179062e-03, 1.34822873e-03,
 1.38425616e-03, 1.41986193e-03, 1.45503520e-03, 1.48976525e-03,
 1.52404150e-03, 1.55785351e-03, 1.59119099e-03, 1.62404377e-03,
 1.65640186e-03, 1.68825539e-03, 1.71959466e-03, 1.75041012e-03,
 1.78069240e-03, 1.81043225e-03, 1.83962063e-03, 1.86824865e-03,
 1.89630758e-03, 1.92378887e-03, 1.95068416e-03, 1.97698526e-03,
 2.00268414e-03, 2.02777299e-03, 2.05224416e-03, 2.07609019e-03,
 2.09930383e-03, 2.12187800e-03, 2.14380582e-03, 2.16508062e-03,
 2.18569592e-03, 2.20564543e-03, 2.22492308e-03, 2.24352300e-03,
 2.26143952e-03, 2.27866718e-03, 2.29520074e-03, 2.31103515e-03,
 2.32616561e-03, 2.34058749e-03, 2.35429641e-03, 2.36728818e-03,
 2.37955886e-03, 2.39110470e-03, 2.40192218e-03, 2.41200802e-03,
 2.42135913e-03, 2.42997268e-03, 2.43784603e-03, 2.44497679e-03,
 2.45136279e-03, 2.45700208e-03, 2.46189294e-03, 2.46603389e-03,
 2.46942366e-03, 2.47206121e-03, 2.47394576e-03, 2.47507671e-03])
nextToPFC = np.array([2.12126691e-03, 2.12094383e-03, 2.11997469e-03, 2.11835979e-03,
 2.11609961e-03, 2.11319485e-03, 2.10964639e-03, 2.10545531e-03,
 2.10062289e-03, 2.09515060e-03, 2.08904010e-03, 2.08229326e-03,
 2.07491214e-03, 2.06689898e-03, 2.05825622e-03, 2.04898649e-03,
 2.03909263e-03, 2.02857764e-03, 2.01744472e-03, 2.00569727e-03,
 1.99333886e-03, 1.98037327e-03, 1.96680443e-03, 1.95263649e-03,
 1.93787375e-03, 1.92252072e-03, 1.90658207e-03, 1.89006266e-03,
 1.87296751e-03, 1.85530184e-03, 1.83707103e-03, 1.81828063e-03,
 1.79893637e-03, 1.77904413e-03, 1.75860997e-03, 1.73764013e-03,
 1.71614098e-03, 1.69411908e-03, 1.67158114e-03, 1.64853401e-03,
 1.62498473e-03, 1.60094046e-03, 1.57640853e-03, 1.55139641e-03,
 1.52591172e-03, 1.49996222e-03, 1.47355582e-03, 1.44670055e-03,
 1.41940461e-03, 1.39167631e-03, 1.36352409e-03, 1.33495652e-03,
 1.30598232e-03, 1.27661030e-03, 1.24684941e-03, 1.21670872e-03,
 1.18619740e-03, 1.15532476e-03, 1.12410020e-03, 1.09253323e-03,
 1.06063346e-03, 1.02841061e-03, 9.95874492e-04, 9.63035025e-04,
 9.29902209e-04, 8.96486135e-04, 8.62796983e-04, 8.28845014e-04,
 7.94640571e-04, 7.60194073e-04, 7.25516013e-04, 6.90616953e-04,
 6.55507525e-04, 6.20198423e-04, 5.84700402e-04, 5.49024276e-04,
 5.13180912e-04, 4.77181228e-04, 4.41036190e-04, 4.04756808e-04,
 3.68354134e-04, 3.31839254e-04, 2.95223294e-04, 2.58517406e-04,
 2.21732770e-04, 1.84880593e-04, 1.47972100e-04, 1.11018532e-04,
 7.40311476e-05, 3.70212123e-05, 1.29890137e-19, 3.70212123e-05,
 7.40311476e-05, 1.11018532e-04, 1.47972100e-04, 1.84880593e-04,
 2.21732770e-04, 2.58517406e-04, 2.95223294e-04, 3.31839254e-04,
 3.68354134e-04, 4.04756808e-04, 4.41036190e-04, 4.77181228e-04,
 5.13180912e-04, 5.49024276e-04, 5.84700402e-04, 6.20198423e-04,
 6.55507525e-04, 6.90616953e-04, 7.25516013e-04, 7.60194073e-04,
 7.94640571e-04, 8.28845014e-04, 8.62796983e-04, 8.96486135e-04,
 9.29902209e-04, 9.63035025e-04, 9.95874492e-04, 1.02841061e-03,
 1.06063346e-03, 1.09253323e-03, 1.12410020e-03, 1.15532476e-03,
 1.18619740e-03, 1.21670872e-03, 1.24684941e-03, 1.27661030e-03,
 1.30598232e-03, 1.33495652e-03, 1.36352409e-03, 1.39167631e-03,
 1.41940461e-03, 1.44670055e-03, 1.47355582e-03, 1.49996222e-03,
 1.52591172e-03, 1.55139641e-03, 1.57640853e-03, 1.60094046e-03,
 1.62498473e-03, 1.64853401e-03, 1.67158114e-03, 1.69411908e-03,
 1.71614098e-03, 1.73764013e-03, 1.75860997e-03, 1.77904413e-03,
 1.79893637e-03, 1.81828063e-03, 1.83707103e-03, 1.85530184e-03,
 1.87296751e-03, 1.89006266e-03, 1.90658207e-03, 1.92252072e-03,
 1.93787375e-03, 1.95263649e-03, 1.96680443e-03, 1.98037327e-03,
 1.99333886e-03, 2.00569727e-03, 2.01744472e-03, 2.02857764e-03,
 2.03909263e-03, 2.04898649e-03, 2.05825622e-03, 2.06689898e-03,
 2.07491214e-03, 2.08229326e-03, 2.08904010e-03, 2.09515060e-03,
 2.10062289e-03, 2.10545531e-03, 2.10964639e-03, 2.11319485e-03,
 2.11609961e-03, 2.11835979e-03, 2.11997469e-03, 2.12094383e-03,
 2.12126691e-03, 2.12094383e-03, 2.11997469e-03, 2.11835979e-03,
 2.11609961e-03, 2.11319485e-03, 2.10964639e-03, 2.10545531e-03,
 2.10062289e-03, 2.09515060e-03, 2.08904010e-03, 2.08229326e-03,
 2.07491214e-03, 2.06689898e-03, 2.05825622e-03, 2.04898649e-03,
 2.03909263e-03, 2.02857764e-03, 2.01744472e-03, 2.00569727e-03,
 1.99333886e-03, 1.98037327e-03, 1.96680443e-03, 1.95263649e-03,
 1.93787375e-03, 1.92252072e-03, 1.90658207e-03, 1.89006266e-03,
 1.87296751e-03, 1.85530184e-03, 1.83707103e-03, 1.81828063e-03,
 1.79893637e-03, 1.77904413e-03, 1.75860997e-03, 1.73764013e-03,
 1.71614098e-03, 1.69411908e-03, 1.67158114e-03, 1.64853401e-03,
 1.62498473e-03, 1.60094046e-03, 1.57640853e-03, 1.55139641e-03,
 1.52591172e-03, 1.49996222e-03, 1.47355582e-03, 1.44670055e-03,
 1.41940461e-03, 1.39167631e-03, 1.36352409e-03, 1.33495652e-03,
 1.30598232e-03, 1.27661030e-03, 1.24684941e-03, 1.21670872e-03,
 1.18619740e-03, 1.15532476e-03, 1.12410020e-03, 1.09253323e-03,
 1.06063346e-03, 1.02841061e-03, 9.95874492e-04, 9.63035025e-04,
 9.29902209e-04, 8.96486135e-04, 8.62796983e-04, 8.28845014e-04,
 7.94640571e-04, 7.60194073e-04, 7.25516013e-04, 6.90616953e-04,
 6.55507525e-04, 6.20198423e-04, 5.84700402e-04, 5.49024276e-04,
 5.13180912e-04, 4.77181228e-04, 4.41036190e-04, 4.04756808e-04,
 3.68354134e-04, 3.31839254e-04, 2.95223294e-04, 2.58517406e-04,
 2.21732770e-04, 1.84880593e-04, 1.47972100e-04, 1.11018532e-04,
 7.40311476e-05, 3.70212123e-05, 3.89670410e-19, 3.70212123e-05,
 7.40311476e-05, 1.11018532e-04, 1.47972100e-04, 1.84880593e-04,
 2.21732770e-04, 2.58517406e-04, 2.95223294e-04, 3.31839254e-04,
 3.68354134e-04, 4.04756808e-04, 4.41036190e-04, 4.77181228e-04,
 5.13180912e-04, 5.49024276e-04, 5.84700402e-04, 6.20198423e-04,
 6.55507525e-04, 6.90616953e-04, 7.25516013e-04, 7.60194073e-04,
 7.94640571e-04, 8.28845014e-04, 8.62796983e-04, 8.96486135e-04,
 9.29902209e-04, 9.63035025e-04, 9.95874492e-04, 1.02841061e-03,
 1.06063346e-03, 1.09253323e-03, 1.12410020e-03, 1.15532476e-03,
 1.18619740e-03, 1.21670872e-03, 1.24684941e-03, 1.27661030e-03,
 1.30598232e-03, 1.33495652e-03, 1.36352409e-03, 1.39167631e-03,
 1.41940461e-03, 1.44670055e-03, 1.47355582e-03, 1.49996222e-03,
 1.52591172e-03, 1.55139641e-03, 1.57640853e-03, 1.60094046e-03,
 1.62498473e-03, 1.64853401e-03, 1.67158114e-03, 1.69411908e-03,
 1.71614098e-03, 1.73764013e-03, 1.75860997e-03, 1.77904413e-03,
 1.79893637e-03, 1.81828063e-03, 1.83707103e-03, 1.85530184e-03,
 1.87296751e-03, 1.89006266e-03, 1.90658207e-03, 1.92252072e-03,
 1.93787375e-03, 1.95263649e-03, 1.96680443e-03, 1.98037327e-03,
 1.99333886e-03, 2.00569727e-03, 2.01744472e-03, 2.02857764e-03,
 2.03909263e-03, 2.04898649e-03, 2.05825622e-03, 2.06689898e-03,
 2.07491214e-03, 2.08229326e-03, 2.08904010e-03, 2.09515060e-03,
 2.10062289e-03, 2.10545531e-03, 2.10964639e-03, 2.11319485e-03,
 2.11609961e-03, 2.11835979e-03, 2.11997469e-03, 2.12094383e-03])
hallprobe = np.array([1.90236742e-03, 1.90207768e-03, 1.90120854e-03, 1.89976029e-03,
 1.89773334e-03, 1.89512833e-03, 1.89194605e-03, 1.88818746e-03,
 1.88385371e-03, 1.87894612e-03, 1.87346618e-03, 1.86741557e-03,
 1.86079612e-03, 1.85360986e-03, 1.84585897e-03, 1.83754582e-03,
 1.82867293e-03, 1.81924301e-03, 1.80925893e-03, 1.79872373e-03,
 1.78764062e-03, 1.77601298e-03, 1.76384435e-03, 1.75113844e-03,
 1.73789911e-03, 1.72413040e-03, 1.70983651e-03, 1.69502178e-03,
 1.67969073e-03, 1.66384803e-03, 1.64749851e-03, 1.63064714e-03,
 1.61329906e-03, 1.59545956e-03, 1.57713406e-03, 1.55832816e-03,
 1.53904757e-03, 1.51929817e-03, 1.49908598e-03, 1.47841715e-03,
 1.45729799e-03, 1.43573491e-03, 1.41373450e-03, 1.39130345e-03,
 1.36844860e-03, 1.34517690e-03, 1.32149545e-03, 1.29741146e-03,
 1.27293226e-03, 1.24806532e-03, 1.22281820e-03, 1.19719861e-03,
 1.17121433e-03, 1.14487329e-03, 1.11818351e-03, 1.09115312e-03,
 1.06379036e-03, 1.03610355e-03, 1.00810114e-03, 9.79791651e-04,
 9.51183708e-04, 9.22286024e-04, 8.93107403e-04, 8.63656734e-04,
 8.33942985e-04, 8.03975210e-04, 7.73762536e-04, 7.43314167e-04,
 7.12639377e-04, 6.81747510e-04, 6.50647976e-04, 6.19350248e-04,
 5.87863861e-04, 5.56198404e-04, 5.24363524e-04, 4.92368918e-04,
 4.60224331e-04, 4.27939556e-04, 3.95524426e-04, 3.62988815e-04,
 3.30342635e-04, 2.97595829e-04, 2.64758372e-04, 2.31840268e-04,
 1.98851542e-04, 1.65802245e-04, 1.32702443e-04, 9.95622178e-05,
 6.63916653e-05, 3.32008893e-05, 1.16486408e-19, 3.32008893e-05,
 6.63916653e-05, 9.95622178e-05, 1.32702443e-04, 1.65802245e-04,
 1.98851542e-04, 2.31840268e-04, 2.64758372e-04, 2.97595829e-04,
 3.30342635e-04, 3.62988815e-04, 3.95524426e-04, 4.27939556e-04,
 4.60224331e-04, 4.92368918e-04, 5.24363524e-04, 5.56198404e-04,
 5.87863861e-04, 6.19350248e-04, 6.50647976e-04, 6.81747510e-04,
 7.12639377e-04, 7.43314167e-04, 7.73762536e-04, 8.03975210e-04,
 8.33942985e-04, 8.63656734e-04, 8.93107403e-04, 9.22286024e-04,
 9.51183708e-04, 9.79791651e-04, 1.00810114e-03, 1.03610355e-03,
 1.06379036e-03, 1.09115312e-03, 1.11818351e-03, 1.14487329e-03,
 1.17121433e-03, 1.19719861e-03, 1.22281820e-03, 1.24806532e-03,
 1.27293226e-03, 1.29741146e-03, 1.32149545e-03, 1.34517690e-03,
 1.36844860e-03, 1.39130345e-03, 1.41373450e-03, 1.43573491e-03,
 1.45729799e-03, 1.47841715e-03, 1.49908598e-03, 1.51929817e-03,
 1.53904757e-03, 1.55832816e-03, 1.57713406e-03, 1.59545956e-03,
 1.61329906e-03, 1.63064714e-03, 1.64749851e-03, 1.66384803e-03,
 1.67969073e-03, 1.69502178e-03, 1.70983651e-03, 1.72413040e-03,
 1.73789911e-03, 1.75113844e-03, 1.76384435e-03, 1.77601298e-03,
 1.78764062e-03, 1.79872373e-03, 1.80925893e-03, 1.81924301e-03,
 1.82867293e-03, 1.83754582e-03, 1.84585897e-03, 1.85360986e-03,
 1.86079612e-03, 1.86741557e-03, 1.87346618e-03, 1.87894612e-03,
 1.88385371e-03, 1.88818746e-03, 1.89194605e-03, 1.89512833e-03,
 1.89773334e-03, 1.89976029e-03, 1.90120854e-03, 1.90207768e-03,
 1.90236742e-03, 1.90207768e-03, 1.90120854e-03, 1.89976029e-03,
 1.89773334e-03, 1.89512833e-03, 1.89194605e-03, 1.88818746e-03,
 1.88385371e-03, 1.87894612e-03, 1.87346618e-03, 1.86741557e-03,
 1.86079612e-03, 1.85360986e-03, 1.84585897e-03, 1.83754582e-03,
 1.82867293e-03, 1.81924301e-03, 1.80925893e-03, 1.79872373e-03,
 1.78764062e-03, 1.77601298e-03, 1.76384435e-03, 1.75113844e-03,
 1.73789911e-03, 1.72413040e-03, 1.70983651e-03, 1.69502178e-03,
 1.67969073e-03, 1.66384803e-03, 1.64749851e-03, 1.63064714e-03,
 1.61329906e-03, 1.59545956e-03, 1.57713406e-03, 1.55832816e-03,
 1.53904757e-03, 1.51929817e-03, 1.49908598e-03, 1.47841715e-03,
 1.45729799e-03, 1.43573491e-03, 1.41373450e-03, 1.39130345e-03,
 1.36844860e-03, 1.34517690e-03, 1.32149545e-03, 1.29741146e-03,
 1.27293226e-03, 1.24806532e-03, 1.22281820e-03, 1.19719861e-03,
 1.17121433e-03, 1.14487329e-03, 1.11818351e-03, 1.09115312e-03,
 1.06379036e-03, 1.03610355e-03, 1.00810114e-03, 9.79791651e-04,
 9.51183708e-04, 9.22286024e-04, 8.93107403e-04, 8.63656734e-04,
 8.33942985e-04, 8.03975210e-04, 7.73762536e-04, 7.43314167e-04,
 7.12639377e-04, 6.81747510e-04, 6.50647976e-04, 6.19350248e-04,
 5.87863861e-04, 5.56198404e-04, 5.24363524e-04, 4.92368918e-04,
 4.60224331e-04, 4.27939556e-04, 3.95524426e-04, 3.62988815e-04,
 3.30342635e-04, 2.97595829e-04, 2.64758372e-04, 2.31840268e-04,
 1.98851542e-04, 1.65802245e-04, 1.32702443e-04, 9.95622178e-05,
 6.63916653e-05, 3.32008893e-05, 3.49459225e-19, 3.32008893e-05,
 6.63916653e-05, 9.95622178e-05, 1.32702443e-04, 1.65802245e-04,
 1.98851542e-04, 2.31840268e-04, 2.64758372e-04, 2.97595829e-04,
 3.30342635e-04, 3.62988815e-04, 3.95524426e-04, 4.27939556e-04,
 4.60224331e-04, 4.92368918e-04, 5.24363524e-04, 5.56198404e-04,
 5.87863861e-04, 6.19350248e-04, 6.50647976e-04, 6.81747510e-04,
 7.12639377e-04, 7.43314167e-04, 7.73762536e-04, 8.03975210e-04,
 8.33942985e-04, 8.63656734e-04, 8.93107403e-04, 9.22286024e-04,
 9.51183708e-04, 9.79791651e-04, 1.00810114e-03, 1.03610355e-03,
 1.06379036e-03, 1.09115312e-03, 1.11818351e-03, 1.14487329e-03,
 1.17121433e-03, 1.19719861e-03, 1.22281820e-03, 1.24806532e-03,
 1.27293226e-03, 1.29741146e-03, 1.32149545e-03, 1.34517690e-03,
 1.36844860e-03, 1.39130345e-03, 1.41373450e-03, 1.43573491e-03,
 1.45729799e-03, 1.47841715e-03, 1.49908598e-03, 1.51929817e-03,
 1.53904757e-03, 1.55832816e-03, 1.57713406e-03, 1.59545956e-03,
 1.61329906e-03, 1.63064714e-03, 1.64749851e-03, 1.66384803e-03,
 1.67969073e-03, 1.69502178e-03, 1.70983651e-03, 1.72413040e-03,
 1.73789911e-03, 1.75113844e-03, 1.76384435e-03, 1.77601298e-03,
 1.78764062e-03, 1.79872373e-03, 1.80925893e-03, 1.81924301e-03,
 1.82867293e-03, 1.83754582e-03, 1.84585897e-03, 1.85360986e-03,
 1.86079612e-03, 1.86741557e-03, 1.87346618e-03, 1.87894612e-03,
 1.88385371e-03, 1.88818746e-03, 1.89194605e-03, 1.89512833e-03,
 1.89773334e-03, 1.89976029e-03, 1.90120854e-03, 1.90207768e-03])
kw15_slopes = np.array([-1.85109884e-05, -5.55273267e-05, -9.25267508e-05, -1.29497990e-04,
 -1.66429784e-04, -2.03310881e-04, -2.40130047e-04, -2.76876068e-04,
 -3.13537750e-04, -3.50103925e-04, -3.86563454e-04, -4.22905233e-04,
 -4.59118191e-04, -4.95191297e-04, -5.31113563e-04, -5.66874047e-04,
 -6.02461855e-04, -6.37866148e-04, -6.73076140e-04, -7.08081107e-04,
 -7.42870385e-04, -7.77433378e-04, -8.11759558e-04, -8.45838467e-04,
 -8.79659726e-04, -9.13213032e-04, -9.46488164e-04, -9.79474987e-04,
 -1.01216345e-03, -1.04454360e-03, -1.07660558e-03, -1.10833960e-03,
 -1.13973602e-03, -1.17078526e-03, -1.20147787e-03, -1.23180450e-03,
 -1.26175591e-03, -1.29132297e-03, -1.32049669e-03, -1.34926817e-03,
 -1.37762865e-03, -1.40556949e-03, -1.43308218e-03, -1.46015834e-03,
 -1.48678972e-03, -1.51296821e-03, -1.53868584e-03, -1.56393477e-03,
 -1.58870731e-03, -1.61299591e-03, -1.63679318e-03, -1.66009186e-03,
 -1.68288487e-03, -1.70516525e-03, -1.72692622e-03, -1.74816115e-03,
 -1.76886358e-03, -1.78902719e-03, -1.80864585e-03, -1.82771358e-03,
 -1.84622457e-03, -1.86417318e-03, -1.88155394e-03, -1.89836157e-03,
 -1.91459094e-03, -1.93023710e-03, -1.94529529e-03, -1.95976093e-03,
 -1.97362961e-03, -1.98689710e-03, -1.99955936e-03, -2.01161254e-03,
 -2.02305296e-03, -2.03387714e-03, -2.04408178e-03, -2.05366377e-03,
 -2.06262020e-03, -2.07094833e-03, -2.07864563e-03, -2.08570976e-03,
 -2.09213856e-03, -2.09793007e-03, -2.10308253e-03, -2.10759438e-03,
 -2.11146423e-03, -2.11469090e-03, -2.11727343e-03, -2.11921101e-03,
 -2.12050306e-03, -2.12114918e-03,  2.12114918e-03,  2.12050306e-03,
  2.11921101e-03,  2.11727343e-03,  2.11469090e-03,  2.11146423e-03,
  2.10759438e-03,  2.10308253e-03,  2.09793007e-03,  2.09213856e-03,
  2.08570976e-03,  2.07864563e-03,  2.07094833e-03,  2.06262020e-03,
  2.05366377e-03,  2.04408178e-03,  2.03387714e-03,  2.02305296e-03,
  2.01161254e-03,  1.99955936e-03,  1.98689710e-03,  1.97362961e-03,
  1.95976093e-03,  1.94529529e-03,  1.93023710e-03,  1.91459094e-03,
  1.89836157e-03,  1.88155394e-03,  1.86417318e-03,  1.84622457e-03,
  1.82771358e-03,  1.80864585e-03,  1.78902719e-03,  1.76886358e-03,
  1.74816115e-03,  1.72692622e-03,  1.70516525e-03,  1.68288487e-03,
  1.66009186e-03,  1.63679318e-03,  1.61299591e-03,  1.58870731e-03,
  1.56393477e-03,  1.53868584e-03,  1.51296821e-03,  1.48678972e-03,
  1.46015834e-03,  1.43308218e-03,  1.40556949e-03,  1.37762865e-03,
  1.34926817e-03,  1.32049669e-03,  1.29132297e-03,  1.26175591e-03,
  1.23180450e-03,  1.20147787e-03,  1.17078526e-03,  1.13973602e-03,
  1.10833960e-03,  1.07660558e-03,  1.04454360e-03,  1.01216345e-03,
  9.79474987e-04,  9.46488164e-04,  9.13213032e-04,  8.79659726e-04,
  8.45838467e-04,  8.11759558e-04,  7.77433378e-04,  7.42870385e-04,
  7.08081107e-04,  6.73076140e-04,  6.37866148e-04,  6.02461855e-04,
  5.66874047e-04,  5.31113563e-04,  4.95191297e-04,  4.59118191e-04,
  4.22905233e-04,  3.86563454e-04,  3.50103925e-04,  3.13537750e-04,
  2.76876068e-04,  2.40130047e-04,  2.03310881e-04,  1.66429784e-04,
  1.29497990e-04,  9.25267508e-05,  5.55273267e-05,  1.85109884e-05,
 -1.85109884e-05, -5.55273267e-05, -9.25267508e-05, -1.29497990e-04,
 -1.66429784e-04, -2.03310881e-04, -2.40130047e-04, -2.76876068e-04,
 -3.13537750e-04, -3.50103925e-04, -3.86563454e-04, -4.22905233e-04,
 -4.59118191e-04, -4.95191297e-04, -5.31113563e-04, -5.66874047e-04,
 -6.02461855e-04, -6.37866148e-04, -6.73076140e-04, -7.08081107e-04,
 -7.42870385e-04, -7.77433378e-04, -8.11759558e-04, -8.45838467e-04,
 -8.79659726e-04, -9.13213032e-04, -9.46488164e-04, -9.79474987e-04,
 -1.01216345e-03, -1.04454360e-03, -1.07660558e-03, -1.10833960e-03,
 -1.13973602e-03, -1.17078526e-03, -1.20147787e-03, -1.23180450e-03,
 -1.26175591e-03, -1.29132297e-03, -1.32049669e-03, -1.34926817e-03,
 -1.37762865e-03, -1.40556949e-03, -1.43308218e-03, -1.46015834e-03,
 -1.48678972e-03, -1.51296821e-03, -1.53868584e-03, -1.56393477e-03,
 -1.58870731e-03, -1.61299591e-03, -1.63679318e-03, -1.66009186e-03,
 -1.68288487e-03, -1.70516525e-03, -1.72692622e-03, -1.74816115e-03,
 -1.76886358e-03, -1.78902719e-03, -1.80864585e-03, -1.82771358e-03,
 -1.84622457e-03, -1.86417318e-03, -1.88155394e-03, -1.89836157e-03,
 -1.91459094e-03, -1.93023710e-03, -1.94529529e-03, -1.95976093e-03,
 -1.97362961e-03, -1.98689710e-03, -1.99955936e-03, -2.01161254e-03,
 -2.02305296e-03, -2.03387714e-03, -2.04408178e-03, -2.05366377e-03,
 -2.06262020e-03, -2.07094833e-03, -2.07864563e-03, -2.08570976e-03,
 -2.09213856e-03, -2.09793007e-03, -2.10308253e-03, -2.10759438e-03,
 -2.11146423e-03, -2.11469090e-03, -2.11727343e-03, -2.11921101e-03,
 -2.12050306e-03, -2.12114918e-03,  2.12114918e-03,  2.12050306e-03,
  2.11921101e-03,  2.11727343e-03,  2.11469090e-03,  2.11146423e-03,
  2.10759438e-03,  2.10308253e-03,  2.09793007e-03,  2.09213856e-03,
  2.08570976e-03,  2.07864563e-03,  2.07094833e-03,  2.06262020e-03,
  2.05366377e-03,  2.04408178e-03,  2.03387714e-03,  2.02305296e-03,
  2.01161254e-03,  1.99955936e-03,  1.98689710e-03,  1.97362961e-03,
  1.95976093e-03,  1.94529529e-03,  1.93023710e-03,  1.91459094e-03,
  1.89836157e-03,  1.88155394e-03,  1.86417318e-03,  1.84622457e-03,
  1.82771358e-03,  1.80864585e-03,  1.78902719e-03,  1.76886358e-03,
  1.74816115e-03,  1.72692622e-03,  1.70516525e-03,  1.68288487e-03,
  1.66009186e-03,  1.63679318e-03,  1.61299591e-03,  1.58870731e-03,
  1.56393477e-03,  1.53868584e-03,  1.51296821e-03,  1.48678972e-03,
  1.46015834e-03,  1.43308218e-03,  1.40556949e-03,  1.37762865e-03,
  1.34926817e-03,  1.32049669e-03,  1.29132297e-03,  1.26175591e-03,
  1.23180450e-03,  1.20147787e-03,  1.17078526e-03,  1.13973602e-03,
  1.10833960e-03,  1.07660558e-03,  1.04454360e-03,  1.01216345e-03,
  9.79474987e-04,  9.46488164e-04,  9.13213032e-04,  8.79659726e-04,
  8.45838467e-04,  8.11759558e-04,  7.77433378e-04,  7.42870385e-04,
  7.08081107e-04,  6.73076140e-04,  6.37866148e-04,  6.02461855e-04,
  5.66874047e-04,  5.31113563e-04,  4.95191297e-04,  4.59118191e-04,
  4.22905233e-04,  3.86563454e-04,  3.50103925e-04,  3.13537750e-04,
  2.76876068e-04,  2.40130047e-04,  2.03310881e-04,  1.66429784e-04,
  1.29497990e-04,  9.25267508e-05,  5.55273267e-05])
spec_slopes = np.array([-2.16018607e-05, -6.47990020e-05, -1.07976405e-04, -1.51120917e-04,
 -1.94219397e-04, -2.37258715e-04, -2.80225762e-04, -3.23107449e-04,
 -3.65890715e-04, -4.08562527e-04, -4.51109887e-04, -4.93519834e-04,
 -5.35779451e-04, -5.77875863e-04, -6.19796250e-04, -6.61527840e-04,
 -7.03057923e-04, -7.44373847e-04, -7.85463028e-04, -8.26312949e-04,
 -8.66911167e-04, -9.07245316e-04, -9.47303109e-04, -9.87072344e-04,
 -1.02654091e-03, -1.06569678e-03, -1.10452802e-03, -1.14302282e-03,
 -1.18116944e-03, -1.21895627e-03, -1.25637179e-03, -1.29340461e-03,
 -1.33004344e-03, -1.36627713e-03, -1.40209464e-03, -1.43748506e-03,
 -1.47243760e-03, -1.50694163e-03, -1.54098662e-03, -1.57456222e-03,
 -1.60765819e-03, -1.64026445e-03, -1.67237108e-03, -1.70396828e-03,
 -1.73504643e-03, -1.76559608e-03, -1.79560791e-03, -1.82507277e-03,
 -1.85398171e-03, -1.88232590e-03, -1.91009671e-03, -1.93728570e-03,
 -1.96388456e-03, -1.98988521e-03, -2.01527972e-03, -2.04006036e-03,
 -2.06421957e-03, -2.08775001e-03, -2.11064449e-03, -2.13289605e-03,
 -2.15449791e-03, -2.17544349e-03, -2.19572641e-03, -2.21534049e-03,
 -2.23427976e-03, -2.25253844e-03, -2.27011097e-03, -2.28699201e-03,
 -2.30317641e-03, -2.31865924e-03, -2.33343578e-03, -2.34750154e-03,
 -2.36085222e-03, -2.37348377e-03, -2.38539233e-03, -2.39657427e-03,
 -2.40702620e-03, -2.41674492e-03, -2.42572748e-03, -2.43397114e-03,
 -2.44147339e-03, -2.44823194e-03, -2.45424474e-03, -2.45950994e-03,
 -2.46402596e-03, -2.46779142e-03, -2.47080516e-03, -2.47306626e-03,
 -2.47457405e-03, -2.47532806e-03,  2.47532806e-03,  2.47457405e-03,
  2.47306626e-03,  2.47080516e-03,  2.46779142e-03,  2.46402596e-03,
  2.45950994e-03,  2.45424474e-03,  2.44823194e-03,  2.44147339e-03,
  2.43397114e-03,  2.42572748e-03,  2.41674492e-03,  2.40702620e-03,
  2.39657427e-03,  2.38539233e-03,  2.37348377e-03,  2.36085222e-03,
  2.34750154e-03,  2.33343578e-03,  2.31865924e-03,  2.30317641e-03,
  2.28699201e-03,  2.27011097e-03,  2.25253844e-03,  2.23427976e-03,
  2.21534049e-03,  2.19572641e-03,  2.17544349e-03,  2.15449791e-03,
  2.13289605e-03,  2.11064449e-03,  2.08775001e-03,  2.06421957e-03,
  2.04006036e-03,  2.01527972e-03,  1.98988521e-03,  1.96388456e-03,
  1.93728570e-03,  1.91009671e-03,  1.88232590e-03,  1.85398171e-03,
  1.82507277e-03,  1.79560791e-03,  1.76559608e-03,  1.73504643e-03,
  1.70396828e-03,  1.67237108e-03,  1.64026445e-03,  1.60765819e-03,
  1.57456222e-03,  1.54098662e-03,  1.50694163e-03,  1.47243760e-03,
  1.43748506e-03,  1.40209464e-03,  1.36627713e-03,  1.33004344e-03,
  1.29340461e-03,  1.25637179e-03,  1.21895627e-03,  1.18116944e-03,
  1.14302282e-03,  1.10452802e-03,  1.06569678e-03,  1.02654091e-03,
  9.87072344e-04,  9.47303109e-04,  9.07245316e-04,  8.66911167e-04,
  8.26312949e-04,  7.85463028e-04,  7.44373847e-04,  7.03057923e-04,
  6.61527840e-04,  6.19796250e-04,  5.77875863e-04,  5.35779451e-04,
  4.93519834e-04,  4.51109887e-04,  4.08562527e-04,  3.65890715e-04,
  3.23107449e-04,  2.80225762e-04,  2.37258715e-04,  1.94219397e-04,
  1.51120917e-04,  1.07976405e-04,  6.47990020e-05,  2.16018607e-05,
 -2.16018607e-05, -6.47990020e-05, -1.07976405e-04, -1.51120917e-04,
 -1.94219397e-04, -2.37258715e-04, -2.80225762e-04, -3.23107449e-04,
 -3.65890715e-04, -4.08562527e-04, -4.51109887e-04, -4.93519834e-04,
 -5.35779451e-04, -5.77875863e-04, -6.19796250e-04, -6.61527840e-04,
 -7.03057923e-04, -7.44373847e-04, -7.85463028e-04, -8.26312949e-04,
 -8.66911167e-04, -9.07245316e-04, -9.47303109e-04, -9.87072344e-04,
 -1.02654091e-03, -1.06569678e-03, -1.10452802e-03, -1.14302282e-03,
 -1.18116944e-03, -1.21895627e-03, -1.25637179e-03, -1.29340461e-03,
 -1.33004344e-03, -1.36627713e-03, -1.40209464e-03, -1.43748506e-03,
 -1.47243760e-03, -1.50694163e-03, -1.54098662e-03, -1.57456222e-03,
 -1.60765819e-03, -1.64026445e-03, -1.67237108e-03, -1.70396828e-03,
 -1.73504643e-03, -1.76559608e-03, -1.79560791e-03, -1.82507277e-03,
 -1.85398171e-03, -1.88232590e-03, -1.91009671e-03, -1.93728570e-03,
 -1.96388456e-03, -1.98988521e-03, -2.01527972e-03, -2.04006036e-03,
 -2.06421957e-03, -2.08775001e-03, -2.11064449e-03, -2.13289605e-03,
 -2.15449791e-03, -2.17544349e-03, -2.19572641e-03, -2.21534049e-03,
 -2.23427976e-03, -2.25253844e-03, -2.27011097e-03, -2.28699201e-03,
 -2.30317641e-03, -2.31865924e-03, -2.33343578e-03, -2.34750154e-03,
 -2.36085222e-03, -2.37348377e-03, -2.38539233e-03, -2.39657427e-03,
 -2.40702620e-03, -2.41674492e-03, -2.42572748e-03, -2.43397114e-03,
 -2.44147339e-03, -2.44823194e-03, -2.45424474e-03, -2.45950994e-03,
 -2.46402596e-03, -2.46779142e-03, -2.47080516e-03, -2.47306626e-03,
 -2.47457405e-03, -2.47532806e-03,  2.47532806e-03,  2.47457405e-03,
  2.47306626e-03,  2.47080516e-03,  2.46779142e-03,  2.46402596e-03,
  2.45950994e-03,  2.45424474e-03,  2.44823194e-03,  2.44147339e-03,
  2.43397114e-03,  2.42572748e-03,  2.41674492e-03,  2.40702620e-03,
  2.39657427e-03,  2.38539233e-03,  2.37348377e-03,  2.36085222e-03,
  2.34750154e-03,  2.33343578e-03,  2.31865924e-03,  2.30317641e-03,
  2.28699201e-03,  2.27011097e-03,  2.25253844e-03,  2.23427976e-03,
  2.21534049e-03,  2.19572641e-03,  2.17544349e-03,  2.15449791e-03,
  2.13289605e-03,  2.11064449e-03,  2.08775001e-03,  2.06421957e-03,
  2.04006036e-03,  2.01527972e-03,  1.98988521e-03,  1.96388456e-03,
  1.93728570e-03,  1.91009671e-03,  1.88232590e-03,  1.85398171e-03,
  1.82507277e-03,  1.79560791e-03,  1.76559608e-03,  1.73504643e-03,
  1.70396828e-03,  1.67237108e-03,  1.64026445e-03,  1.60765819e-03,
  1.57456222e-03,  1.54098662e-03,  1.50694163e-03,  1.47243760e-03,
  1.43748506e-03,  1.40209464e-03,  1.36627713e-03,  1.33004344e-03,
  1.29340461e-03,  1.25637179e-03,  1.21895627e-03,  1.18116944e-03,
  1.14302282e-03,  1.10452802e-03,  1.06569678e-03,  1.02654091e-03,
  9.87072344e-04,  9.47303109e-04,  9.07245316e-04,  8.66911167e-04,
  8.26312949e-04,  7.85463028e-04,  7.44373847e-04,  7.03057923e-04,
  6.61527840e-04,  6.19796250e-04,  5.77875863e-04,  5.35779451e-04,
  4.93519834e-04,  4.51109887e-04,  4.08562527e-04,  3.65890715e-04,
  3.23107449e-04,  2.80225762e-04,  2.37258715e-04,  1.94219397e-04,
  1.51120917e-04,  1.07976405e-04,  6.47990020e-05])
nextToPFC_slopes = np.array([-1.85110761e-05, -5.55275895e-05, -9.25271887e-05, -1.29498603e-04,
 -1.66430571e-04, -2.03311843e-04, -2.40131184e-04, -2.76877378e-04,
 -3.13539233e-04, -3.50105581e-04, -3.86565284e-04, -4.22907235e-04,
 -4.59120364e-04, -4.95193641e-04, -5.31116077e-04, -5.66876730e-04,
 -6.02464706e-04, -6.37869166e-04, -6.73079325e-04, -7.08084458e-04,
 -7.42873901e-04, -7.77437058e-04, -8.11763399e-04, -8.45842470e-04,
 -8.79663889e-04, -9.13217354e-04, -9.46492644e-04, -9.79479623e-04,
 -1.01216824e-03, -1.04454855e-03, -1.07661067e-03, -1.10834485e-03,
 -1.13974141e-03, -1.17079080e-03, -1.20148356e-03, -1.23181033e-03,
 -1.26176188e-03, -1.29132909e-03, -1.32050294e-03, -1.34927456e-03,
 -1.37763517e-03, -1.40557614e-03, -1.43308896e-03, -1.46016525e-03,
 -1.48679676e-03, -1.51297537e-03, -1.53869312e-03, -1.56394217e-03,
 -1.58871482e-03, -1.61300354e-03, -1.63680092e-03, -1.66009972e-03,
 -1.68289283e-03, -1.70517332e-03, -1.72693439e-03, -1.74816943e-03,
 -1.76887195e-03, -1.78903566e-03, -1.80865441e-03, -1.82772223e-03,
 -1.84623331e-03, -1.86418200e-03, -1.88156285e-03, -1.89837055e-03,
 -1.91460000e-03, -1.93024623e-03, -1.94530450e-03, -1.95977021e-03,
 -1.97363895e-03, -1.98690650e-03, -1.99956882e-03, -2.01162206e-03,
 -2.02306253e-03, -2.03388676e-03, -2.04409145e-03, -2.05367349e-03,
 -2.06262996e-03, -2.07095813e-03, -2.07865547e-03, -2.08571963e-03,
 -2.09214846e-03, -2.09794000e-03, -2.10309249e-03, -2.10760435e-03,
 -2.11147422e-03, -2.11470091e-03, -2.11728345e-03, -2.11922104e-03,
 -2.12051309e-03, -2.12115922e-03,  2.12115922e-03,  2.12051309e-03,
  2.11922104e-03,  2.11728345e-03,  2.11470091e-03,  2.11147422e-03,
  2.10760435e-03,  2.10309249e-03,  2.09794000e-03,  2.09214846e-03,
  2.08571963e-03,  2.07865547e-03,  2.07095813e-03,  2.06262996e-03,
  2.05367349e-03,  2.04409145e-03,  2.03388676e-03,  2.02306253e-03,
  2.01162206e-03,  1.99956882e-03,  1.98690650e-03,  1.97363895e-03,
  1.95977021e-03,  1.94530450e-03,  1.93024623e-03,  1.91460000e-03,
  1.89837055e-03,  1.88156285e-03,  1.86418200e-03,  1.84623331e-03,
  1.82772223e-03,  1.80865441e-03,  1.78903566e-03,  1.76887195e-03,
  1.74816943e-03,  1.72693439e-03,  1.70517332e-03,  1.68289283e-03,
  1.66009972e-03,  1.63680092e-03,  1.61300354e-03,  1.58871482e-03,
  1.56394217e-03,  1.53869312e-03,  1.51297537e-03,  1.48679676e-03,
  1.46016525e-03,  1.43308896e-03,  1.40557614e-03,  1.37763517e-03,
  1.34927456e-03,  1.32050294e-03,  1.29132909e-03,  1.26176188e-03,
  1.23181033e-03,  1.20148356e-03,  1.17079080e-03,  1.13974141e-03,
  1.10834485e-03,  1.07661067e-03,  1.04454855e-03,  1.01216824e-03,
  9.79479623e-04,  9.46492644e-04,  9.13217354e-04,  8.79663889e-04,
  8.45842470e-04,  8.11763399e-04,  7.77437058e-04,  7.42873901e-04,
  7.08084458e-04,  6.73079325e-04,  6.37869166e-04,  6.02464706e-04,
  5.66876730e-04,  5.31116077e-04,  4.95193641e-04,  4.59120364e-04,
  4.22907235e-04,  3.86565284e-04,  3.50105581e-04,  3.13539233e-04,
  2.76877378e-04,  2.40131184e-04,  2.03311843e-04,  1.66430571e-04,
  1.29498603e-04,  9.25271887e-05,  5.55275895e-05,  1.85110761e-05,
 -1.85110761e-05, -5.55275895e-05, -9.25271887e-05, -1.29498603e-04,
 -1.66430571e-04, -2.03311843e-04, -2.40131184e-04, -2.76877378e-04,
 -3.13539233e-04, -3.50105581e-04, -3.86565284e-04, -4.22907235e-04,
 -4.59120364e-04, -4.95193641e-04, -5.31116077e-04, -5.66876730e-04,
 -6.02464706e-04, -6.37869166e-04, -6.73079325e-04, -7.08084458e-04,
 -7.42873901e-04, -7.77437058e-04, -8.11763399e-04, -8.45842470e-04,
 -8.79663889e-04, -9.13217354e-04, -9.46492644e-04, -9.79479623e-04,
 -1.01216824e-03, -1.04454855e-03, -1.07661067e-03, -1.10834485e-03,
 -1.13974141e-03, -1.17079080e-03, -1.20148356e-03, -1.23181033e-03,
 -1.26176188e-03, -1.29132909e-03, -1.32050294e-03, -1.34927456e-03,
 -1.37763517e-03, -1.40557614e-03, -1.43308896e-03, -1.46016525e-03,
 -1.48679676e-03, -1.51297537e-03, -1.53869312e-03, -1.56394217e-03,
 -1.58871482e-03, -1.61300354e-03, -1.63680092e-03, -1.66009972e-03,
 -1.68289283e-03, -1.70517332e-03, -1.72693439e-03, -1.74816943e-03,
 -1.76887195e-03, -1.78903566e-03, -1.80865441e-03, -1.82772223e-03,
 -1.84623331e-03, -1.86418200e-03, -1.88156285e-03, -1.89837055e-03,
 -1.91460000e-03, -1.93024623e-03, -1.94530450e-03, -1.95977021e-03,
 -1.97363895e-03, -1.98690650e-03, -1.99956882e-03, -2.01162206e-03,
 -2.02306253e-03, -2.03388676e-03, -2.04409145e-03, -2.05367349e-03,
 -2.06262996e-03, -2.07095813e-03, -2.07865547e-03, -2.08571963e-03,
 -2.09214846e-03, -2.09794000e-03, -2.10309249e-03, -2.10760435e-03,
 -2.11147422e-03, -2.11470091e-03, -2.11728345e-03, -2.11922104e-03,
 -2.12051309e-03, -2.12115922e-03,  2.12115922e-03,  2.12051309e-03,
  2.11922104e-03,  2.11728345e-03,  2.11470091e-03,  2.11147422e-03,
  2.10760435e-03,  2.10309249e-03,  2.09794000e-03,  2.09214846e-03,
  2.08571963e-03,  2.07865547e-03,  2.07095813e-03,  2.06262996e-03,
  2.05367349e-03,  2.04409145e-03,  2.03388676e-03,  2.02306253e-03,
  2.01162206e-03,  1.99956882e-03,  1.98690650e-03,  1.97363895e-03,
  1.95977021e-03,  1.94530450e-03,  1.93024623e-03,  1.91460000e-03,
  1.89837055e-03,  1.88156285e-03,  1.86418200e-03,  1.84623331e-03,
  1.82772223e-03,  1.80865441e-03,  1.78903566e-03,  1.76887195e-03,
  1.74816943e-03,  1.72693439e-03,  1.70517332e-03,  1.68289283e-03,
  1.66009972e-03,  1.63680092e-03,  1.61300354e-03,  1.58871482e-03,
  1.56394217e-03,  1.53869312e-03,  1.51297537e-03,  1.48679676e-03,
  1.46016525e-03,  1.43308896e-03,  1.40557614e-03,  1.37763517e-03,
  1.34927456e-03,  1.32050294e-03,  1.29132909e-03,  1.26176188e-03,
  1.23181033e-03,  1.20148356e-03,  1.17079080e-03,  1.13974141e-03,
  1.10834485e-03,  1.07661067e-03,  1.04454855e-03,  1.01216824e-03,
  9.79479623e-04,  9.46492644e-04,  9.13217354e-04,  8.79663889e-04,
  8.45842470e-04,  8.11763399e-04,  7.77437058e-04,  7.42873901e-04,
  7.08084458e-04,  6.73079325e-04,  6.37869166e-04,  6.02464706e-04,
  5.66876730e-04,  5.31116077e-04,  4.95193641e-04,  4.59120364e-04,
  4.22907235e-04,  3.86565284e-04,  3.50105581e-04,  3.13539233e-04,
  2.76877378e-04,  2.40131184e-04,  2.03311843e-04,  1.66430571e-04,
  1.29498603e-04,  9.25271887e-05,  5.55275895e-05])
hallprobe_slopes = np.array([-1.66008661e-05, -4.97975414e-05, -8.29790480e-05, -1.16135278e-04,
 -1.49256133e-04, -1.82331522e-04, -2.15351372e-04, -2.48305623e-04,
 -2.81184238e-04, -3.13977202e-04, -3.46674525e-04, -3.79266248e-04,
 -4.11742443e-04, -4.44093217e-04, -4.76308716e-04, -5.08379126e-04,
 -5.40294680e-04, -5.72045654e-04, -6.03622378e-04, -6.35015232e-04,
 -6.66214655e-04, -6.97211142e-04, -7.27995252e-04, -7.58557608e-04,
 -7.88888899e-04, -8.18979888e-04, -8.48821407e-04, -8.78404367e-04,
 -9.07719756e-04, -9.36758645e-04, -9.65512189e-04, -9.93971628e-04,
 -1.02212829e-03, -1.04997361e-03, -1.07749909e-03, -1.10469636e-03,
 -1.13155713e-03, -1.15807321e-03, -1.18423653e-03, -1.21003912e-03,
 -1.23547312e-03, -1.26053079e-03, -1.28520448e-03, -1.30948669e-03,
 -1.33337002e-03, -1.35684719e-03, -1.37991105e-03, -1.40255458e-03,
 -1.42477087e-03, -1.44655317e-03, -1.46789483e-03, -1.48878936e-03,
 -1.50923039e-03, -1.52921169e-03, -1.54872718e-03, -1.56777091e-03,
 -1.58633708e-03, -1.60442004e-03, -1.62201428e-03, -1.63911443e-03,
 -1.65571530e-03, -1.67181182e-03, -1.68739909e-03, -1.70247236e-03,
 -1.71702704e-03, -1.73105870e-03, -1.74456306e-03, -1.75753601e-03,
 -1.76997360e-03, -1.78187204e-03, -1.79322770e-03, -1.80403712e-03,
 -1.81429702e-03, -1.82400427e-03, -1.83315591e-03, -1.84174915e-03,
 -1.84978137e-03, -1.85725014e-03, -1.86415317e-03, -1.87048836e-03,
 -1.87625378e-03, -1.88144767e-03, -1.88606846e-03, -1.89011473e-03,
 -1.89358526e-03, -1.89647898e-03, -1.89879502e-03, -1.90053266e-03,
 -1.90169138e-03, -1.90227083e-03,  1.90227083e-03,  1.90169138e-03,
  1.90053266e-03,  1.89879502e-03,  1.89647898e-03,  1.89358526e-03,
  1.89011473e-03,  1.88606846e-03,  1.88144767e-03,  1.87625378e-03,
  1.87048836e-03,  1.86415317e-03,  1.85725014e-03,  1.84978137e-03,
  1.84174915e-03,  1.83315591e-03,  1.82400427e-03,  1.81429702e-03,
  1.80403712e-03,  1.79322770e-03,  1.78187204e-03,  1.76997360e-03,
  1.75753601e-03,  1.74456306e-03,  1.73105870e-03,  1.71702704e-03,
  1.70247236e-03,  1.68739909e-03,  1.67181182e-03,  1.65571530e-03,
  1.63911443e-03,  1.62201428e-03,  1.60442004e-03,  1.58633708e-03,
  1.56777091e-03,  1.54872718e-03,  1.52921169e-03,  1.50923039e-03,
  1.48878936e-03,  1.46789483e-03,  1.44655317e-03,  1.42477087e-03,
  1.40255458e-03,  1.37991105e-03,  1.35684719e-03,  1.33337002e-03,
  1.30948669e-03,  1.28520448e-03,  1.26053079e-03,  1.23547312e-03,
  1.21003912e-03,  1.18423653e-03,  1.15807321e-03,  1.13155713e-03,
  1.10469636e-03,  1.07749909e-03,  1.04997361e-03,  1.02212829e-03,
  9.93971628e-04,  9.65512189e-04,  9.36758645e-04,  9.07719756e-04,
  8.78404367e-04,  8.48821407e-04,  8.18979888e-04,  7.88888899e-04,
  7.58557608e-04,  7.27995252e-04,  6.97211142e-04,  6.66214655e-04,
  6.35015232e-04,  6.03622378e-04,  5.72045654e-04,  5.40294680e-04,
  5.08379126e-04,  4.76308716e-04,  4.44093217e-04,  4.11742443e-04,
  3.79266248e-04,  3.46674525e-04,  3.13977202e-04,  2.81184238e-04,
  2.48305623e-04,  2.15351372e-04,  1.82331522e-04,  1.49256133e-04,
  1.16135278e-04,  8.29790480e-05,  4.97975414e-05,  1.66008661e-05,
 -1.66008661e-05, -4.97975414e-05, -8.29790480e-05, -1.16135278e-04,
 -1.49256133e-04, -1.82331522e-04, -2.15351372e-04, -2.48305623e-04,
 -2.81184238e-04, -3.13977202e-04, -3.46674525e-04, -3.79266248e-04,
 -4.11742443e-04, -4.44093217e-04, -4.76308716e-04, -5.08379126e-04,
 -5.40294680e-04, -5.72045654e-04, -6.03622378e-04, -6.35015232e-04,
 -6.66214655e-04, -6.97211142e-04, -7.27995252e-04, -7.58557608e-04,
 -7.88888899e-04, -8.18979888e-04, -8.48821407e-04, -8.78404367e-04,
 -9.07719756e-04, -9.36758645e-04, -9.65512189e-04, -9.93971628e-04,
 -1.02212829e-03, -1.04997361e-03, -1.07749909e-03, -1.10469636e-03,
 -1.13155713e-03, -1.15807321e-03, -1.18423653e-03, -1.21003912e-03,
 -1.23547312e-03, -1.26053079e-03, -1.28520448e-03, -1.30948669e-03,
 -1.33337002e-03, -1.35684719e-03, -1.37991105e-03, -1.40255458e-03,
 -1.42477087e-03, -1.44655317e-03, -1.46789483e-03, -1.48878936e-03,
 -1.50923039e-03, -1.52921169e-03, -1.54872718e-03, -1.56777091e-03,
 -1.58633708e-03, -1.60442004e-03, -1.62201428e-03, -1.63911443e-03,
 -1.65571530e-03, -1.67181182e-03, -1.68739909e-03, -1.70247236e-03,
 -1.71702704e-03, -1.73105870e-03, -1.74456306e-03, -1.75753601e-03,
 -1.76997360e-03, -1.78187204e-03, -1.79322770e-03, -1.80403712e-03,
 -1.81429702e-03, -1.82400427e-03, -1.83315591e-03, -1.84174915e-03,
 -1.84978137e-03, -1.85725014e-03, -1.86415317e-03, -1.87048836e-03,
 -1.87625378e-03, -1.88144767e-03, -1.88606846e-03, -1.89011473e-03,
 -1.89358526e-03, -1.89647898e-03, -1.89879502e-03, -1.90053266e-03,
 -1.90169138e-03, -1.90227083e-03,  1.90227083e-03,  1.90169138e-03,
  1.90053266e-03,  1.89879502e-03,  1.89647898e-03,  1.89358526e-03,
  1.89011473e-03,  1.88606846e-03,  1.88144767e-03,  1.87625378e-03,
  1.87048836e-03,  1.86415317e-03,  1.85725014e-03,  1.84978137e-03,
  1.84174915e-03,  1.83315591e-03,  1.82400427e-03,  1.81429702e-03,
  1.80403712e-03,  1.79322770e-03,  1.78187204e-03,  1.76997360e-03,
  1.75753601e-03,  1.74456306e-03,  1.73105870e-03,  1.71702704e-03,
  1.70247236e-03,  1.68739909e-03,  1.67181182e-03,  1.65571530e-03,
  1.63911443e-03,  1.62201428e-03,  1.60442004e-03,  1.58633708e-03,
  1.56777091e-03,  1.54872718e-03,  1.52921169e-03,  1.50923039e-03,
  1.48878936e-03,  1.46789483e-03,  1.44655317e-03,  1.42477087e-03,
  1.40255458e-03,  1.37991105e-03,  1.35684719e-03,  1.33337002e-03,
  1.30948669e-03,  1.28520448e-03,  1.26053079e-03,  1.23547312e-03,
  1.21003912e-03,  1.18423653e-03,  1.15807321e-03,  1.13155713e-03,
  1.10469636e-03,  1.07749909e-03,  1.04997361e-03,  1.02212829e-03,
  9.93971628e-04,  9.65512189e-04,  9.36758645e-04,  9.07719756e-04,
  8.78404367e-04,  8.48821407e-04,  8.18979888e-04,  7.88888899e-04,
  7.58557608e-04,  7.27995252e-04,  6.97211142e-04,  6.66214655e-04,
  6.35015232e-04,  6.03622378e-04,  5.72045654e-04,  5.40294680e-04,
  5.08379126e-04,  4.76308716e-04,  4.44093217e-04,  4.11742443e-04,
  3.79266248e-04,  3.46674525e-04,  3.13977202e-04,  2.81184238e-04,
  2.48305623e-04,  2.15351372e-04,  1.82331522e-04,  1.49256133e-04,
  1.16135278e-04,  8.29790480e-05,  4.97975414e-05])
Filename = "i1q3_hires.npy" 
distFromOuterWall = 0.29
kw15 = np.array([0.0106086 , 0.01060698, 0.01060214, 0.01059408, 0.01058279, 0.01056828,
 0.01055056, 0.01052962, 0.01050549, 0.01047816, 0.01044764, 0.01041394,
 0.01037707, 0.01033705, 0.01029388, 0.01024759, 0.01019817, 0.01014566,
 0.01009005, 0.01003138, 0.00996966, 0.00990491, 0.00983714, 0.00976638,
 0.00969266, 0.00961598, 0.00953639, 0.00945389, 0.00936852, 0.0092803 ,
 0.00918926, 0.00909543, 0.00899883, 0.0088995 , 0.00879747, 0.00869276,
 0.00858542, 0.00847546, 0.00836293, 0.00824787, 0.00813029, 0.00801026,
 0.00788779, 0.00776293, 0.00763571, 0.00750618, 0.00737437, 0.00724033,
 0.0071041 , 0.00696572, 0.00682523, 0.00668268, 0.00653811, 0.00639156,
 0.00624308, 0.00609273, 0.00594054, 0.00578656, 0.00563085, 0.00547345,
 0.00531441, 0.00515378, 0.00499162, 0.00482798, 0.00466292, 0.00449648,
 0.00432872, 0.00415971, 0.0039895 , 0.00381815, 0.00364573, 0.0034723 ,
 0.00329792, 0.00312268, 0.00294665, 0.00276992, 0.00259257, 0.00241472,
 0.00223648, 0.002058  , 0.00187946, 0.0017011 , 0.00152322, 0.00134629,
 0.00117099, 0.00099846, 0.00083069, 0.00067156, 0.00052917, 0.00042114,
 0.00037831, 0.00042114, 0.00052917, 0.00067156, 0.00083069, 0.00099846,
 0.00117099, 0.00134629, 0.00152322, 0.0017011 , 0.00187946, 0.002058  ,
 0.00223648, 0.00241472, 0.00259257, 0.00276992, 0.00294665, 0.00312268,
 0.00329792, 0.0034723 , 0.00364573, 0.00381815, 0.0039895 , 0.00415971,
 0.00432872, 0.00449648, 0.00466292, 0.00482798, 0.00499162, 0.00515378,
 0.00531441, 0.00547345, 0.00563085, 0.00578656, 0.00594054, 0.00609273,
 0.00624308, 0.00639156, 0.00653811, 0.00668268, 0.00682523, 0.00696572,
 0.0071041 , 0.00724033, 0.00737437, 0.00750618, 0.00763571, 0.00776293,
 0.00788779, 0.00801026, 0.00813029, 0.00824787, 0.00836293, 0.00847546,
 0.00858542, 0.00869276, 0.00879747, 0.0088995 , 0.00899883, 0.00909543,
 0.00918926, 0.0092803 , 0.00936852, 0.00945389, 0.00953639, 0.00961598,
 0.00969266, 0.00976638, 0.00983714, 0.00990491, 0.00996966, 0.01003138,
 0.01009005, 0.01014566, 0.01019817, 0.01024759, 0.01029388, 0.01033705,
 0.01037707, 0.01041394, 0.01044764, 0.01047816, 0.01050549, 0.01052962,
 0.01055056, 0.01056828, 0.01058279, 0.01059408, 0.01060214, 0.01060698,
 0.0106086 , 0.01060698, 0.01060214, 0.01059408, 0.01058279, 0.01056828,
 0.01055056, 0.01052962, 0.01050549, 0.01047816, 0.01044764, 0.01041394,
 0.01037707, 0.01033705, 0.01029388, 0.01024759, 0.01019817, 0.01014566,
 0.01009005, 0.01003138, 0.00996966, 0.00990491, 0.00983714, 0.00976638,
 0.00969266, 0.00961598, 0.00953639, 0.00945389, 0.00936852, 0.0092803 ,
 0.00918926, 0.00909543, 0.00899883, 0.0088995 , 0.00879747, 0.00869276,
 0.00858542, 0.00847546, 0.00836293, 0.00824787, 0.00813029, 0.00801026,
 0.00788779, 0.00776293, 0.00763571, 0.00750618, 0.00737437, 0.00724033,
 0.0071041 , 0.00696572, 0.00682523, 0.00668268, 0.00653811, 0.00639156,
 0.00624308, 0.00609273, 0.00594054, 0.00578656, 0.00563085, 0.00547345,
 0.00531441, 0.00515378, 0.00499162, 0.00482798, 0.00466292, 0.00449648,
 0.00432872, 0.00415971, 0.0039895 , 0.00381815, 0.00364573, 0.0034723 ,
 0.00329792, 0.00312268, 0.00294665, 0.00276992, 0.00259257, 0.00241472,
 0.00223648, 0.002058  , 0.00187946, 0.0017011 , 0.00152322, 0.00134629,
 0.00117099, 0.00099846, 0.00083069, 0.00067156, 0.00052917, 0.00042114,
 0.00037831, 0.00042114, 0.00052917, 0.00067156, 0.00083069, 0.00099846,
 0.00117099, 0.00134629, 0.00152322, 0.0017011 , 0.00187946, 0.002058  ,
 0.00223648, 0.00241472, 0.00259257, 0.00276992, 0.00294665, 0.00312268,
 0.00329792, 0.0034723 , 0.00364573, 0.00381815, 0.0039895 , 0.00415971,
 0.00432872, 0.00449648, 0.00466292, 0.00482798, 0.00499162, 0.00515378,
 0.00531441, 0.00547345, 0.00563085, 0.00578656, 0.00594054, 0.00609273,
 0.00624308, 0.00639156, 0.00653811, 0.00668268, 0.00682523, 0.00696572,
 0.0071041 , 0.00724033, 0.00737437, 0.00750618, 0.00763571, 0.00776293,
 0.00788779, 0.00801026, 0.00813029, 0.00824787, 0.00836293, 0.00847546,
 0.00858542, 0.00869276, 0.00879747, 0.0088995 , 0.00899883, 0.00909543,
 0.00918926, 0.0092803 , 0.00936852, 0.00945389, 0.00953639, 0.00961598,
 0.00969266, 0.00976638, 0.00983714, 0.00990491, 0.00996966, 0.01003138,
 0.01009005, 0.01014566, 0.01019817, 0.01024759, 0.01029388, 0.01033705,
 0.01037707, 0.01041394, 0.01044764, 0.01047816, 0.01050549, 0.01052962,
 0.01055056, 0.01056828, 0.01058279, 0.01059408, 0.01060214, 0.01060698])
spec = np.array([0.01025443, 0.01025287, 0.01024819, 0.0102404 , 0.01022949, 0.01021546,
 0.01019833, 0.0101781 , 0.01015477, 0.01012835, 0.01009885, 0.01006628,
 0.01003065, 0.00999196, 0.00995024, 0.00990549, 0.00985773, 0.00980697,
 0.00975322, 0.00969651, 0.00963685, 0.00957427, 0.00950876, 0.00944037,
 0.00936911, 0.009295  , 0.00921807, 0.00913833, 0.00905581, 0.00897054,
 0.00888255, 0.00879185, 0.00869849, 0.00860248, 0.00850385, 0.00840265,
 0.00829889, 0.00819261, 0.00808385, 0.00797263, 0.00785899, 0.00774297,
 0.00762459, 0.00750391, 0.00738095, 0.00725575, 0.00712835, 0.0069988 ,
 0.00686712, 0.00673337, 0.00659758, 0.0064598 , 0.00632006, 0.00617842,
 0.00603491, 0.00588959, 0.00574249, 0.00559367, 0.00544317, 0.00529104,
 0.00513733, 0.00498208, 0.00482536, 0.0046672 , 0.00450767, 0.00434681,
 0.00418468, 0.00402133, 0.00385683, 0.00369123, 0.0035246 , 0.003357  ,
 0.00318848, 0.00301914, 0.00284904, 0.00267826, 0.0025069 , 0.00233505,
 0.00216285, 0.00199042, 0.00181796, 0.00164569, 0.00147392, 0.00130311,
 0.00113394, 0.00096752, 0.00080585, 0.00065271, 0.00051604, 0.00041277,
 0.00037201, 0.00041277, 0.00051604, 0.00065271, 0.00080585, 0.00096752,
 0.00113394, 0.00130311, 0.00147392, 0.00164569, 0.00181796, 0.00199042,
 0.00216285, 0.00233505, 0.0025069 , 0.00267826, 0.00284904, 0.00301914,
 0.00318848, 0.003357  , 0.0035246 , 0.00369123, 0.00385683, 0.00402133,
 0.00418468, 0.00434681, 0.00450767, 0.0046672 , 0.00482536, 0.00498208,
 0.00513733, 0.00529104, 0.00544317, 0.00559367, 0.00574249, 0.00588959,
 0.00603491, 0.00617842, 0.00632006, 0.0064598 , 0.00659758, 0.00673337,
 0.00686712, 0.0069988 , 0.00712835, 0.00725575, 0.00738095, 0.00750391,
 0.00762459, 0.00774297, 0.00785899, 0.00797263, 0.00808385, 0.00819261,
 0.00829889, 0.00840265, 0.00850385, 0.00860248, 0.00869849, 0.00879185,
 0.00888255, 0.00897054, 0.00905581, 0.00913833, 0.00921807, 0.009295  ,
 0.00936911, 0.00944037, 0.00950876, 0.00957427, 0.00963685, 0.00969651,
 0.00975322, 0.00980697, 0.00985773, 0.00990549, 0.00995024, 0.00999196,
 0.01003065, 0.01006628, 0.01009885, 0.01012835, 0.01015477, 0.0101781 ,
 0.01019833, 0.01021546, 0.01022949, 0.0102404 , 0.01024819, 0.01025287,
 0.01025443, 0.01025287, 0.01024819, 0.0102404 , 0.01022949, 0.01021546,
 0.01019833, 0.0101781 , 0.01015477, 0.01012835, 0.01009885, 0.01006628,
 0.01003065, 0.00999196, 0.00995024, 0.00990549, 0.00985773, 0.00980697,
 0.00975322, 0.00969651, 0.00963685, 0.00957427, 0.00950876, 0.00944037,
 0.00936911, 0.009295  , 0.00921807, 0.00913833, 0.00905581, 0.00897054,
 0.00888255, 0.00879185, 0.00869849, 0.00860248, 0.00850385, 0.00840265,
 0.00829889, 0.00819261, 0.00808385, 0.00797263, 0.00785899, 0.00774297,
 0.00762459, 0.00750391, 0.00738095, 0.00725575, 0.00712835, 0.0069988 ,
 0.00686712, 0.00673337, 0.00659758, 0.0064598 , 0.00632006, 0.00617842,
 0.00603491, 0.00588959, 0.00574249, 0.00559367, 0.00544317, 0.00529104,
 0.00513733, 0.00498208, 0.00482536, 0.0046672 , 0.00450767, 0.00434681,
 0.00418468, 0.00402133, 0.00385683, 0.00369123, 0.0035246 , 0.003357  ,
 0.00318848, 0.00301914, 0.00284904, 0.00267826, 0.0025069 , 0.00233505,
 0.00216285, 0.00199042, 0.00181796, 0.00164569, 0.00147392, 0.00130311,
 0.00113394, 0.00096752, 0.00080585, 0.00065271, 0.00051604, 0.00041277,
 0.00037201, 0.00041277, 0.00051604, 0.00065271, 0.00080585, 0.00096752,
 0.00113394, 0.00130311, 0.00147392, 0.00164569, 0.00181796, 0.00199042,
 0.00216285, 0.00233505, 0.0025069 , 0.00267826, 0.00284904, 0.00301914,
 0.00318848, 0.003357  , 0.0035246 , 0.00369123, 0.00385683, 0.00402133,
 0.00418468, 0.00434681, 0.00450767, 0.0046672 , 0.00482536, 0.00498208,
 0.00513733, 0.00529104, 0.00544317, 0.00559367, 0.00574249, 0.00588959,
 0.00603491, 0.00617842, 0.00632006, 0.0064598 , 0.00659758, 0.00673337,
 0.00686712, 0.0069988 , 0.00712835, 0.00725575, 0.00738095, 0.00750391,
 0.00762459, 0.00774297, 0.00785899, 0.00797263, 0.00808385, 0.00819261,
 0.00829889, 0.00840265, 0.00850385, 0.00860248, 0.00869849, 0.00879185,
 0.00888255, 0.00897054, 0.00905581, 0.00913833, 0.00921807, 0.009295  ,
 0.00936911, 0.00944037, 0.00950876, 0.00957427, 0.00963685, 0.00969651,
 0.00975322, 0.00980697, 0.00985773, 0.00990549, 0.00995024, 0.00999196,
 0.01003065, 0.01006628, 0.01009885, 0.01012835, 0.01015477, 0.0101781 ,
 0.01019833, 0.01021546, 0.01022949, 0.0102404 , 0.01024819, 0.01025287])
nextToPFC = np.array([0.01060856, 0.01060695, 0.01060211, 0.01059404, 0.01058275, 0.01056825,
 0.01055052, 0.01052959, 0.01050545, 0.01047812, 0.0104476 , 0.0104139 ,
 0.01037704, 0.01033702, 0.01029385, 0.01024755, 0.01019814, 0.01014562,
 0.01009002, 0.01003135, 0.00996963, 0.00990487, 0.00983711, 0.00976635,
 0.00969263, 0.00961595, 0.00953636, 0.00945386, 0.00936849, 0.00928027,
 0.00918923, 0.0090954 , 0.0089988 , 0.00889947, 0.00879744, 0.00869273,
 0.00858539, 0.00847543, 0.00836291, 0.00824784, 0.00813027, 0.00801023,
 0.00788776, 0.0077629 , 0.00763568, 0.00750615, 0.00737435, 0.00724031,
 0.00710408, 0.0069657 , 0.00682521, 0.00668265, 0.00653808, 0.00639154,
 0.00624306, 0.00609271, 0.00594052, 0.00578654, 0.00563083, 0.00547343,
 0.00531439, 0.00515376, 0.00499161, 0.00482797, 0.0046629 , 0.00449646,
 0.00432871, 0.00415969, 0.00398948, 0.00381814, 0.00364571, 0.00347228,
 0.00329791, 0.00312267, 0.00294664, 0.0027699 , 0.00259256, 0.0024147 ,
 0.00223646, 0.00205798, 0.00187945, 0.00170108, 0.0015232 , 0.00134627,
 0.00117097, 0.00099844, 0.00083067, 0.00067153, 0.00052913, 0.00042109,
 0.00037827, 0.00042109, 0.00052913, 0.00067153, 0.00083067, 0.00099844,
 0.00117097, 0.00134627, 0.0015232 , 0.00170108, 0.00187945, 0.00205798,
 0.00223646, 0.0024147 , 0.00259256, 0.0027699 , 0.00294664, 0.00312267,
 0.00329791, 0.00347228, 0.00364571, 0.00381814, 0.00398948, 0.00415969,
 0.00432871, 0.00449646, 0.0046629 , 0.00482797, 0.00499161, 0.00515376,
 0.00531439, 0.00547343, 0.00563083, 0.00578654, 0.00594052, 0.00609271,
 0.00624306, 0.00639154, 0.00653808, 0.00668265, 0.00682521, 0.0069657 ,
 0.00710408, 0.00724031, 0.00737435, 0.00750615, 0.00763568, 0.0077629 ,
 0.00788776, 0.00801023, 0.00813027, 0.00824784, 0.00836291, 0.00847543,
 0.00858539, 0.00869273, 0.00879744, 0.00889947, 0.0089988 , 0.0090954 ,
 0.00918923, 0.00928027, 0.00936849, 0.00945386, 0.00953636, 0.00961595,
 0.00969263, 0.00976635, 0.00983711, 0.00990487, 0.00996963, 0.01003135,
 0.01009002, 0.01014562, 0.01019814, 0.01024755, 0.01029385, 0.01033702,
 0.01037704, 0.0104139 , 0.0104476 , 0.01047812, 0.01050545, 0.01052959,
 0.01055052, 0.01056825, 0.01058275, 0.01059404, 0.01060211, 0.01060695,
 0.01060856, 0.01060695, 0.01060211, 0.01059404, 0.01058275, 0.01056825,
 0.01055052, 0.01052959, 0.01050545, 0.01047812, 0.0104476 , 0.0104139 ,
 0.01037704, 0.01033702, 0.01029385, 0.01024755, 0.01019814, 0.01014562,
 0.01009002, 0.01003135, 0.00996963, 0.00990487, 0.00983711, 0.00976635,
 0.00969263, 0.00961595, 0.00953636, 0.00945386, 0.00936849, 0.00928027,
 0.00918923, 0.0090954 , 0.0089988 , 0.00889947, 0.00879744, 0.00869273,
 0.00858539, 0.00847543, 0.00836291, 0.00824784, 0.00813027, 0.00801023,
 0.00788776, 0.0077629 , 0.00763568, 0.00750615, 0.00737435, 0.00724031,
 0.00710408, 0.0069657 , 0.00682521, 0.00668265, 0.00653808, 0.00639154,
 0.00624306, 0.00609271, 0.00594052, 0.00578654, 0.00563083, 0.00547343,
 0.00531439, 0.00515376, 0.00499161, 0.00482797, 0.0046629 , 0.00449646,
 0.00432871, 0.00415969, 0.00398948, 0.00381814, 0.00364571, 0.00347228,
 0.00329791, 0.00312267, 0.00294664, 0.0027699 , 0.00259256, 0.0024147 ,
 0.00223646, 0.00205798, 0.00187945, 0.00170108, 0.0015232 , 0.00134627,
 0.00117097, 0.00099844, 0.00083067, 0.00067153, 0.00052913, 0.00042109,
 0.00037827, 0.00042109, 0.00052913, 0.00067153, 0.00083067, 0.00099844,
 0.00117097, 0.00134627, 0.0015232 , 0.00170108, 0.00187945, 0.00205798,
 0.00223646, 0.0024147 , 0.00259256, 0.0027699 , 0.00294664, 0.00312267,
 0.00329791, 0.00347228, 0.00364571, 0.00381814, 0.00398948, 0.00415969,
 0.00432871, 0.00449646, 0.0046629 , 0.00482797, 0.00499161, 0.00515376,
 0.00531439, 0.00547343, 0.00563083, 0.00578654, 0.00594052, 0.00609271,
 0.00624306, 0.00639154, 0.00653808, 0.00668265, 0.00682521, 0.0069657 ,
 0.00710408, 0.00724031, 0.00737435, 0.00750615, 0.00763568, 0.0077629 ,
 0.00788776, 0.00801023, 0.00813027, 0.00824784, 0.00836291, 0.00847543,
 0.00858539, 0.00869273, 0.00879744, 0.00889947, 0.0089988 , 0.0090954 ,
 0.00918923, 0.00928027, 0.00936849, 0.00945386, 0.00953636, 0.00961595,
 0.00969263, 0.00976635, 0.00983711, 0.00990487, 0.00996963, 0.01003135,
 0.01009002, 0.01014562, 0.01019814, 0.01024755, 0.01029385, 0.01033702,
 0.01037704, 0.0104139 , 0.0104476 , 0.01047812, 0.01050545, 0.01052959,
 0.01055052, 0.01056825, 0.01058275, 0.01059404, 0.01060211, 0.01060695])
hallprobe = np.array([0.01082743, 0.01082578, 0.01082084, 0.01081261, 0.01080109, 0.01078628,
 0.01076819, 0.01074682, 0.01072219, 0.01069429, 0.01066314, 0.01062875,
 0.01059112, 0.01055027, 0.01050621, 0.01045896, 0.01040853, 0.01035492,
 0.01029817, 0.01023829, 0.01017529, 0.0101092 , 0.01004004, 0.00996782,
 0.00989257, 0.00981431, 0.00973307, 0.00964887, 0.00956174, 0.00947169,
 0.00937877, 0.009283  , 0.00918441, 0.00908303, 0.00897889, 0.00887202,
 0.00876245, 0.00865023, 0.00853537, 0.00841793, 0.00829793, 0.00817541,
 0.00805041, 0.00792297, 0.00779312, 0.00766092, 0.00752639, 0.00738958,
 0.00725053, 0.00710928, 0.00696589, 0.00682039, 0.00667283, 0.00652325,
 0.00637171, 0.00621824, 0.0060629 , 0.00590574, 0.00574681, 0.00558615,
 0.00542382, 0.00525987, 0.00509436, 0.00492733, 0.00475884, 0.00458896,
 0.00441773, 0.00424521, 0.00407147, 0.00389657, 0.00372057, 0.00354353,
 0.00336554, 0.00318666, 0.00300696, 0.00282655, 0.0026455 , 0.00246394,
 0.00228197, 0.00209975, 0.00191745, 0.00173532, 0.00155367, 0.00137296,
 0.00119388, 0.00101756, 0.00084603, 0.00068318, 0.00053724, 0.00042625,
 0.00038213, 0.00042625, 0.00053724, 0.00068318, 0.00084603, 0.00101756,
 0.00119388, 0.00137296, 0.00155367, 0.00173532, 0.00191745, 0.00209975,
 0.00228197, 0.00246394, 0.0026455 , 0.00282655, 0.00300696, 0.00318666,
 0.00336554, 0.00354353, 0.00372057, 0.00389657, 0.00407147, 0.00424521,
 0.00441773, 0.00458896, 0.00475884, 0.00492733, 0.00509436, 0.00525987,
 0.00542382, 0.00558615, 0.00574681, 0.00590574, 0.0060629 , 0.00621824,
 0.00637171, 0.00652325, 0.00667283, 0.00682039, 0.00696589, 0.00710928,
 0.00725053, 0.00738958, 0.00752639, 0.00766092, 0.00779312, 0.00792297,
 0.00805041, 0.00817541, 0.00829793, 0.00841793, 0.00853537, 0.00865023,
 0.00876245, 0.00887202, 0.00897889, 0.00908303, 0.00918441, 0.009283  ,
 0.00937877, 0.00947169, 0.00956174, 0.00964887, 0.00973307, 0.00981431,
 0.00989257, 0.00996782, 0.01004004, 0.0101092 , 0.01017529, 0.01023829,
 0.01029817, 0.01035492, 0.01040853, 0.01045896, 0.01050621, 0.01055027,
 0.01059112, 0.01062875, 0.01066314, 0.01069429, 0.01072219, 0.01074682,
 0.01076819, 0.01078628, 0.01080109, 0.01081261, 0.01082084, 0.01082578,
 0.01082743, 0.01082578, 0.01082084, 0.01081261, 0.01080109, 0.01078628,
 0.01076819, 0.01074682, 0.01072219, 0.01069429, 0.01066314, 0.01062875,
 0.01059112, 0.01055027, 0.01050621, 0.01045896, 0.01040853, 0.01035492,
 0.01029817, 0.01023829, 0.01017529, 0.0101092 , 0.01004004, 0.00996782,
 0.00989257, 0.00981431, 0.00973307, 0.00964887, 0.00956174, 0.00947169,
 0.00937877, 0.009283  , 0.00918441, 0.00908303, 0.00897889, 0.00887202,
 0.00876245, 0.00865023, 0.00853537, 0.00841793, 0.00829793, 0.00817541,
 0.00805041, 0.00792297, 0.00779312, 0.00766092, 0.00752639, 0.00738958,
 0.00725053, 0.00710928, 0.00696589, 0.00682039, 0.00667283, 0.00652325,
 0.00637171, 0.00621824, 0.0060629 , 0.00590574, 0.00574681, 0.00558615,
 0.00542382, 0.00525987, 0.00509436, 0.00492733, 0.00475884, 0.00458896,
 0.00441773, 0.00424521, 0.00407147, 0.00389657, 0.00372057, 0.00354353,
 0.00336554, 0.00318666, 0.00300696, 0.00282655, 0.0026455 , 0.00246394,
 0.00228197, 0.00209975, 0.00191745, 0.00173532, 0.00155367, 0.00137296,
 0.00119388, 0.00101756, 0.00084603, 0.00068318, 0.00053724, 0.00042625,
 0.00038213, 0.00042625, 0.00053724, 0.00068318, 0.00084603, 0.00101756,
 0.00119388, 0.00137296, 0.00155367, 0.00173532, 0.00191745, 0.00209975,
 0.00228197, 0.00246394, 0.0026455 , 0.00282655, 0.00300696, 0.00318666,
 0.00336554, 0.00354353, 0.00372057, 0.00389657, 0.00407147, 0.00424521,
 0.00441773, 0.00458896, 0.00475884, 0.00492733, 0.00509436, 0.00525987,
 0.00542382, 0.00558615, 0.00574681, 0.00590574, 0.0060629 , 0.00621824,
 0.00637171, 0.00652325, 0.00667283, 0.00682039, 0.00696589, 0.00710928,
 0.00725053, 0.00738958, 0.00752639, 0.00766092, 0.00779312, 0.00792297,
 0.00805041, 0.00817541, 0.00829793, 0.00841793, 0.00853537, 0.00865023,
 0.00876245, 0.00887202, 0.00897889, 0.00908303, 0.00918441, 0.009283  ,
 0.00937877, 0.00947169, 0.00956174, 0.00964887, 0.00973307, 0.00981431,
 0.00989257, 0.00996782, 0.01004004, 0.0101092 , 0.01017529, 0.01023829,
 0.01029817, 0.01035492, 0.01040853, 0.01045896, 0.01050621, 0.01055027,
 0.01059112, 0.01062875, 0.01066314, 0.01069429, 0.01072219, 0.01074682,
 0.01076819, 0.01078628, 0.01080109, 0.01081261, 0.01082084, 0.01082578])
kw15_slopes = np.array([-9.24573944e-05, -2.77343912e-04, -4.62145626e-04, -6.46806026e-04,
 -8.31268645e-04, -1.01547707e-03, -1.19937497e-03, -1.38290610e-03,
 -1.56601432e-03, -1.74864361e-03, -1.93073811e-03, -2.11224207e-03,
 -2.29309997e-03, -2.47325643e-03, -2.65265630e-03, -2.83124463e-03,
 -3.00896672e-03, -3.18576811e-03, -3.36159461e-03, -3.53639230e-03,
 -3.71010757e-03, -3.88268710e-03, -4.05407791e-03, -4.22422733e-03,
 -4.39308308e-03, -4.56059320e-03, -4.72670613e-03, -4.89137071e-03,
 -5.05453614e-03, -5.21615206e-03, -5.37616853e-03, -5.53453603e-03,
 -5.69120550e-03, -5.84612830e-03, -5.99925626e-03, -6.15054169e-03,
 -6.29993734e-03, -6.44739644e-03, -6.59287271e-03, -6.73632031e-03,
 -6.87769389e-03, -7.01694858e-03, -7.15403995e-03, -7.28892402e-03,
 -7.42155725e-03, -7.55189652e-03, -7.67989910e-03, -7.80552262e-03,
 -7.92872503e-03, -8.04946456e-03, -8.16769968e-03, -8.28338897e-03,
 -8.39649112e-03, -8.50696475e-03, -8.61476833e-03, -8.71986000e-03,
 -8.82219739e-03, -8.92173737e-03, -9.01843580e-03, -9.11224711e-03,
 -9.20312391e-03, -9.29101638e-03, -9.37587160e-03, -9.45763262e-03,
 -9.53623735e-03, -9.61161701e-03, -9.68369427e-03, -9.75238064e-03,
 -9.81757315e-03, -9.87914977e-03, -9.93696324e-03, -9.99083251e-03,
 -1.00405308e-02, -1.00857685e-02, -1.01261683e-02, -1.01612286e-02,
 -1.01902672e-02, -1.02123352e-02, -1.02260766e-02, -1.02294983e-02,
 -1.02195726e-02, -1.01915242e-02, -1.01374850e-02, -1.00438057e-02,
 -9.88532288e-03, -9.61222665e-03, -9.11787455e-03, -8.15818413e-03,
 -6.18982120e-03, -2.45361057e-03,  2.45361057e-03,  6.18982120e-03,
  8.15818413e-03,  9.11787455e-03,  9.61222665e-03,  9.88532288e-03,
  1.00438057e-02,  1.01374850e-02,  1.01915242e-02,  1.02195726e-02,
  1.02294983e-02,  1.02260766e-02,  1.02123352e-02,  1.01902672e-02,
  1.01612286e-02,  1.01261683e-02,  1.00857685e-02,  1.00405308e-02,
  9.99083251e-03,  9.93696324e-03,  9.87914977e-03,  9.81757315e-03,
  9.75238064e-03,  9.68369427e-03,  9.61161701e-03,  9.53623735e-03,
  9.45763262e-03,  9.37587160e-03,  9.29101638e-03,  9.20312391e-03,
  9.11224711e-03,  9.01843580e-03,  8.92173737e-03,  8.82219739e-03,
  8.71986000e-03,  8.61476833e-03,  8.50696475e-03,  8.39649112e-03,
  8.28338897e-03,  8.16769968e-03,  8.04946456e-03,  7.92872503e-03,
  7.80552262e-03,  7.67989910e-03,  7.55189652e-03,  7.42155725e-03,
  7.28892402e-03,  7.15403995e-03,  7.01694858e-03,  6.87769389e-03,
  6.73632031e-03,  6.59287271e-03,  6.44739644e-03,  6.29993734e-03,
  6.15054169e-03,  5.99925626e-03,  5.84612830e-03,  5.69120550e-03,
  5.53453603e-03,  5.37616853e-03,  5.21615206e-03,  5.05453614e-03,
  4.89137071e-03,  4.72670613e-03,  4.56059320e-03,  4.39308308e-03,
  4.22422733e-03,  4.05407791e-03,  3.88268710e-03,  3.71010757e-03,
  3.53639230e-03,  3.36159461e-03,  3.18576811e-03,  3.00896672e-03,
  2.83124463e-03,  2.65265630e-03,  2.47325643e-03,  2.29309997e-03,
  2.11224207e-03,  1.93073811e-03,  1.74864361e-03,  1.56601432e-03,
  1.38290610e-03,  1.19937497e-03,  1.01547707e-03,  8.31268645e-04,
  6.46806026e-04,  4.62145626e-04,  2.77343912e-04,  9.24573944e-05,
 -9.24573944e-05, -2.77343912e-04, -4.62145626e-04, -6.46806026e-04,
 -8.31268645e-04, -1.01547707e-03, -1.19937497e-03, -1.38290610e-03,
 -1.56601432e-03, -1.74864361e-03, -1.93073811e-03, -2.11224207e-03,
 -2.29309997e-03, -2.47325643e-03, -2.65265630e-03, -2.83124463e-03,
 -3.00896672e-03, -3.18576811e-03, -3.36159461e-03, -3.53639230e-03,
 -3.71010757e-03, -3.88268710e-03, -4.05407791e-03, -4.22422733e-03,
 -4.39308308e-03, -4.56059320e-03, -4.72670613e-03, -4.89137071e-03,
 -5.05453614e-03, -5.21615206e-03, -5.37616853e-03, -5.53453603e-03,
 -5.69120550e-03, -5.84612830e-03, -5.99925626e-03, -6.15054169e-03,
 -6.29993734e-03, -6.44739644e-03, -6.59287271e-03, -6.73632031e-03,
 -6.87769389e-03, -7.01694858e-03, -7.15403995e-03, -7.28892402e-03,
 -7.42155725e-03, -7.55189652e-03, -7.67989910e-03, -7.80552262e-03,
 -7.92872503e-03, -8.04946456e-03, -8.16769968e-03, -8.28338897e-03,
 -8.39649112e-03, -8.50696475e-03, -8.61476833e-03, -8.71986000e-03,
 -8.82219739e-03, -8.92173737e-03, -9.01843580e-03, -9.11224711e-03,
 -9.20312391e-03, -9.29101638e-03, -9.37587160e-03, -9.45763262e-03,
 -9.53623735e-03, -9.61161701e-03, -9.68369427e-03, -9.75238064e-03,
 -9.81757315e-03, -9.87914977e-03, -9.93696324e-03, -9.99083251e-03,
 -1.00405308e-02, -1.00857685e-02, -1.01261683e-02, -1.01612286e-02,
 -1.01902672e-02, -1.02123352e-02, -1.02260766e-02, -1.02294983e-02,
 -1.02195726e-02, -1.01915242e-02, -1.01374850e-02, -1.00438057e-02,
 -9.88532288e-03, -9.61222665e-03, -9.11787455e-03, -8.15818413e-03,
 -6.18982120e-03, -2.45361057e-03,  2.45361057e-03,  6.18982120e-03,
  8.15818413e-03,  9.11787455e-03,  9.61222665e-03,  9.88532288e-03,
  1.00438057e-02,  1.01374850e-02,  1.01915242e-02,  1.02195726e-02,
  1.02294983e-02,  1.02260766e-02,  1.02123352e-02,  1.01902672e-02,
  1.01612286e-02,  1.01261683e-02,  1.00857685e-02,  1.00405308e-02,
  9.99083251e-03,  9.93696324e-03,  9.87914977e-03,  9.81757315e-03,
  9.75238064e-03,  9.68369427e-03,  9.61161701e-03,  9.53623735e-03,
  9.45763262e-03,  9.37587160e-03,  9.29101638e-03,  9.20312391e-03,
  9.11224711e-03,  9.01843580e-03,  8.92173737e-03,  8.82219739e-03,
  8.71986000e-03,  8.61476833e-03,  8.50696475e-03,  8.39649112e-03,
  8.28338897e-03,  8.16769968e-03,  8.04946456e-03,  7.92872503e-03,
  7.80552262e-03,  7.67989910e-03,  7.55189652e-03,  7.42155725e-03,
  7.28892402e-03,  7.15403995e-03,  7.01694858e-03,  6.87769389e-03,
  6.73632031e-03,  6.59287271e-03,  6.44739644e-03,  6.29993734e-03,
  6.15054169e-03,  5.99925626e-03,  5.84612830e-03,  5.69120550e-03,
  5.53453603e-03,  5.37616853e-03,  5.21615206e-03,  5.05453614e-03,
  4.89137071e-03,  4.72670613e-03,  4.56059320e-03,  4.39308308e-03,
  4.22422733e-03,  4.05407791e-03,  3.88268710e-03,  3.71010757e-03,
  3.53639230e-03,  3.36159461e-03,  3.18576811e-03,  3.00896672e-03,
  2.83124463e-03,  2.65265630e-03,  2.47325643e-03,  2.29309997e-03,
  2.11224207e-03,  1.93073811e-03,  1.74864361e-03,  1.56601432e-03,
  1.38290610e-03,  1.19937497e-03,  1.01547707e-03,  8.31268645e-04,
  6.46806026e-04,  4.62145626e-04,  2.77343912e-04])
spec_slopes = np.array([-8.93667467e-05, -2.68072910e-04, -4.46697094e-04, -6.25184669e-04,
 -8.03481049e-04, -9.81531703e-04, -1.15928217e-03, -1.33667808e-03,
 -1.51366515e-03, -1.69018925e-03, -1.86619635e-03, -2.04163258e-03,
 -2.21644425e-03, -2.39057784e-03, -2.56398001e-03, -2.73659766e-03,
 -2.90837790e-03, -3.07926808e-03, -3.24921580e-03, -3.41816895e-03,
 -3.58607569e-03, -3.75288447e-03, -3.91854406e-03, -4.08300355e-03,
 -4.24621237e-03, -4.40812031e-03, -4.56867751e-03, -4.72783448e-03,
 -4.88554211e-03, -5.04175172e-03, -5.19641499e-03, -5.34948405e-03,
 -5.50091143e-03, -5.65065011e-03, -5.79865350e-03, -5.94487545e-03,
 -6.08927026e-03, -6.23179269e-03, -6.37239796e-03, -6.51104171e-03,
 -6.64768007e-03, -6.78226959e-03, -6.91476726e-03, -7.04513052e-03,
 -7.17331719e-03, -7.29928551e-03, -7.42299408e-03, -7.54440184e-03,
 -7.66346802e-03, -7.78015211e-03, -7.89441381e-03, -8.00621293e-03,
 -8.11550932e-03, -8.22226277e-03, -8.32643288e-03, -8.42797890e-03,
 -8.52685954e-03, -8.62303273e-03, -8.71645534e-03, -8.80708282e-03,
 -8.89486874e-03, -8.97976423e-03, -9.06171729e-03, -9.14067187e-03,
 -9.21656673e-03, -9.28933395e-03, -9.35889701e-03, -9.42516823e-03,
 -9.48804542e-03, -9.54740734e-03, -9.60310751e-03, -9.65496568e-03,
 -9.70275591e-03, -9.74618953e-03, -9.78489034e-03, -9.81835802e-03,
 -9.84591243e-03, -9.86660708e-03, -9.87909046e-03, -9.88137652e-03,
 -9.87045036e-03, -9.84156130e-03, -9.78689147e-03, -9.69290288e-03,
 -9.53470201e-03, -9.26320782e-03, -8.77400629e-03, -7.83070044e-03,
 -5.91697551e-03, -2.33524534e-03,  2.33524534e-03,  5.91697551e-03,
  7.83070044e-03,  8.77400629e-03,  9.26320782e-03,  9.53470201e-03,
  9.69290288e-03,  9.78689147e-03,  9.84156130e-03,  9.87045036e-03,
  9.88137652e-03,  9.87909046e-03,  9.86660708e-03,  9.84591243e-03,
  9.81835802e-03,  9.78489034e-03,  9.74618953e-03,  9.70275591e-03,
  9.65496568e-03,  9.60310751e-03,  9.54740734e-03,  9.48804542e-03,
  9.42516823e-03,  9.35889701e-03,  9.28933395e-03,  9.21656673e-03,
  9.14067187e-03,  9.06171729e-03,  8.97976423e-03,  8.89486874e-03,
  8.80708282e-03,  8.71645534e-03,  8.62303273e-03,  8.52685954e-03,
  8.42797890e-03,  8.32643288e-03,  8.22226277e-03,  8.11550932e-03,
  8.00621293e-03,  7.89441381e-03,  7.78015211e-03,  7.66346802e-03,
  7.54440184e-03,  7.42299408e-03,  7.29928551e-03,  7.17331719e-03,
  7.04513052e-03,  6.91476726e-03,  6.78226959e-03,  6.64768007e-03,
  6.51104171e-03,  6.37239796e-03,  6.23179269e-03,  6.08927026e-03,
  5.94487545e-03,  5.79865350e-03,  5.65065011e-03,  5.50091143e-03,
  5.34948405e-03,  5.19641499e-03,  5.04175172e-03,  4.88554211e-03,
  4.72783448e-03,  4.56867751e-03,  4.40812031e-03,  4.24621237e-03,
  4.08300355e-03,  3.91854406e-03,  3.75288447e-03,  3.58607569e-03,
  3.41816895e-03,  3.24921580e-03,  3.07926808e-03,  2.90837790e-03,
  2.73659766e-03,  2.56398001e-03,  2.39057784e-03,  2.21644425e-03,
  2.04163258e-03,  1.86619635e-03,  1.69018925e-03,  1.51366515e-03,
  1.33667808e-03,  1.15928217e-03,  9.81531703e-04,  8.03481049e-04,
  6.25184669e-04,  4.46697094e-04,  2.68072910e-04,  8.93667467e-05,
 -8.93667467e-05, -2.68072910e-04, -4.46697094e-04, -6.25184669e-04,
 -8.03481049e-04, -9.81531703e-04, -1.15928217e-03, -1.33667808e-03,
 -1.51366515e-03, -1.69018925e-03, -1.86619635e-03, -2.04163258e-03,
 -2.21644425e-03, -2.39057784e-03, -2.56398001e-03, -2.73659766e-03,
 -2.90837790e-03, -3.07926808e-03, -3.24921580e-03, -3.41816895e-03,
 -3.58607569e-03, -3.75288447e-03, -3.91854406e-03, -4.08300355e-03,
 -4.24621237e-03, -4.40812031e-03, -4.56867751e-03, -4.72783448e-03,
 -4.88554211e-03, -5.04175172e-03, -5.19641499e-03, -5.34948405e-03,
 -5.50091143e-03, -5.65065011e-03, -5.79865350e-03, -5.94487545e-03,
 -6.08927026e-03, -6.23179269e-03, -6.37239796e-03, -6.51104171e-03,
 -6.64768007e-03, -6.78226959e-03, -6.91476726e-03, -7.04513052e-03,
 -7.17331719e-03, -7.29928551e-03, -7.42299408e-03, -7.54440184e-03,
 -7.66346802e-03, -7.78015211e-03, -7.89441381e-03, -8.00621293e-03,
 -8.11550932e-03, -8.22226277e-03, -8.32643288e-03, -8.42797890e-03,
 -8.52685954e-03, -8.62303273e-03, -8.71645534e-03, -8.80708282e-03,
 -8.89486874e-03, -8.97976423e-03, -9.06171729e-03, -9.14067187e-03,
 -9.21656673e-03, -9.28933395e-03, -9.35889701e-03, -9.42516823e-03,
 -9.48804542e-03, -9.54740734e-03, -9.60310751e-03, -9.65496568e-03,
 -9.70275591e-03, -9.74618953e-03, -9.78489034e-03, -9.81835802e-03,
 -9.84591243e-03, -9.86660708e-03, -9.87909046e-03, -9.88137652e-03,
 -9.87045036e-03, -9.84156130e-03, -9.78689147e-03, -9.69290288e-03,
 -9.53470201e-03, -9.26320782e-03, -8.77400629e-03, -7.83070044e-03,
 -5.91697551e-03, -2.33524534e-03,  2.33524534e-03,  5.91697551e-03,
  7.83070044e-03,  8.77400629e-03,  9.26320782e-03,  9.53470201e-03,
  9.69290288e-03,  9.78689147e-03,  9.84156130e-03,  9.87045036e-03,
  9.88137652e-03,  9.87909046e-03,  9.86660708e-03,  9.84591243e-03,
  9.81835802e-03,  9.78489034e-03,  9.74618953e-03,  9.70275591e-03,
  9.65496568e-03,  9.60310751e-03,  9.54740734e-03,  9.48804542e-03,
  9.42516823e-03,  9.35889701e-03,  9.28933395e-03,  9.21656673e-03,
  9.14067187e-03,  9.06171729e-03,  8.97976423e-03,  8.89486874e-03,
  8.80708282e-03,  8.71645534e-03,  8.62303273e-03,  8.52685954e-03,
  8.42797890e-03,  8.32643288e-03,  8.22226277e-03,  8.11550932e-03,
  8.00621293e-03,  7.89441381e-03,  7.78015211e-03,  7.66346802e-03,
  7.54440184e-03,  7.42299408e-03,  7.29928551e-03,  7.17331719e-03,
  7.04513052e-03,  6.91476726e-03,  6.78226959e-03,  6.64768007e-03,
  6.51104171e-03,  6.37239796e-03,  6.23179269e-03,  6.08927026e-03,
  5.94487545e-03,  5.79865350e-03,  5.65065011e-03,  5.50091143e-03,
  5.34948405e-03,  5.19641499e-03,  5.04175172e-03,  4.88554211e-03,
  4.72783448e-03,  4.56867751e-03,  4.40812031e-03,  4.24621237e-03,
  4.08300355e-03,  3.91854406e-03,  3.75288447e-03,  3.58607569e-03,
  3.41816895e-03,  3.24921580e-03,  3.07926808e-03,  2.90837790e-03,
  2.73659766e-03,  2.56398001e-03,  2.39057784e-03,  2.21644425e-03,
  2.04163258e-03,  1.86619635e-03,  1.69018925e-03,  1.51366515e-03,
  1.33667808e-03,  1.15928217e-03,  9.81531703e-04,  8.03481049e-04,
  6.25184669e-04,  4.46697094e-04,  2.68072910e-04])
nextToPFC_slopes = np.array([-9.24571236e-05, -2.77343100e-04, -4.62144272e-04, -6.46804131e-04,
 -8.31266211e-04, -1.01547410e-03, -1.19937146e-03, -1.38290206e-03,
 -1.56600974e-03, -1.74863850e-03, -1.93073246e-03, -2.11223590e-03,
 -2.29309327e-03, -2.47324921e-03, -2.65264855e-03, -2.83123637e-03,
 -3.00895794e-03, -3.18575883e-03, -3.36158482e-03, -3.53638201e-03,
 -3.71009678e-03, -3.88267582e-03, -4.05406614e-03, -4.22421508e-03,
 -4.39307035e-03, -4.56058000e-03, -4.72669247e-03, -4.89135658e-03,
 -5.05452156e-03, -5.21613704e-03, -5.37615307e-03, -5.53452014e-03,
 -5.69118918e-03, -5.84611157e-03, -5.99923913e-03, -6.15052416e-03,
 -6.29991942e-03, -6.44737814e-03, -6.59285404e-03, -6.73630128e-03,
 -6.87767452e-03, -7.01692887e-03, -7.15401992e-03, -7.28890368e-03,
 -7.42153662e-03, -7.55187561e-03, -7.67987792e-03, -7.80550119e-03,
 -7.92870337e-03, -8.04944269e-03, -8.16767761e-03, -8.28336673e-03,
 -8.39646873e-03, -8.50694223e-03, -8.61474571e-03, -8.71983730e-03,
 -8.82217465e-03, -8.92171463e-03, -9.01841308e-03, -9.11222446e-03,
 -9.20310138e-03, -9.29099401e-03, -9.37584946e-03, -9.45761077e-03,
 -9.53621586e-03, -9.61159597e-03, -9.68367377e-03, -9.75236080e-03,
 -9.81755410e-03, -9.87913166e-03, -9.93694626e-03, -9.99081690e-03,
 -1.00405168e-02, -1.00857565e-02, -1.01261587e-02, -1.01612219e-02,
 -1.01902642e-02, -1.02123366e-02, -1.02260838e-02, -1.02295128e-02,
 -1.02195968e-02, -1.01915613e-02, -1.01375399e-02, -1.00438857e-02,
 -9.88543968e-03, -9.61239889e-03, -9.11813116e-03, -8.15855889e-03,
 -6.19028599e-03, -2.45387131e-03,  2.45387131e-03,  6.19028599e-03,
  8.15855889e-03,  9.11813116e-03,  9.61239889e-03,  9.88543968e-03,
  1.00438857e-02,  1.01375399e-02,  1.01915613e-02,  1.02195968e-02,
  1.02295128e-02,  1.02260838e-02,  1.02123366e-02,  1.01902642e-02,
  1.01612219e-02,  1.01261587e-02,  1.00857565e-02,  1.00405168e-02,
  9.99081690e-03,  9.93694626e-03,  9.87913166e-03,  9.81755410e-03,
  9.75236080e-03,  9.68367377e-03,  9.61159597e-03,  9.53621586e-03,
  9.45761077e-03,  9.37584946e-03,  9.29099401e-03,  9.20310138e-03,
  9.11222446e-03,  9.01841308e-03,  8.92171463e-03,  8.82217465e-03,
  8.71983730e-03,  8.61474571e-03,  8.50694223e-03,  8.39646873e-03,
  8.28336673e-03,  8.16767761e-03,  8.04944269e-03,  7.92870337e-03,
  7.80550119e-03,  7.67987792e-03,  7.55187561e-03,  7.42153662e-03,
  7.28890368e-03,  7.15401992e-03,  7.01692887e-03,  6.87767452e-03,
  6.73630128e-03,  6.59285404e-03,  6.44737814e-03,  6.29991942e-03,
  6.15052416e-03,  5.99923913e-03,  5.84611157e-03,  5.69118918e-03,
  5.53452014e-03,  5.37615307e-03,  5.21613704e-03,  5.05452156e-03,
  4.89135658e-03,  4.72669247e-03,  4.56058000e-03,  4.39307035e-03,
  4.22421508e-03,  4.05406614e-03,  3.88267582e-03,  3.71009678e-03,
  3.53638201e-03,  3.36158482e-03,  3.18575883e-03,  3.00895794e-03,
  2.83123637e-03,  2.65264855e-03,  2.47324921e-03,  2.29309327e-03,
  2.11223590e-03,  1.93073246e-03,  1.74863850e-03,  1.56600974e-03,
  1.38290206e-03,  1.19937146e-03,  1.01547410e-03,  8.31266211e-04,
  6.46804131e-04,  4.62144272e-04,  2.77343100e-04,  9.24571236e-05,
 -9.24571236e-05, -2.77343100e-04, -4.62144272e-04, -6.46804131e-04,
 -8.31266211e-04, -1.01547410e-03, -1.19937146e-03, -1.38290206e-03,
 -1.56600974e-03, -1.74863850e-03, -1.93073246e-03, -2.11223590e-03,
 -2.29309327e-03, -2.47324921e-03, -2.65264855e-03, -2.83123637e-03,
 -3.00895794e-03, -3.18575883e-03, -3.36158482e-03, -3.53638201e-03,
 -3.71009678e-03, -3.88267582e-03, -4.05406614e-03, -4.22421508e-03,
 -4.39307035e-03, -4.56058000e-03, -4.72669247e-03, -4.89135658e-03,
 -5.05452156e-03, -5.21613704e-03, -5.37615307e-03, -5.53452014e-03,
 -5.69118918e-03, -5.84611157e-03, -5.99923913e-03, -6.15052416e-03,
 -6.29991942e-03, -6.44737814e-03, -6.59285404e-03, -6.73630128e-03,
 -6.87767452e-03, -7.01692887e-03, -7.15401992e-03, -7.28890368e-03,
 -7.42153662e-03, -7.55187561e-03, -7.67987792e-03, -7.80550119e-03,
 -7.92870337e-03, -8.04944269e-03, -8.16767761e-03, -8.28336673e-03,
 -8.39646873e-03, -8.50694223e-03, -8.61474571e-03, -8.71983730e-03,
 -8.82217465e-03, -8.92171463e-03, -9.01841308e-03, -9.11222446e-03,
 -9.20310138e-03, -9.29099401e-03, -9.37584946e-03, -9.45761077e-03,
 -9.53621586e-03, -9.61159597e-03, -9.68367377e-03, -9.75236080e-03,
 -9.81755410e-03, -9.87913166e-03, -9.93694626e-03, -9.99081690e-03,
 -1.00405168e-02, -1.00857565e-02, -1.01261587e-02, -1.01612219e-02,
 -1.01902642e-02, -1.02123366e-02, -1.02260838e-02, -1.02295128e-02,
 -1.02195968e-02, -1.01915613e-02, -1.01375399e-02, -1.00438857e-02,
 -9.88543968e-03, -9.61239889e-03, -9.11813116e-03, -8.15855889e-03,
 -6.19028599e-03, -2.45387131e-03,  2.45387131e-03,  6.19028599e-03,
  8.15855889e-03,  9.11813116e-03,  9.61239889e-03,  9.88543968e-03,
  1.00438857e-02,  1.01375399e-02,  1.01915613e-02,  1.02195968e-02,
  1.02295128e-02,  1.02260838e-02,  1.02123366e-02,  1.01902642e-02,
  1.01612219e-02,  1.01261587e-02,  1.00857565e-02,  1.00405168e-02,
  9.99081690e-03,  9.93694626e-03,  9.87913166e-03,  9.81755410e-03,
  9.75236080e-03,  9.68367377e-03,  9.61159597e-03,  9.53621586e-03,
  9.45761077e-03,  9.37584946e-03,  9.29099401e-03,  9.20310138e-03,
  9.11222446e-03,  9.01841308e-03,  8.92171463e-03,  8.82217465e-03,
  8.71983730e-03,  8.61474571e-03,  8.50694223e-03,  8.39646873e-03,
  8.28336673e-03,  8.16767761e-03,  8.04944269e-03,  7.92870337e-03,
  7.80550119e-03,  7.67987792e-03,  7.55187561e-03,  7.42153662e-03,
  7.28890368e-03,  7.15401992e-03,  7.01692887e-03,  6.87767452e-03,
  6.73630128e-03,  6.59285404e-03,  6.44737814e-03,  6.29991942e-03,
  6.15052416e-03,  5.99923913e-03,  5.84611157e-03,  5.69118918e-03,
  5.53452014e-03,  5.37615307e-03,  5.21613704e-03,  5.05452156e-03,
  4.89135658e-03,  4.72669247e-03,  4.56058000e-03,  4.39307035e-03,
  4.22421508e-03,  4.05406614e-03,  3.88267582e-03,  3.71009678e-03,
  3.53638201e-03,  3.36158482e-03,  3.18575883e-03,  3.00895794e-03,
  2.83123637e-03,  2.65264855e-03,  2.47324921e-03,  2.29309327e-03,
  2.11223590e-03,  1.93073246e-03,  1.74863850e-03,  1.56600974e-03,
  1.38290206e-03,  1.19937146e-03,  1.01547410e-03,  8.31266211e-04,
  6.46804131e-04,  4.62144272e-04,  2.77343100e-04])
hallprobe_slopes = np.array([-9.43670477e-05, -2.83072290e-04, -4.71690984e-04, -6.60165456e-04,
 -8.48438079e-04, -1.03645128e-03, -1.22414757e-03, -1.41146954e-03,
 -1.59835989e-03, -1.78476147e-03, -1.97061725e-03, -2.15587036e-03,
 -2.34046410e-03, -2.52434199e-03, -2.70744772e-03, -2.88972522e-03,
 -3.07111868e-03, -3.25157250e-03, -3.43103139e-03, -3.60944032e-03,
 -3.78674458e-03, -3.96288976e-03, -4.13782178e-03, -4.31148692e-03,
 -4.48383179e-03, -4.65480341e-03, -4.82434914e-03, -4.99241677e-03,
 -5.15895448e-03, -5.32391088e-03, -5.48723500e-03, -5.64887633e-03,
 -5.80878480e-03, -5.96691078e-03, -6.12320515e-03, -6.27761923e-03,
 -6.43010482e-03, -6.58061423e-03, -6.72910022e-03, -6.87551605e-03,
 -7.01981548e-03, -7.16195272e-03, -7.30188248e-03, -7.43955991e-03,
 -7.57494064e-03, -7.70798068e-03, -7.83863650e-03, -7.96686491e-03,
 -8.09262309e-03, -8.21586847e-03, -8.33655875e-03, -8.45465180e-03,
 -8.57010554e-03, -8.68287789e-03, -8.79292663e-03, -8.90020920e-03,
 -9.00468256e-03, -9.10630296e-03, -9.20502560e-03, -9.30080431e-03,
 -9.39359109e-03, -9.48333555e-03, -9.56998419e-03, -9.65347953e-03,
 -9.73375893e-03, -9.81075310e-03, -9.88438422e-03, -9.95456330e-03,
 -1.00211869e-02, -1.00841325e-02, -1.01432525e-02, -1.01983652e-02,
 -1.02492434e-02, -1.02955970e-02, -1.03370480e-02, -1.03730940e-02,
 -1.04030520e-02, -1.04259714e-02, -1.04404939e-02, -1.04446224e-02,
 -1.04353221e-02, -1.04078036e-02, -1.03541700e-02, -1.02607077e-02,
 -1.01020958e-02, -9.82809529e-03, -9.33073708e-03, -8.36129529e-03,
 -6.35974945e-03, -2.52772493e-03,  2.52772493e-03,  6.35974945e-03,
  8.36129529e-03,  9.33073708e-03,  9.82809529e-03,  1.01020958e-02,
  1.02607077e-02,  1.03541700e-02,  1.04078036e-02,  1.04353221e-02,
  1.04446224e-02,  1.04404939e-02,  1.04259714e-02,  1.04030520e-02,
  1.03730940e-02,  1.03370480e-02,  1.02955970e-02,  1.02492434e-02,
  1.01983652e-02,  1.01432525e-02,  1.00841325e-02,  1.00211869e-02,
  9.95456330e-03,  9.88438422e-03,  9.81075310e-03,  9.73375893e-03,
  9.65347953e-03,  9.56998419e-03,  9.48333555e-03,  9.39359109e-03,
  9.30080431e-03,  9.20502560e-03,  9.10630296e-03,  9.00468256e-03,
  8.90020920e-03,  8.79292663e-03,  8.68287789e-03,  8.57010554e-03,
  8.45465180e-03,  8.33655875e-03,  8.21586847e-03,  8.09262309e-03,
  7.96686491e-03,  7.83863650e-03,  7.70798068e-03,  7.57494064e-03,
  7.43955991e-03,  7.30188248e-03,  7.16195272e-03,  7.01981548e-03,
  6.87551605e-03,  6.72910022e-03,  6.58061423e-03,  6.43010482e-03,
  6.27761923e-03,  6.12320515e-03,  5.96691078e-03,  5.80878480e-03,
  5.64887633e-03,  5.48723500e-03,  5.32391088e-03,  5.15895448e-03,
  4.99241677e-03,  4.82434914e-03,  4.65480341e-03,  4.48383179e-03,
  4.31148692e-03,  4.13782178e-03,  3.96288976e-03,  3.78674458e-03,
  3.60944032e-03,  3.43103139e-03,  3.25157250e-03,  3.07111868e-03,
  2.88972522e-03,  2.70744772e-03,  2.52434199e-03,  2.34046410e-03,
  2.15587036e-03,  1.97061725e-03,  1.78476147e-03,  1.59835989e-03,
  1.41146954e-03,  1.22414757e-03,  1.03645128e-03,  8.48438079e-04,
  6.60165456e-04,  4.71690984e-04,  2.83072290e-04,  9.43670477e-05,
 -9.43670477e-05, -2.83072290e-04, -4.71690984e-04, -6.60165456e-04,
 -8.48438079e-04, -1.03645128e-03, -1.22414757e-03, -1.41146954e-03,
 -1.59835989e-03, -1.78476147e-03, -1.97061725e-03, -2.15587036e-03,
 -2.34046410e-03, -2.52434199e-03, -2.70744772e-03, -2.88972522e-03,
 -3.07111868e-03, -3.25157250e-03, -3.43103139e-03, -3.60944032e-03,
 -3.78674458e-03, -3.96288976e-03, -4.13782178e-03, -4.31148692e-03,
 -4.48383179e-03, -4.65480341e-03, -4.82434914e-03, -4.99241677e-03,
 -5.15895448e-03, -5.32391088e-03, -5.48723500e-03, -5.64887633e-03,
 -5.80878480e-03, -5.96691078e-03, -6.12320515e-03, -6.27761923e-03,
 -6.43010482e-03, -6.58061423e-03, -6.72910022e-03, -6.87551605e-03,
 -7.01981548e-03, -7.16195272e-03, -7.30188248e-03, -7.43955991e-03,
 -7.57494064e-03, -7.70798068e-03, -7.83863650e-03, -7.96686491e-03,
 -8.09262309e-03, -8.21586847e-03, -8.33655875e-03, -8.45465180e-03,
 -8.57010554e-03, -8.68287789e-03, -8.79292663e-03, -8.90020920e-03,
 -9.00468256e-03, -9.10630296e-03, -9.20502560e-03, -9.30080431e-03,
 -9.39359109e-03, -9.48333555e-03, -9.56998419e-03, -9.65347953e-03,
 -9.73375893e-03, -9.81075310e-03, -9.88438422e-03, -9.95456330e-03,
 -1.00211869e-02, -1.00841325e-02, -1.01432525e-02, -1.01983652e-02,
 -1.02492434e-02, -1.02955970e-02, -1.03370480e-02, -1.03730940e-02,
 -1.04030520e-02, -1.04259714e-02, -1.04404939e-02, -1.04446224e-02,
 -1.04353221e-02, -1.04078036e-02, -1.03541700e-02, -1.02607077e-02,
 -1.01020958e-02, -9.82809529e-03, -9.33073708e-03, -8.36129529e-03,
 -6.35974945e-03, -2.52772493e-03,  2.52772493e-03,  6.35974945e-03,
  8.36129529e-03,  9.33073708e-03,  9.82809529e-03,  1.01020958e-02,
  1.02607077e-02,  1.03541700e-02,  1.04078036e-02,  1.04353221e-02,
  1.04446224e-02,  1.04404939e-02,  1.04259714e-02,  1.04030520e-02,
  1.03730940e-02,  1.03370480e-02,  1.02955970e-02,  1.02492434e-02,
  1.01983652e-02,  1.01432525e-02,  1.00841325e-02,  1.00211869e-02,
  9.95456330e-03,  9.88438422e-03,  9.81075310e-03,  9.73375893e-03,
  9.65347953e-03,  9.56998419e-03,  9.48333555e-03,  9.39359109e-03,
  9.30080431e-03,  9.20502560e-03,  9.10630296e-03,  9.00468256e-03,
  8.90020920e-03,  8.79292663e-03,  8.68287789e-03,  8.57010554e-03,
  8.45465180e-03,  8.33655875e-03,  8.21586847e-03,  8.09262309e-03,
  7.96686491e-03,  7.83863650e-03,  7.70798068e-03,  7.57494064e-03,
  7.43955991e-03,  7.30188248e-03,  7.16195272e-03,  7.01981548e-03,
  6.87551605e-03,  6.72910022e-03,  6.58061423e-03,  6.43010482e-03,
  6.27761923e-03,  6.12320515e-03,  5.96691078e-03,  5.80878480e-03,
  5.64887633e-03,  5.48723500e-03,  5.32391088e-03,  5.15895448e-03,
  4.99241677e-03,  4.82434914e-03,  4.65480341e-03,  4.48383179e-03,
  4.31148692e-03,  4.13782178e-03,  3.96288976e-03,  3.78674458e-03,
  3.60944032e-03,  3.43103139e-03,  3.25157250e-03,  3.07111868e-03,
  2.88972522e-03,  2.70744772e-03,  2.52434199e-03,  2.34046410e-03,
  2.15587036e-03,  1.97061725e-03,  1.78476147e-03,  1.59835989e-03,
  1.41146954e-03,  1.22414757e-03,  1.03645128e-03,  8.48438079e-04,
  6.60165456e-04,  4.71690984e-04,  2.83072290e-04])
