Filename = i1q3_hires_500t.npy
kw15 = np.array([[ 9.78674016e-05,  9.78704224e-05,  9.78730896e-05,  9.78741760e-05,
   9.78777600e-05,  9.78777177e-05,  9.78826157e-05,  9.78800423e-05,
   9.78770206e-05,  9.78858235e-05,  9.78831989e-05,  9.78841428e-05,
   9.78899978e-05,  9.78874851e-05,  9.78877595e-05,  9.78906375e-05,
   9.78942829e-05,  9.78907468e-05,  9.78908877e-05,  9.78924582e-05,
  -9.79118474e-05, -9.79076334e-05, -9.79138651e-05, -9.79112624e-05,
  -9.79126204e-05, -9.79135321e-05, -9.79152716e-05, -9.79160250e-05,
  -9.79167345e-05, -9.79160868e-05, -9.79186976e-05, -9.79234957e-05,
  -9.79249776e-05, -9.79239691e-05, -9.79255382e-05, -9.79312107e-05,
  -9.79321026e-05, -9.79368841e-05, -9.79368261e-05],
 [ 1.72736669e-06,  1.72769024e-06,  1.72760303e-06,  1.72759578e-06,
   1.72762893e-06,  1.72783520e-06,  1.72774294e-06,  1.72762237e-06,
   1.72778601e-06,  1.72757126e-06,  1.72795528e-06,  1.72773007e-06,
   1.72807691e-06,  1.72790146e-06,  1.72788922e-06,  1.72779977e-06,
   1.72765866e-06,  1.72799670e-06,  1.72795357e-06,  0.00000000e+00,
  -9.50197908e-11, -1.81178779e-10,  3.69965116e-12,  2.00782459e-10,
  -6.25230737e-11,  7.54555843e-11, -4.09574992e-10, -3.37283924e-10,
   1.68508358e-10, -3.07877435e-10,  7.01389063e-11,  1.25005941e-10,
   9.23051139e-11,  4.78614861e-10, -4.57876858e-11,  2.88907615e-13,
   2.64205526e-10, -3.44617315e-11, -2.04201213e-10],
 [ 9.23408733e-02,  9.06260383e-02,  8.89735077e-02,  8.73799712e-02,
   8.58423012e-02,  8.43576400e-02,  8.29232867e-02,  8.15367215e-02,
   8.01956117e-02,  7.88977342e-02,  7.76410458e-02,  7.64236157e-02,
   7.52436379e-02,  7.40994052e-02,  7.29893142e-02,  7.19118651e-02,
   7.08656164e-02,  6.98492768e-02,  6.88615453e-02,  6.79012319e-02,
   6.69669374e-02,  6.60578858e-02,  6.51730416e-02,  6.43114748e-02,
   6.34722366e-02,  6.26544538e-02,  6.18572697e-02,  6.10798599e-02,
   6.03213972e-02,  5.95810501e-02,  5.88579630e-02,  5.81511898e-02,
   5.74597130e-02,  5.67822509e-02,  5.61172757e-02,  5.54627932e-02,
   5.48160963e-02,  5.41734975e-02,  5.35298221e-02]])
spec = np.array([[ 2.56255022e-04,  2.56263676e-04,  2.56256907e-04,  2.56260958e-04,
   2.56255673e-04,  2.56253730e-04,  2.56253238e-04,  2.56256454e-04,
   2.56255766e-04,  2.56253810e-04,  2.56246549e-04,  2.56257974e-04,
   2.56249565e-04,  2.56245271e-04,  2.56253058e-04,  2.56250827e-04,
   2.56247649e-04,  2.56247493e-04,  2.56244870e-04,  2.56246847e-04,
  -2.56283673e-04, -2.56284031e-04, -2.56286760e-04, -2.56287163e-04,
  -2.56280769e-04, -2.56280911e-04, -2.56283871e-04, -2.56284618e-04,
  -2.56277345e-04, -2.56279495e-04, -2.56281153e-04, -2.56278112e-04,
  -2.56281200e-04, -2.56283527e-04, -2.56275498e-04, -2.56277703e-04,
  -2.56281093e-04, -2.56275548e-04, -2.56275946e-04],
 [ 4.52316290e-06,  4.52393349e-06,  4.52288543e-06,  4.52362228e-06,
   4.52347413e-06,  4.52331138e-06,  4.52338906e-06,  4.52380780e-06,
   4.52292643e-06,  4.52313721e-06,  4.52284571e-06,  4.52312488e-06,
   4.52309453e-06,  4.52307566e-06,  4.52303560e-06,  4.52315711e-06,
   4.52282463e-06,  4.52324874e-06,  4.52321175e-06,  0.00000000e+00,
   1.04935459e-10,  5.53350989e-11, -1.94118998e-10,  2.72758344e-11,
   3.96051303e-10,  1.59485485e-10, -1.39039916e-12,  1.29717881e-10,
  -5.59753710e-11,  1.75661368e-10,  3.88702835e-10, -1.46334782e-10,
  -3.97334714e-11, -4.72061295e-11,  2.54961712e-10,  1.39250759e-11,
   4.95433646e-10,  3.35428732e-10,  1.71773378e-10],
 [ 9.28283862e-02,  9.11135559e-02,  8.94610280e-02,  8.78674829e-02,
   8.63298172e-02,  8.48451557e-02,  8.34108028e-02,  8.20242427e-02,
   8.06831183e-02,  7.93852522e-02,  7.81285584e-02,  7.69111304e-02,
   7.57311551e-02,  7.45869168e-02,  7.34768249e-02,  7.23993754e-02,
   7.13531376e-02,  7.03367837e-02,  6.93490540e-02,  6.83887452e-02,
   6.74544538e-02,  6.65453909e-02,  6.56605630e-02,  6.47989833e-02,
   6.39597430e-02,  6.31419640e-02,  6.23447804e-02,  6.15673664e-02,
   6.08089010e-02,  6.00685597e-02,  5.93454678e-02,  5.86386993e-02,
   5.79472170e-02,  5.72697622e-02,  5.66047915e-02,  5.59503010e-02,
   5.53036004e-02,  5.46610059e-02,  5.40173257e-02]])
nextToPFC = np.array([[-9.78766395e-05, -9.78679850e-05, -9.78747548e-05, -9.78707038e-05,
  -9.78759882e-05, -9.78779318e-05, -9.78784238e-05, -9.78752071e-05,
  -9.78758959e-05, -9.78778517e-05, -9.78851121e-05, -9.78736879e-05,
  -9.78820962e-05, -9.78863908e-05, -9.78786036e-05, -9.78808348e-05,
  -9.78840126e-05, -9.78841682e-05, -9.78867915e-05, -9.78848140e-05,
   9.79031519e-05,  9.79027935e-05,  9.79000651e-05,  9.78996613e-05,
   9.79060557e-05,  9.79059136e-05,  9.79029541e-05,  9.79022071e-05,
   9.79094798e-05,  9.79073299e-05,  9.79056720e-05,  9.79087130e-05,
   9.79056252e-05,  9.79032981e-05,  9.79113266e-05,  9.79091221e-05,
   9.79057315e-05,  9.79112767e-05,  9.79108789e-05],
 [-1.72769642e-06, -1.72692583e-06, -1.72797389e-06, -1.72723704e-06,
  -1.72738519e-06, -1.72754795e-06, -1.72747026e-06, -1.72705152e-06,
  -1.72793289e-06, -1.72772212e-06, -1.72801361e-06, -1.72773444e-06,
  -1.72776479e-06, -1.72778366e-06, -1.72782372e-06, -1.72770221e-06,
  -1.72803469e-06, -1.72761058e-06, -1.72764758e-06,  0.00000000e+00,
   1.04935459e-10,  5.53350990e-11, -1.94118998e-10,  2.72758345e-11,
   3.96051303e-10,  1.59485485e-10, -1.39039908e-12,  1.29717881e-10,
  -5.59753709e-11,  1.75661368e-10,  3.88702835e-10, -1.46334782e-10,
  -3.97334713e-11, -4.72061294e-11,  2.54961712e-10,  1.39250760e-11,
   4.95433646e-10,  3.35428732e-10,  1.71773378e-10],
 [ 9.29434684e-02,  9.12286381e-02,  8.95761102e-02,  8.79825652e-02,
   8.64448995e-02,  8.49602380e-02,  8.35258851e-02,  8.21393249e-02,
   8.07982006e-02,  7.95003345e-02,  7.82436407e-02,  7.70262127e-02,
   7.58462374e-02,  7.47019991e-02,  7.35919072e-02,  7.25144577e-02,
   7.14682199e-02,  7.04518659e-02,  6.94641363e-02,  6.85038275e-02,
   6.75695360e-02,  6.66604732e-02,  6.57756453e-02,  6.49140656e-02,
   6.40748253e-02,  6.32570463e-02,  6.24598627e-02,  6.16824486e-02,
   6.09239833e-02,  6.01836419e-02,  5.94605501e-02,  5.87537816e-02,
   5.80622993e-02,  5.73848445e-02,  5.67198738e-02,  5.60653833e-02,
   5.54186827e-02,  5.47760882e-02,  5.41324079e-02]])
hallprobe = np.array([[-3.16742043e-04, -3.16733388e-04, -3.16740158e-04, -3.16736107e-04,
  -3.16741391e-04, -3.16743335e-04, -3.16743827e-04, -3.16740610e-04,
  -3.16741299e-04, -3.16743255e-04, -3.16750515e-04, -3.16739091e-04,
  -3.16747499e-04, -3.16751794e-04, -3.16744007e-04, -3.16746238e-04,
  -3.16749416e-04, -3.16749571e-04, -3.16752195e-04, -3.16750217e-04,
   3.16802648e-04,  3.16802290e-04,  3.16799561e-04,  3.16799157e-04,
   3.16805552e-04,  3.16805410e-04,  3.16802450e-04,  3.16801703e-04,
   3.16808976e-04,  3.16806826e-04,  3.16805168e-04,  3.16808209e-04,
   3.16805121e-04,  3.16802794e-04,  3.16810823e-04,  3.16808618e-04,
   3.16805228e-04,  3.16810773e-04,  3.16810375e-04],
 [-5.59093994e-06, -5.59016935e-06, -5.59121741e-06, -5.59048056e-06,
  -5.59062871e-06, -5.59079147e-06, -5.59071378e-06, -5.59029504e-06,
  -5.59117641e-06, -5.59096564e-06, -5.59125713e-06, -5.59097796e-06,
  -5.59100831e-06, -5.59102718e-06, -5.59106724e-06, -5.59094573e-06,
  -5.59127821e-06, -5.59085410e-06, -5.59089110e-06,  0.00000000e+00,
   1.04935459e-10,  5.53350991e-11, -1.94118998e-10,  2.72758346e-11,
   3.96051303e-10,  1.59485485e-10, -1.39039902e-12,  1.29717881e-10,
  -5.59753708e-11,  1.75661368e-10,  3.88702835e-10, -1.46334782e-10,
  -3.97334712e-11, -4.72061294e-11,  2.54961712e-10,  1.39250761e-11,
   4.95433647e-10,  3.35428732e-10,  1.71773379e-10],
 [ 9.26421791e-02,  9.09273488e-02,  8.92748209e-02,  8.76812758e-02,
   8.61436102e-02,  8.46589487e-02,  8.32245958e-02,  8.18380356e-02,
   8.04969113e-02,  7.91990452e-02,  7.79423514e-02,  7.67249234e-02,
   7.55449481e-02,  7.44007098e-02,  7.32906178e-02,  7.22131684e-02,
   7.11669306e-02,  7.01505766e-02,  6.91628470e-02,  6.82025381e-02,
   6.72682467e-02,  6.63591839e-02,  6.54743560e-02,  6.46127763e-02,
   6.37735360e-02,  6.29557570e-02,  6.21585734e-02,  6.13811593e-02,
   6.06226940e-02,  5.98823526e-02,  5.91592608e-02,  5.84524923e-02,
   5.77610100e-02,  5.70835552e-02,  5.64185845e-02,  5.57640940e-02,
   5.51173934e-02,  5.44747988e-02,  5.38311186e-02]])
kw15_slopes = np.array([[-3.02079712e-07, -2.66723451e-07, -1.08638841e-07, -3.58396358e-07,
   4.22745746e-09, -4.89800704e-07,  2.57340447e-07,  3.02176340e-07,
  -8.80296145e-07,  2.62462761e-07, -9.43959480e-08, -5.85491686e-07,
   2.51267610e-07, -2.74440761e-08, -2.87799662e-07, -3.64541075e-07,
   3.53610945e-07, -1.40912361e-08, -1.57049983e-07,  1.95804306e-02,
  -4.21396848e-07,  6.23164722e-07, -2.60267899e-07,  1.35803045e-07,
   9.11638091e-08,  1.73954133e-07,  7.53390517e-08,  7.09545166e-08,
  -6.47685822e-08,  2.61074587e-07,  4.79807640e-07,  1.48189619e-07,
  -1.00851662e-07,  1.56910328e-07,  5.67251157e-07,  8.91951978e-08,
   4.78149333e-07, -5.80371723e-09],
 [-3.23541857e-08,  8.72076548e-09,  7.25242728e-10, -3.31531315e-09,
  -2.06267386e-08,  9.22570625e-09,  1.20566995e-08, -1.63637818e-08,
   2.14752031e-08, -3.84021954e-08,  2.25206661e-08, -3.46835730e-08,
   1.75451815e-08,  1.22381964e-09,  8.94443801e-09,  1.41117120e-08,
  -3.38046975e-08,  4.31364375e-09,  1.72795357e-04,  9.50197908e-09,
   8.61589880e-09, -1.84878430e-08, -1.97082808e-08,  2.63305533e-08,
  -1.37978658e-08,  4.85030576e-08, -7.22910679e-09, -5.05792282e-08,
   4.76385793e-08, -3.78016341e-08, -5.48670343e-09,  3.27008267e-09,
  -3.86309747e-08,  5.24402547e-08, -4.60765934e-09, -2.63916618e-08,
   2.98667257e-08,  1.69739481e-08],
 [ 1.71483507e-01,  1.65253058e-01,  1.59353650e-01,  1.53766999e-01,
   1.48466114e-01,  1.43435336e-01,  1.38656519e-01,  1.34110975e-01,
   1.29787752e-01,  1.25668842e-01,  1.21743009e-01,  1.17997787e-01,
   1.14423267e-01,  1.11009100e-01,  1.07744912e-01,  1.04624862e-01,
   1.01633967e-01,  9.87731506e-02,  9.60313415e-02,  9.34294485e-02,
   9.09051553e-02,  8.84844254e-02,  8.61566751e-02,  8.39238175e-02,
   8.17782845e-02,  7.97184137e-02,  7.77409808e-02,  7.58462657e-02,
   7.40347111e-02,  7.23087102e-02,  7.06773138e-02,  6.91476845e-02,
   6.77462145e-02,  6.64975167e-02,  6.54482520e-02,  6.46696858e-02,
   6.42598810e-02,  6.43675373e-02]])
spec_slopes = np.array([[-8.65454960e-07,  6.76984844e-07, -4.05106414e-07,  5.28445597e-07,
   1.94360662e-07,  4.91975738e-08, -3.21666453e-07,  6.88749773e-08,
   1.95581443e-07,  7.26041073e-07, -1.14242072e-06,  8.40825941e-07,
   4.29463615e-07, -7.78719102e-07,  2.23121971e-07,  3.17775092e-07,
   1.55624821e-08,  2.62333339e-07, -1.97754481e-07,  5.12530520e-02,
   3.58333682e-08,  2.72841267e-07,  4.03814523e-08, -6.39442501e-07,
   1.42141788e-08,  2.95949522e-07,  7.46984797e-08, -7.27264762e-07,
   2.14985297e-07,  1.65790486e-07, -3.04098852e-07,  3.08777456e-07,
   2.32706709e-07, -8.02846636e-07,  2.20452855e-07,  3.39062209e-07,
  -5.54526803e-07,  3.97803540e-08],
 [-7.70587905e-08,  1.04806596e-07, -7.36850813e-08,  1.48146181e-08,
   1.62756289e-08, -7.76877968e-09, -4.18741666e-08,  8.81372524e-08,
  -2.10773473e-08,  2.91494997e-08, -2.79167242e-08,  3.03478443e-09,
   1.88703840e-09,  4.00547665e-09, -1.21509162e-08,  3.32480547e-08,
  -4.24107030e-08,  3.69945800e-09,  4.52321175e-04, -1.04935459e-08,
   4.96003596e-09,  2.49454097e-08, -2.21394833e-08, -3.68775469e-08,
   2.36565818e-08,  1.60875884e-08, -1.31108280e-08,  1.85693252e-08,
  -2.31636739e-08, -2.13041467e-08,  5.35037617e-08, -1.06601311e-08,
   7.47265813e-10, -3.02167841e-08,  2.41036636e-08, -4.81508570e-08,
   1.60004914e-08,  1.63655354e-08],
 [ 1.71483029e-01,  1.65252790e-01,  1.59354508e-01,  1.53766565e-01,
   1.48466152e-01,  1.43435289e-01,  1.38656018e-01,  1.34112434e-01,
   1.29786610e-01,  1.25669380e-01,  1.21742797e-01,  1.17997535e-01,
   1.14423827e-01,  1.11009193e-01,  1.07744948e-01,  1.04623782e-01,
   1.01635393e-01,  9.87729610e-02,  9.60308871e-02,  9.34291423e-02,
   9.09062817e-02,  8.84827908e-02,  8.61579725e-02,  8.39240259e-02,
   8.17779023e-02,  7.97183625e-02,  7.77414029e-02,  7.58465328e-02,
   7.40341385e-02,  7.23091808e-02,  7.06768512e-02,  6.91482305e-02,
   6.77454818e-02,  6.64970706e-02,  6.54490511e-02,  6.46700562e-02,
   6.42594557e-02,  6.43680208e-02]])
nextToPFC_slopes = np.array([[-8.65454961e-07,  6.76984844e-07, -4.05106414e-07,  5.28445597e-07,
   1.94360662e-07,  4.91975741e-08, -3.21666454e-07,  6.88749776e-08,
   1.95581444e-07,  7.26041073e-07, -1.14242072e-06,  8.40825940e-07,
   4.29463615e-07, -7.78719102e-07,  2.23121971e-07,  3.17775091e-07,
   1.55624828e-08,  2.62333339e-07, -1.97754481e-07, -1.95787966e-02,
   3.58333679e-08,  2.72841267e-07,  4.03814513e-08, -6.39442501e-07,
   1.42141788e-08,  2.95949521e-07,  7.46984804e-08, -7.27264763e-07,
   2.14985297e-07,  1.65790486e-07, -3.04098852e-07,  3.08777455e-07,
   2.32706709e-07, -8.02846635e-07,  2.20452854e-07,  3.39062209e-07,
  -5.54526804e-07,  3.97803537e-08],
 [-7.70587905e-08,  1.04806596e-07, -7.36850813e-08,  1.48146181e-08,
   1.62756289e-08, -7.76877970e-09, -4.18741666e-08,  8.81372524e-08,
  -2.10773473e-08,  2.91494997e-08, -2.79167242e-08,  3.03478442e-09,
   1.88703840e-09,  4.00547665e-09, -1.21509162e-08,  3.32480547e-08,
  -4.24107029e-08,  3.69945798e-09, -1.72764758e-04, -1.04935459e-08,
   4.96003596e-09,  2.49454097e-08, -2.21394833e-08, -3.68775469e-08,
   2.36565818e-08,  1.60875884e-08, -1.31108280e-08,  1.85693252e-08,
  -2.31636739e-08, -2.13041467e-08,  5.35037617e-08, -1.06601311e-08,
   7.47265813e-10, -3.02167841e-08,  2.41036636e-08, -4.81508570e-08,
   1.60004914e-08,  1.63655354e-08],
 [ 1.71483029e-01,  1.65252790e-01,  1.59354508e-01,  1.53766565e-01,
   1.48466152e-01,  1.43435289e-01,  1.38656018e-01,  1.34112434e-01,
   1.29786610e-01,  1.25669380e-01,  1.21742797e-01,  1.17997535e-01,
   1.14423827e-01,  1.11009193e-01,  1.07744948e-01,  1.04623782e-01,
   1.01635393e-01,  9.87729610e-02,  9.60308871e-02,  9.34291423e-02,
   9.09062817e-02,  8.84827908e-02,  8.61579725e-02,  8.39240259e-02,
   8.17779023e-02,  7.97183625e-02,  7.77414029e-02,  7.58465328e-02,
   7.40341385e-02,  7.23091808e-02,  7.06768512e-02,  6.91482305e-02,
   6.77454818e-02,  6.64970706e-02,  6.54490511e-02,  6.46700562e-02,
   6.42594557e-02,  6.43680208e-02]])
hallprobe_slopes = np.array([[-8.65454961e-07,  6.76984844e-07, -4.05106414e-07,  5.28445597e-07,
   1.94360663e-07,  4.91975740e-08, -3.21666454e-07,  6.88749773e-08,
   1.95581444e-07,  7.26041073e-07, -1.14242072e-06,  8.40825939e-07,
   4.29463615e-07, -7.78719102e-07,  2.23121971e-07,  3.17775091e-07,
   1.55624826e-08,  2.62333338e-07, -1.97754481e-07, -6.33552865e-02,
   3.58333685e-08,  2.72841267e-07,  4.03814516e-08, -6.39442501e-07,
   1.42141786e-08,  2.95949521e-07,  7.46984801e-08, -7.27264763e-07,
   2.14985296e-07,  1.65790486e-07, -3.04098852e-07,  3.08777456e-07,
   2.32706709e-07, -8.02846636e-07,  2.20452855e-07,  3.39062209e-07,
  -5.54526803e-07,  3.97803542e-08],
 [-7.70587905e-08,  1.04806596e-07, -7.36850813e-08,  1.48146181e-08,
   1.62756289e-08, -7.76877969e-09, -4.18741666e-08,  8.81372524e-08,
  -2.10773473e-08,  2.91494997e-08, -2.79167242e-08,  3.03478442e-09,
   1.88703840e-09,  4.00547666e-09, -1.21509162e-08,  3.32480547e-08,
  -4.24107029e-08,  3.69945798e-09, -5.59089110e-04, -1.04935459e-08,
   4.96003596e-09,  2.49454097e-08, -2.21394833e-08, -3.68775469e-08,
   2.36565818e-08,  1.60875884e-08, -1.31108280e-08,  1.85693252e-08,
  -2.31636739e-08, -2.13041467e-08,  5.35037617e-08, -1.06601311e-08,
   7.47265813e-10, -3.02167841e-08,  2.41036636e-08, -4.81508570e-08,
   1.60004914e-08,  1.63655354e-08],
 [ 1.71483029e-01,  1.65252790e-01,  1.59354508e-01,  1.53766565e-01,
   1.48466152e-01,  1.43435289e-01,  1.38656018e-01,  1.34112434e-01,
   1.29786610e-01,  1.25669380e-01,  1.21742797e-01,  1.17997535e-01,
   1.14423827e-01,  1.11009193e-01,  1.07744948e-01,  1.04623782e-01,
   1.01635393e-01,  9.87729610e-02,  9.60308871e-02,  9.34291423e-02,
   9.09062817e-02,  8.84827908e-02,  8.61579725e-02,  8.39240259e-02,
   8.17779023e-02,  7.97183625e-02,  7.77414029e-02,  7.58465328e-02,
   7.40341385e-02,  7.23091808e-02,  7.06768512e-02,  6.91482305e-02,
   6.77454818e-02,  6.64970706e-02,  6.54490511e-02,  6.46700562e-02,
   6.42594557e-02,  6.43680208e-02]])
Filename = i1q3_hires_1000t.npy
kw15 = np.array([[ 9.78552193e-05,  9.78612609e-05,  9.78665954e-05,  9.78687681e-05,
   9.78759361e-05,  9.78758515e-05,  9.78856475e-05,  9.78805007e-05,
   9.78744572e-05,  9.78920631e-05,  9.78868139e-05,  9.78887018e-05,
   9.79004116e-05,  9.78953863e-05,  9.78959351e-05,  9.79016911e-05,
   9.79089820e-05,  9.79019097e-05,  9.79021916e-05,  9.79053326e-05,
  -9.79288641e-05, -9.79204361e-05, -9.79328994e-05, -9.79276941e-05,
  -9.79304101e-05, -9.79322334e-05, -9.79357125e-05, -9.79372193e-05,
  -9.79386384e-05, -9.79373430e-05, -9.79425645e-05, -9.79521606e-05,
  -9.79551244e-05, -9.79531074e-05, -9.79562456e-05, -9.79675906e-05,
  -9.79693745e-05, -9.79789375e-05, -9.79788214e-05],
 [ 1.72703836e-06,  1.72768545e-06,  1.72751103e-06,  1.72749653e-06,
   1.72756283e-06,  1.72797537e-06,  1.72779085e-06,  1.72754972e-06,
   1.72787699e-06,  1.72744749e-06,  1.72821553e-06,  1.72776512e-06,
   1.72845879e-06,  1.72810789e-06,  1.72808341e-06,  1.72790452e-06,
   1.72762229e-06,  1.72829838e-06,  1.72821211e-06,  0.00000000e+00,
  -1.90039582e-10, -3.62357558e-10,  7.39930235e-12,  4.01564918e-10,
  -1.25046147e-10,  1.50911169e-10, -8.19149984e-10, -6.74567848e-10,
   3.37016717e-10, -6.15754870e-10,  1.40277813e-10,  2.50011881e-10,
   1.84610228e-10,  9.57229722e-10, -9.15753715e-11,  5.77815255e-13,
   5.28411052e-10, -6.89234629e-11, -4.08402425e-10],
 [ 1.84983036e-01,  1.81553366e-01,  1.78248305e-01,  1.75061232e-01,
   1.71985892e-01,  1.69016569e-01,  1.66147863e-01,  1.63374732e-01,
   1.60692513e-01,  1.58096758e-01,  1.55583381e-01,  1.53148521e-01,
   1.50788565e-01,  1.48500100e-01,  1.46279918e-01,  1.44125019e-01,
   1.42032522e-01,  1.39999843e-01,  1.38024380e-01,  1.36103753e-01,
   1.34235164e-01,  1.32417061e-01,  1.30647372e-01,  1.28924239e-01,
   1.27245763e-01,  1.25610197e-01,  1.24015829e-01,  1.22461009e-01,
   1.20944084e-01,  1.19463389e-01,  1.18017215e-01,  1.16603669e-01,
   1.15220715e-01,  1.13865791e-01,  1.12535841e-01,  1.11226876e-01,
   1.09933482e-01,  1.08648284e-01,  1.07360934e-01]])
spec = np.array([[ 2.56257966e-04,  2.56275275e-04,  2.56261736e-04,  2.56269838e-04,
   2.56259269e-04,  2.56255382e-04,  2.56254398e-04,  2.56260831e-04,
   2.56259454e-04,  2.56255542e-04,  2.56241021e-04,  2.56263870e-04,
   2.56247053e-04,  2.56238464e-04,  2.56254038e-04,  2.56249576e-04,
   2.56243220e-04,  2.56242909e-04,  2.56237662e-04,  2.56241617e-04,
  -2.56275352e-04, -2.56276068e-04, -2.56281525e-04, -2.56282333e-04,
  -2.56269544e-04, -2.56269828e-04, -2.56275747e-04, -2.56277241e-04,
  -2.56262696e-04, -2.56266996e-04, -2.56270312e-04, -2.56264230e-04,
  -2.56270405e-04, -2.56275059e-04, -2.56259002e-04, -2.56263411e-04,
  -2.56270193e-04, -2.56259102e-04, -2.56259898e-04],
 [ 4.52316151e-06,  4.52470269e-06,  4.52260656e-06,  4.52408026e-06,
   4.52378397e-06,  4.52345845e-06,  4.52361383e-06,  4.52445131e-06,
   4.52268857e-06,  4.52311011e-06,  4.52252712e-06,  4.52308546e-06,
   4.52302476e-06,  4.52298702e-06,  4.52290691e-06,  4.52314993e-06,
   4.52248497e-06,  4.52333318e-06,  4.52325919e-06,  0.00000000e+00,
   2.09870917e-10,  1.10670198e-10, -3.88237997e-10,  5.45516689e-11,
   7.92102606e-10,  3.18970970e-10, -2.78079826e-12,  2.59435762e-10,
  -1.11950742e-10,  3.51322736e-10,  7.77405670e-10, -2.92669564e-10,
  -7.94669427e-11, -9.44122590e-11,  5.09923423e-10,  2.78501519e-11,
   9.90867293e-10,  6.70857465e-10,  3.43546757e-10],
 [ 1.85470565e-01,  1.82040905e-01,  1.78735849e-01,  1.75548759e-01,
   1.72473427e-01,  1.69504104e-01,  1.66635399e-01,  1.63862278e-01,
   1.61180030e-01,  1.58584297e-01,  1.56070910e-01,  1.53636054e-01,
   1.51276103e-01,  1.48987627e-01,  1.46767443e-01,  1.44612544e-01,
   1.42520068e-01,  1.40487360e-01,  1.38511901e-01,  1.36591283e-01,
   1.34722700e-01,  1.32904575e-01,  1.31134919e-01,  1.29411760e-01,
   1.27733279e-01,  1.26097721e-01,  1.24503354e-01,  1.22948526e-01,
   1.21431595e-01,  1.19950912e-01,  1.18504729e-01,  1.17091192e-01,
   1.15708227e-01,  1.14353317e-01,  1.13023376e-01,  1.11714395e-01,
   1.10420994e-01,  1.09135805e-01,  1.07848444e-01]])
nextToPFC = np.array([[-9.78736951e-05, -9.78563860e-05, -9.78699257e-05, -9.78618236e-05,
  -9.78723925e-05, -9.78762797e-05, -9.78772637e-05, -9.78708303e-05,
  -9.78722078e-05, -9.78761195e-05, -9.78906403e-05, -9.78677919e-05,
  -9.78846084e-05, -9.78931977e-05, -9.78776233e-05, -9.78820857e-05,
  -9.78884412e-05, -9.78887525e-05, -9.78939992e-05, -9.78900441e-05,
   9.79114730e-05,  9.79107564e-05,  9.79052995e-05,  9.79044919e-05,
   9.79172808e-05,  9.79169965e-05,  9.79110775e-05,  9.79095835e-05,
   9.79241288e-05,  9.79198291e-05,  9.79165133e-05,  9.79225953e-05,
   9.79164197e-05,  9.79117656e-05,  9.79278225e-05,  9.79234135e-05,
   9.79166322e-05,  9.79277228e-05,  9.79269271e-05],
 [-1.72769781e-06, -1.72615663e-06, -1.72825276e-06, -1.72677906e-06,
  -1.72707536e-06, -1.72740087e-06, -1.72724549e-06, -1.72640801e-06,
  -1.72817075e-06, -1.72774921e-06, -1.72833220e-06, -1.72777386e-06,
  -1.72783456e-06, -1.72787230e-06, -1.72795241e-06, -1.72770939e-06,
  -1.72837435e-06, -1.72752614e-06, -1.72760013e-06,  0.00000000e+00,
   2.09870917e-10,  1.10670198e-10, -3.88237997e-10,  5.45516690e-11,
   7.92102606e-10,  3.18970970e-10, -2.78079817e-12,  2.59435762e-10,
  -1.11950742e-10,  3.51322736e-10,  7.77405670e-10, -2.92669564e-10,
  -7.94669426e-11, -9.44122589e-11,  5.09923423e-10,  2.78501520e-11,
   9.90867293e-10,  6.70857465e-10,  3.43546757e-10],
 [ 1.85585648e-01,  1.82155987e-01,  1.78850931e-01,  1.75663841e-01,
   1.72588510e-01,  1.69619187e-01,  1.66750481e-01,  1.63977361e-01,
   1.61295112e-01,  1.58699380e-01,  1.56185992e-01,  1.53751136e-01,
   1.51391185e-01,  1.49102709e-01,  1.46882525e-01,  1.44727626e-01,
   1.42635150e-01,  1.40602443e-01,  1.38626983e-01,  1.36706366e-01,
   1.34837783e-01,  1.33019657e-01,  1.31250001e-01,  1.29526842e-01,
   1.27848361e-01,  1.26212803e-01,  1.24618436e-01,  1.23063608e-01,
   1.21546677e-01,  1.20065995e-01,  1.18619811e-01,  1.17206274e-01,
   1.15823309e-01,  1.14468400e-01,  1.13138458e-01,  1.11829477e-01,
   1.10536076e-01,  1.09250887e-01,  1.07963527e-01]])
hallprobe = np.array([[-3.16739098e-04, -3.16721789e-04, -3.16735329e-04, -3.16727227e-04,
  -3.16737796e-04, -3.16741683e-04, -3.16742667e-04, -3.16736234e-04,
  -3.16737611e-04, -3.16741523e-04, -3.16756044e-04, -3.16733195e-04,
  -3.16750012e-04, -3.16758601e-04, -3.16743027e-04, -3.16747489e-04,
  -3.16753844e-04, -3.16754156e-04, -3.16759402e-04, -3.16755447e-04,
   3.16810969e-04,  3.16810252e-04,  3.16804796e-04,  3.16803988e-04,
   3.16816777e-04,  3.16816493e-04,  3.16810574e-04,  3.16809080e-04,
   3.16823625e-04,  3.16819325e-04,  3.16816009e-04,  3.16822091e-04,
   3.16815916e-04,  3.16811262e-04,  3.16827319e-04,  3.16822910e-04,
   3.16816128e-04,  3.16827219e-04,  3.16826423e-04],
 [-5.59094133e-06, -5.58940015e-06, -5.59149628e-06, -5.59002258e-06,
  -5.59031888e-06, -5.59064439e-06, -5.59048901e-06, -5.58965153e-06,
  -5.59141427e-06, -5.59099273e-06, -5.59157572e-06, -5.59101738e-06,
  -5.59107808e-06, -5.59111582e-06, -5.59119593e-06, -5.59095291e-06,
  -5.59161787e-06, -5.59076966e-06, -5.59084365e-06,  0.00000000e+00,
   2.09870917e-10,  1.10670198e-10, -3.88237997e-10,  5.45516691e-11,
   7.92102606e-10,  3.18970970e-10, -2.78079812e-12,  2.59435762e-10,
  -1.11950742e-10,  3.51322736e-10,  7.77405670e-10, -2.92669564e-10,
  -7.94669426e-11, -9.44122588e-11,  5.09923423e-10,  2.78501521e-11,
   9.90867293e-10,  6.70857465e-10,  3.43546757e-10],
 [ 1.85284358e-01,  1.81854698e-01,  1.78549642e-01,  1.75362552e-01,
   1.72287220e-01,  1.69317897e-01,  1.66449192e-01,  1.63676071e-01,
   1.60993823e-01,  1.58398090e-01,  1.55884703e-01,  1.53449847e-01,
   1.51089896e-01,  1.48801420e-01,  1.46581236e-01,  1.44426337e-01,
   1.42333861e-01,  1.40301153e-01,  1.38325694e-01,  1.36405076e-01,
   1.34536493e-01,  1.32718368e-01,  1.30948712e-01,  1.29225553e-01,
   1.27547072e-01,  1.25911514e-01,  1.24317147e-01,  1.22762319e-01,
   1.21245388e-01,  1.19764705e-01,  1.18318522e-01,  1.16904985e-01,
   1.15522020e-01,  1.14167110e-01,  1.12837169e-01,  1.11528188e-01,
   1.10234787e-01,  1.08949598e-01,  1.07662237e-01]])
kw15_slopes = np.array([[-6.04159423e-07, -5.33446902e-07, -2.17277683e-07, -7.16792715e-07,
   8.45491422e-09, -9.79601406e-07,  5.14680894e-07,  6.04352678e-07,
  -1.76059229e-06,  5.24925522e-07, -1.88791896e-07, -1.17098337e-06,
   5.02535221e-07, -5.48881522e-08, -5.75599324e-07, -7.29082150e-07,
   7.07221890e-07, -2.81824722e-08, -3.14099965e-07,  1.95834197e-02,
  -8.42793696e-07,  1.24632944e-06, -5.20535798e-07,  2.71606089e-07,
   1.82327619e-07,  3.47908266e-07,  1.50678103e-07,  1.41909033e-07,
  -1.29537164e-07,  5.22149175e-07,  9.59615280e-07,  2.96379237e-07,
  -2.01703324e-07,  3.13820656e-07,  1.13450231e-06,  1.78390396e-07,
   9.56298666e-07, -1.16074345e-08],
 [-6.47083713e-08,  1.74415310e-08,  1.45048546e-09, -6.63062631e-09,
  -4.12534772e-08,  1.84514125e-08,  2.41133990e-08, -3.27275636e-08,
   4.29504063e-08, -7.68043907e-08,  4.50413322e-08, -6.93671459e-08,
   3.50903631e-08,  2.44763927e-09,  1.78888760e-08,  2.82234239e-08,
  -6.76093950e-08,  8.62728751e-09,  1.72821211e-04,  1.90039582e-08,
   1.72317976e-08, -3.69756860e-08, -3.94165616e-08,  5.26611066e-08,
  -2.75957316e-08,  9.70061153e-08, -1.44582136e-08, -1.01158456e-07,
   9.52771587e-08, -7.56032682e-08, -1.09734069e-08,  6.54016534e-09,
  -7.72619494e-08,  1.04880509e-07, -9.21531868e-09, -5.27833236e-08,
   5.97334515e-08,  3.39478962e-08],
 [ 3.42967014e-01,  3.30506116e-01,  3.18707301e-01,  3.07533997e-01,
   2.96932228e-01,  2.86870672e-01,  2.77313038e-01,  2.68221951e-01,
   2.59575503e-01,  2.51337683e-01,  2.43486018e-01,  2.35995574e-01,
   2.28846534e-01,  2.22018199e-01,  2.15489823e-01,  2.09249724e-01,
   2.03267933e-01,  1.97546301e-01,  1.92062683e-01,  1.86858897e-01,
   1.81810311e-01,  1.76968851e-01,  1.72313350e-01,  1.67847635e-01,
   1.63556569e-01,  1.59436827e-01,  1.55481962e-01,  1.51692531e-01,
   1.48069422e-01,  1.44617420e-01,  1.41354628e-01,  1.38295369e-01,
   1.35492429e-01,  1.32995033e-01,  1.30896504e-01,  1.29339372e-01,
   1.28519762e-01,  1.28735075e-01]])
spec_slopes = np.array([[-1.73090992e-06,  1.35396969e-06, -8.10212829e-07,  1.05689119e-06,
   3.88721324e-07,  9.83951489e-08, -6.43332908e-07,  1.37749955e-07,
   3.91162888e-07,  1.45208215e-06, -2.28484145e-06,  1.68165188e-06,
   8.58927230e-07, -1.55743820e-06,  4.46243943e-07,  6.35550182e-07,
   3.11249643e-08,  5.24666678e-07, -3.95508960e-07,  5.12516969e-02,
   7.16667364e-08,  5.45682533e-07,  8.07629040e-08, -1.27888500e-06,
   2.84283576e-08,  5.91899044e-07,  1.49396960e-07, -1.45452953e-06,
   4.29970593e-07,  3.31580972e-07, -6.08197704e-07,  6.17554911e-07,
   4.65413418e-07, -1.60569327e-06,  4.40905710e-07,  6.78124418e-07,
  -1.10905361e-06,  7.95607080e-08],
 [-1.54117581e-07,  2.09613192e-07, -1.47370163e-07,  2.96292363e-08,
   3.25512577e-08, -1.55375594e-08, -8.37483332e-08,  1.76274505e-07,
  -4.21546946e-08,  5.82989993e-08, -5.58334485e-08,  6.06956885e-09,
   3.77407680e-09,  8.01095332e-09, -2.43018324e-08,  6.64961093e-08,
  -8.48214059e-08,  7.39891600e-09,  4.52325919e-04, -2.09870917e-08,
   9.92007191e-09,  4.98908195e-08, -4.42789666e-08, -7.37550937e-08,
   4.73131636e-08,  3.21751768e-08, -2.62216560e-08,  3.71386504e-08,
  -4.63273478e-08, -4.26082934e-08,  1.07007523e-07, -2.13202621e-08,
   1.49453163e-09, -6.04335682e-08,  4.82073271e-08, -9.63017141e-08,
   3.20009828e-08,  3.27310708e-08],
 [ 3.42966058e-01,  3.30505581e-01,  3.18709017e-01,  3.07533129e-01,
   2.96932303e-01,  2.86870577e-01,  2.77312035e-01,  2.68224869e-01,
   2.59573221e-01,  2.51338760e-01,  2.43485593e-01,  2.35995070e-01,
   2.28847655e-01,  2.22018386e-01,  2.15489895e-01,  2.09247564e-01,
   2.03270785e-01,  1.97545922e-01,  1.92061774e-01,  1.86858285e-01,
   1.81812563e-01,  1.76965582e-01,  1.72315945e-01,  1.67848052e-01,
   1.63555805e-01,  1.59436725e-01,  1.55482806e-01,  1.51693066e-01,
   1.48068277e-01,  1.44618362e-01,  1.41353702e-01,  1.38296461e-01,
   1.35490964e-01,  1.32994141e-01,  1.30898102e-01,  1.29340112e-01,
   1.28518911e-01,  1.28736042e-01]])
nextToPFC_slopes = np.array([[-1.73090992e-06,  1.35396969e-06, -8.10212829e-07,  1.05689119e-06,
   3.88721325e-07,  9.83951482e-08, -6.43332909e-07,  1.37749956e-07,
   3.91162887e-07,  1.45208215e-06, -2.28484145e-06,  1.68165188e-06,
   8.58927230e-07, -1.55743820e-06,  4.46243941e-07,  6.35550183e-07,
   3.11249650e-08,  5.24666677e-07, -3.95508961e-07, -1.95801517e-02,
   7.16667357e-08,  5.45682535e-07,  8.07629026e-08, -1.27888500e-06,
   2.84283583e-08,  5.91899042e-07,  1.49396961e-07, -1.45452953e-06,
   4.29970593e-07,  3.31580972e-07, -6.08197703e-07,  6.17554911e-07,
   4.65413419e-07, -1.60569327e-06,  4.40905708e-07,  6.78124418e-07,
  -1.10905361e-06,  7.95607073e-08],
 [-1.54117581e-07,  2.09613192e-07, -1.47370163e-07,  2.96292363e-08,
   3.25512577e-08, -1.55375594e-08, -8.37483332e-08,  1.76274505e-07,
  -4.21546946e-08,  5.82989993e-08, -5.58334485e-08,  6.06956884e-09,
   3.77407681e-09,  8.01095332e-09, -2.43018324e-08,  6.64961094e-08,
  -8.48214059e-08,  7.39891596e-09, -1.72760013e-04, -2.09870917e-08,
   9.92007191e-09,  4.98908195e-08, -4.42789666e-08, -7.37550937e-08,
   4.73131636e-08,  3.21751768e-08, -2.62216560e-08,  3.71386504e-08,
  -4.63273478e-08, -4.26082934e-08,  1.07007523e-07, -2.13202621e-08,
   1.49453163e-09, -6.04335682e-08,  4.82073271e-08, -9.63017141e-08,
   3.20009828e-08,  3.27310708e-08],
 [ 3.42966058e-01,  3.30505581e-01,  3.18709017e-01,  3.07533129e-01,
   2.96932303e-01,  2.86870577e-01,  2.77312035e-01,  2.68224869e-01,
   2.59573221e-01,  2.51338760e-01,  2.43485593e-01,  2.35995070e-01,
   2.28847655e-01,  2.22018386e-01,  2.15489895e-01,  2.09247564e-01,
   2.03270785e-01,  1.97545922e-01,  1.92061774e-01,  1.86858285e-01,
   1.81812563e-01,  1.76965582e-01,  1.72315945e-01,  1.67848052e-01,
   1.63555805e-01,  1.59436725e-01,  1.55482806e-01,  1.51693066e-01,
   1.48068277e-01,  1.44618362e-01,  1.41353702e-01,  1.38296461e-01,
   1.35490964e-01,  1.32994141e-01,  1.30898102e-01,  1.29340112e-01,
   1.28518911e-01,  1.28736042e-01]])
hallprobe_slopes = np.array([[-1.73090992e-06,  1.35396969e-06, -8.10212827e-07,  1.05689119e-06,
   3.88721325e-07,  9.83951480e-08, -6.43332908e-07,  1.37749955e-07,
   3.91162888e-07,  1.45208215e-06, -2.28484145e-06,  1.68165188e-06,
   8.58927230e-07, -1.55743820e-06,  4.46243942e-07,  6.35550182e-07,
   3.11249653e-08,  5.24666677e-07, -3.95508961e-07, -6.33566416e-02,
   7.16667369e-08,  5.45682533e-07,  8.07629031e-08, -1.27888500e-06,
   2.84283572e-08,  5.91899043e-07,  1.49396960e-07, -1.45452953e-06,
   4.29970593e-07,  3.31580972e-07, -6.08197704e-07,  6.17554911e-07,
   4.65413418e-07, -1.60569327e-06,  4.40905709e-07,  6.78124417e-07,
  -1.10905361e-06,  7.95607084e-08],
 [-1.54117581e-07,  2.09613192e-07, -1.47370163e-07,  2.96292363e-08,
   3.25512577e-08, -1.55375594e-08, -8.37483332e-08,  1.76274505e-07,
  -4.21546946e-08,  5.82989993e-08, -5.58334485e-08,  6.06956883e-09,
   3.77407680e-09,  8.01095332e-09, -2.43018324e-08,  6.64961094e-08,
  -8.48214059e-08,  7.39891596e-09, -5.59084365e-04, -2.09870917e-08,
   9.92007191e-09,  4.98908195e-08, -4.42789666e-08, -7.37550937e-08,
   4.73131636e-08,  3.21751768e-08, -2.62216560e-08,  3.71386504e-08,
  -4.63273478e-08, -4.26082934e-08,  1.07007523e-07, -2.13202621e-08,
   1.49453163e-09, -6.04335682e-08,  4.82073271e-08, -9.63017141e-08,
   3.20009828e-08,  3.27310708e-08],
 [ 3.42966058e-01,  3.30505581e-01,  3.18709017e-01,  3.07533129e-01,
   2.96932303e-01,  2.86870577e-01,  2.77312035e-01,  2.68224869e-01,
   2.59573221e-01,  2.51338760e-01,  2.43485593e-01,  2.35995070e-01,
   2.28847655e-01,  2.22018386e-01,  2.15489895e-01,  2.09247564e-01,
   2.03270785e-01,  1.97545922e-01,  1.92061774e-01,  1.86858285e-01,
   1.81812563e-01,  1.76965582e-01,  1.72315945e-01,  1.67848052e-01,
   1.63555805e-01,  1.59436725e-01,  1.55482806e-01,  1.51693066e-01,
   1.48068277e-01,  1.44618362e-01,  1.41353702e-01,  1.38296461e-01,
   1.35490964e-01,  1.32994141e-01,  1.30898102e-01,  1.29340112e-01,
   1.28518911e-01,  1.28736042e-01]])
Filename = i1q3_hires_1500t.npy
kw15 = np.array([[ 9.78425291e-05,  9.78588338e-05,  9.78624004e-05,  9.78601844e-05,
   9.78743304e-05,  9.78666988e-05,  9.78811389e-05,  9.78788967e-05,
   9.78815604e-05,  9.78959443e-05,  9.78936651e-05,  9.78991548e-05,
   9.79052810e-05,  9.78979594e-05,  9.79054996e-05,  9.79113675e-05,
   9.79046832e-05,  9.79186967e-05,  9.79199820e-05,  9.79237092e-05,
  -9.79398674e-05, -9.79352415e-05, -9.79425790e-05, -9.79462971e-05,
  -9.79498705e-05, -9.79497648e-05, -9.79524800e-05, -9.79561579e-05,
  -9.79506024e-05, -9.79596848e-05, -9.79685184e-05, -9.79692152e-05,
  -9.79779192e-05, -9.79840008e-05, -9.79931351e-05, -9.79891875e-05,
  -9.80033051e-05, -9.80233310e-05, -9.80197311e-05],
 [ 1.72726540e-06,  1.72772828e-06,  1.72768014e-06,  1.72750379e-06,
   1.72607076e-06,  1.72714636e-06,  1.72850969e-06,  1.72675448e-06,
   1.72834849e-06,  1.72781464e-06,  1.72744121e-06,  1.72850034e-06,
   1.72856786e-06,  1.72742170e-06,  1.72689069e-06,  1.72879625e-06,
   1.72935051e-06,  1.72798016e-06,  1.72827597e-06,  0.00000000e+00,
   1.29405221e-09, -6.52797766e-10, -2.74986490e-10,  3.38308568e-10,
   6.00943805e-10,  2.88622606e-10,  7.82360945e-11,  2.86963789e-10,
  -5.13574282e-10,  8.86655634e-11,  2.63954050e-10, -5.53876021e-10,
   2.71997760e-11, -1.55622193e-10, -1.40527807e-09, -1.10456471e-09,
   4.63806571e-10,  3.93174058e-10,  6.31437919e-11],
 [ 2.77625217e-01,  2.72480681e-01,  2.67523106e-01,  2.62742476e-01,
   2.58129504e-01,  2.53675519e-01,  2.49372436e-01,  2.45212761e-01,
   2.41189399e-01,  2.37295792e-01,  2.33525717e-01,  2.29873428e-01,
   2.26333498e-01,  2.22900811e-01,  2.19570514e-01,  2.16338169e-01,
   2.13199466e-01,  2.10150403e-01,  2.07187194e-01,  2.04306269e-01,
   2.01503404e-01,  1.98776207e-01,  1.96121715e-01,  1.93536996e-01,
   1.91019289e-01,  1.88565932e-01,  1.86174416e-01,  1.83842154e-01,
   1.81566778e-01,  1.79345726e-01,  1.77176450e-01,  1.75056155e-01,
   1.72981700e-01,  1.70949343e-01,  1.68954415e-01,  1.66990987e-01,
   1.65050866e-01,  1.63123087e-01,  1.61192048e-01]])
spec = np.array([[ 2.56275239e-04,  2.56282081e-04,  2.56266560e-04,  2.56271279e-04,
   2.56248467e-04,  2.56252206e-04,  2.56250779e-04,  2.56256367e-04,
   2.56249499e-04,  2.56248980e-04,  2.56268393e-04,  2.56238230e-04,
   2.56246292e-04,  2.56241938e-04,  2.56238816e-04,  2.56249775e-04,
   2.56238764e-04,  2.56239684e-04,  2.56232676e-04,  2.56224504e-04,
  -2.56259304e-04, -2.56278431e-04, -2.56265965e-04, -2.56273372e-04,
  -2.56263737e-04, -2.56269338e-04, -2.56241799e-04, -2.56269088e-04,
  -2.56271296e-04, -2.56274393e-04, -2.56253275e-04, -2.56264026e-04,
  -2.56243090e-04, -2.56254201e-04, -2.56258783e-04, -2.56249897e-04,
  -2.56245857e-04, -2.56240591e-04, -2.56248246e-04],
 [ 4.52272941e-06,  4.52391834e-06,  4.52340832e-06,  4.52304801e-06,
   4.52301616e-06,  4.52339112e-06,  4.52428588e-06,  4.52444660e-06,
   4.52275094e-06,  4.52313279e-06,  4.52464247e-06,  4.52376177e-06,
   4.52430622e-06,  4.52398518e-06,  4.52320540e-06,  4.52325497e-06,
   4.52287203e-06,  4.52258293e-06,  4.52225834e-06,  0.00000000e+00,
  -5.36946353e-10,  7.92062242e-10, -2.67496042e-10,  5.33483282e-10,
  -6.36226661e-10,  5.28902066e-10, -4.75197914e-10, -5.45243606e-10,
   3.65092456e-10, -4.99625359e-10,  7.50845328e-10, -2.62707929e-11,
   8.00631886e-10,  5.17098211e-11,  2.18066227e-10,  8.67680761e-10,
   3.82659464e-10, -1.20337832e-10,  2.21339323e-10],
 [ 2.78112734e-01,  2.72968253e-01,  2.68010670e-01,  2.63230027e-01,
   2.58617065e-01,  2.54163061e-01,  2.49859985e-01,  2.45700299e-01,
   2.41676946e-01,  2.37783331e-01,  2.34013268e-01,  2.30360970e-01,
   2.26821024e-01,  2.23388351e-01,  2.20058068e-01,  2.16825711e-01,
   2.13686999e-01,  2.10637936e-01,  2.07674742e-01,  2.04793817e-01,
   2.01990901e-01,  1.99263773e-01,  1.96609261e-01,  1.94024530e-01,
   1.91506829e-01,  1.89053475e-01,  1.86661915e-01,  1.84329690e-01,
   1.82054285e-01,  1.79833250e-01,  1.77663981e-01,  1.75543709e-01,
   1.73469214e-01,  1.71436856e-01,  1.69441953e-01,  1.67478484e-01,
   1.65538393e-01,  1.63610601e-01,  1.61679551e-01]])
nextToPFC = np.array([[-9.78564219e-05, -9.78495808e-05, -9.78651012e-05, -9.78603823e-05,
  -9.78831945e-05, -9.78794550e-05, -9.78808820e-05, -9.78752941e-05,
  -9.78821620e-05, -9.78826817e-05, -9.78632683e-05, -9.78934317e-05,
  -9.78853694e-05, -9.78897229e-05, -9.78928457e-05, -9.78818868e-05,
  -9.78928972e-05, -9.78919775e-05, -9.78989853e-05, -9.79071578e-05,
   9.79275211e-05,  9.79083938e-05,  9.79208593e-05,  9.79134527e-05,
   9.79230878e-05,  9.79174873e-05,  9.79450258e-05,  9.79177372e-05,
   9.79155286e-05,  9.79124319e-05,  9.79335498e-05,  9.79227993e-05,
   9.79437349e-05,  9.79326235e-05,  9.79280417e-05,  9.79369276e-05,
   9.79409674e-05,  9.79462339e-05,  9.79385785e-05],
 [-1.72812992e-06, -1.72694098e-06, -1.72745100e-06, -1.72781131e-06,
  -1.72784316e-06, -1.72746820e-06, -1.72657344e-06, -1.72641272e-06,
  -1.72810838e-06, -1.72772653e-06, -1.72621685e-06, -1.72709756e-06,
  -1.72655310e-06, -1.72687414e-06, -1.72765392e-06, -1.72760435e-06,
  -1.72798729e-06, -1.72827639e-06, -1.72860098e-06,  0.00000000e+00,
  -5.36946352e-10,  7.92062242e-10, -2.67496042e-10,  5.33483283e-10,
  -6.36226661e-10,  5.28902066e-10, -4.75197913e-10, -5.45243606e-10,
   3.65092456e-10, -4.99625359e-10,  7.50845328e-10, -2.62707928e-11,
   8.00631886e-10,  5.17098212e-11,  2.18066227e-10,  8.67680761e-10,
   3.82659464e-10, -1.20337832e-10,  2.21339323e-10],
 [ 2.78227817e-01,  2.73083335e-01,  2.68125752e-01,  2.63345109e-01,
   2.58732148e-01,  2.54278144e-01,  2.49975067e-01,  2.45815381e-01,
   2.41792029e-01,  2.37898413e-01,  2.34128350e-01,  2.30476052e-01,
   2.26936106e-01,  2.23503433e-01,  2.20173151e-01,  2.16940793e-01,
   2.13802081e-01,  2.10753018e-01,  2.07789825e-01,  2.04908899e-01,
   2.02105983e-01,  1.99378855e-01,  1.96724343e-01,  1.94139612e-01,
   1.91621911e-01,  1.89168557e-01,  1.86776998e-01,  1.84444772e-01,
   1.82169367e-01,  1.79948333e-01,  1.77779063e-01,  1.75658791e-01,
   1.73584297e-01,  1.71551938e-01,  1.69557035e-01,  1.67593566e-01,
   1.65653475e-01,  1.63725683e-01,  1.61794633e-01]])
hallprobe = np.array([[-3.16721825e-04, -3.16714984e-04, -3.16730504e-04, -3.16725786e-04,
  -3.16748598e-04, -3.16744858e-04, -3.16746285e-04, -3.16740697e-04,
  -3.16747565e-04, -3.16748085e-04, -3.16728672e-04, -3.16758835e-04,
  -3.16750773e-04, -3.16755126e-04, -3.16758249e-04, -3.16747290e-04,
  -3.16758300e-04, -3.16757381e-04, -3.16764389e-04, -3.16772561e-04,
   3.16827017e-04,  3.16807890e-04,  3.16820355e-04,  3.16812949e-04,
   3.16822584e-04,  3.16816983e-04,  3.16844522e-04,  3.16817233e-04,
   3.16815025e-04,  3.16811928e-04,  3.16833046e-04,  3.16822295e-04,
   3.16843231e-04,  3.16832120e-04,  3.16827538e-04,  3.16836424e-04,
   3.16840464e-04,  3.16845730e-04,  3.16838075e-04],
 [-5.59137344e-06, -5.59018450e-06, -5.59069452e-06, -5.59105483e-06,
  -5.59108668e-06, -5.59071172e-06, -5.58981696e-06, -5.58965624e-06,
  -5.59135190e-06, -5.59097005e-06, -5.58946037e-06, -5.59034107e-06,
  -5.58979662e-06, -5.59011766e-06, -5.59089744e-06, -5.59084787e-06,
  -5.59123081e-06, -5.59151991e-06, -5.59184450e-06,  0.00000000e+00,
  -5.36946352e-10,  7.92062243e-10, -2.67496042e-10,  5.33483283e-10,
  -6.36226661e-10,  5.28902067e-10, -4.75197913e-10, -5.45243606e-10,
   3.65092456e-10, -4.99625359e-10,  7.50845329e-10, -2.62707928e-11,
   8.00631887e-10,  5.17098213e-11,  2.18066227e-10,  8.67680761e-10,
   3.82659464e-10, -1.20337832e-10,  2.21339323e-10],
 [ 2.77926527e-01,  2.72782046e-01,  2.67824463e-01,  2.63043820e-01,
   2.58430858e-01,  2.53976854e-01,  2.49673778e-01,  2.45514092e-01,
   2.41490739e-01,  2.37597124e-01,  2.33827061e-01,  2.30174763e-01,
   2.26634817e-01,  2.23202144e-01,  2.19871861e-01,  2.16639504e-01,
   2.13500792e-01,  2.10451729e-01,  2.07488535e-01,  2.04607610e-01,
   2.01804694e-01,  1.99077566e-01,  1.96423054e-01,  1.93838323e-01,
   1.91320621e-01,  1.88867268e-01,  1.86475708e-01,  1.84143483e-01,
   1.81868078e-01,  1.79647043e-01,  1.77477774e-01,  1.75357502e-01,
   1.73283007e-01,  1.71250648e-01,  1.69255746e-01,  1.67292277e-01,
   1.65352186e-01,  1.63424394e-01,  1.61493344e-01]])
kw15_slopes = np.array([[-1.63047039e-06, -3.56654602e-07,  2.21600304e-07, -1.41460475e-06,
   7.63159863e-07, -1.44400437e-06,  2.24211959e-07, -2.66361954e-07,
  -1.43839135e-06,  2.27918863e-07, -5.48976158e-07, -6.12620178e-07,
   7.32167946e-07, -7.54024989e-07, -5.86790856e-07,  6.68435530e-07,
  -1.40134989e-06, -1.28530194e-07, -3.72726050e-07,  1.95863577e-02,
  -4.62584428e-07,  7.33751340e-07,  3.71806957e-07,  3.57342292e-07,
  -1.05784402e-08,  2.71528192e-07,  3.67783765e-07, -5.55543553e-07,
   9.08238067e-07,  8.83357443e-07,  6.96770683e-08,  8.70405335e-07,
   6.08155375e-07,  9.13435291e-07, -3.94766556e-07,  1.41176233e-06,
   2.00258774e-06, -3.59981777e-07],
 [-4.62885078e-08,  4.81438955e-09,  1.76353377e-08,  1.43302903e-07,
  -1.07560189e-07, -1.36333331e-07,  1.75521085e-07, -1.59400763e-07,
   5.33850030e-08,  3.73433868e-08, -1.05913281e-07, -6.75190084e-09,
   1.14615901e-07,  5.31006462e-08, -1.90555832e-07, -5.54261140e-08,
   1.37035485e-07, -2.95817133e-08,  1.72827597e-04, -1.29405221e-07,
   1.94684998e-07, -3.77811276e-08, -6.13295058e-08, -2.62635237e-08,
   3.12321199e-08,  2.10386511e-08, -2.08727694e-08,  8.00538071e-08,
  -6.02239845e-08, -1.75288487e-08,  8.17830071e-08, -5.81075797e-08,
   1.82821969e-08,  1.24965587e-07, -3.00713353e-08, -1.56837128e-07,
   7.06325124e-09,  3.30030267e-08],
 [ 5.14453590e-01,  4.95757516e-01,  4.78062964e-01,  4.61297184e-01,
   4.45398577e-01,  4.30308232e-01,  4.15967537e-01,  4.02336222e-01,
   3.89360698e-01,  3.77007439e-01,  3.65228972e-01,  3.53992952e-01,
   3.43268740e-01,  3.33029638e-01,  3.23234483e-01,  3.13870294e-01,
   3.04906315e-01,  2.96320901e-01,  2.88092570e-01,  2.80286503e-01,
   2.72719638e-01,  2.65449212e-01,  2.58471867e-01,  2.51770730e-01,
   2.45335685e-01,  2.39151628e-01,  2.33226221e-01,  2.27537569e-01,
   2.22105253e-01,  2.16927576e-01,  2.12029431e-01,  2.07445501e-01,
   2.03235762e-01,  1.99492776e-01,  1.96342851e-01,  1.94012010e-01,
   1.92777981e-01,  1.93103831e-01]])
spec_slopes = np.array([[-6.84118252e-07,  1.55204780e-06, -4.71897716e-07,  2.28122815e-06,
  -3.73950357e-07,  1.42698611e-07, -5.58794027e-07,  6.86792630e-07,
   5.19665965e-08, -1.94133286e-06,  3.01633642e-06, -8.06229922e-07,
   4.35352716e-07,  3.12278604e-07, -1.09589379e-06,  1.10104039e-06,
  -9.19692219e-08,  7.00775539e-07,  8.17253956e-07,  5.12483807e-02,
   1.91273148e-06, -1.24655464e-06,  7.40667884e-07, -9.63514106e-07,
   5.60053658e-07, -2.75384982e-06,  2.72885918e-06,  2.20857031e-07,
   3.09666018e-07, -2.11178771e-06,  1.07505607e-06, -2.09355947e-06,
   1.11113582e-06,  4.58183305e-07, -8.88591771e-07, -4.03981683e-07,
  -5.26645763e-07,  7.65534205e-07],
 [-1.18893609e-07,  5.10022272e-08,  3.60308517e-08,  3.18465196e-09,
  -3.74954473e-08, -8.94762929e-08, -1.60718333e-08,  1.69565577e-07,
  -3.81846996e-08, -1.50967649e-07,  8.80701487e-08, -5.44453629e-08,
   3.21039343e-08,  7.79779142e-08, -4.95663988e-09,  3.82940487e-08,
   2.89100017e-08,  3.24589899e-08,  4.52225834e-04,  5.36946353e-08,
  -1.32900859e-07,  1.05955828e-07, -8.00979324e-08,  1.16970994e-07,
  -1.16512873e-07,  1.00409998e-07,  7.00456925e-09, -9.10336062e-08,
   8.64717815e-08, -1.25047069e-07,  7.77116121e-08, -8.26902679e-08,
   7.48922065e-08, -1.66356406e-08, -6.49614534e-08,  4.85021297e-08,
   5.02997297e-08, -3.41677155e-08],
 [ 5.14448156e-01,  4.95758283e-01,  4.78064299e-01,  4.61296144e-01,
   4.45400420e-01,  4.30307617e-01,  4.15968634e-01,  4.02335228e-01,
   3.89361527e-01,  3.77006354e-01,  3.65229787e-01,  3.53994604e-01,
   3.43267300e-01,  3.33028250e-01,  3.23235705e-01,  3.13871259e-01,
   3.04906286e-01,  2.96319336e-01,  2.88092531e-01,  2.80291637e-01,
   2.72712774e-01,  2.65451215e-01,  2.58473065e-01,  2.51770166e-01,
   2.45335386e-01,  2.39155916e-01,  2.33222554e-01,  2.27540476e-01,
   2.22103475e-01,  2.16926949e-01,  2.12027221e-01,  2.07449446e-01,
   2.03235877e-01,  1.99490255e-01,  1.96346896e-01,  1.94009136e-01,
   1.92779193e-01,  1.93104966e-01]])
nextToPFC_slopes = np.array([[-6.84118249e-07,  1.55204780e-06, -4.71897718e-07,  2.28122815e-06,
  -3.73950357e-07,  1.42698613e-07, -5.58794027e-07,  6.86792627e-07,
   5.19665978e-08, -1.94133286e-06,  3.01633642e-06, -8.06229922e-07,
   4.35352715e-07,  3.12278605e-07, -1.09589379e-06,  1.10104039e-06,
  -9.19692254e-08,  7.00775539e-07,  8.17253958e-07, -1.95834679e-02,
   1.91273148e-06, -1.24655463e-06,  7.40667883e-07, -9.63514105e-07,
   5.60053658e-07, -2.75384982e-06,  2.72885918e-06,  2.20857033e-07,
   3.09666016e-07, -2.11178771e-06,  1.07505606e-06, -2.09355947e-06,
   1.11113581e-06,  4.58183306e-07, -8.88591770e-07, -4.03981686e-07,
  -5.26645761e-07,  7.65534203e-07],
 [-1.18893609e-07,  5.10022272e-08,  3.60308516e-08,  3.18465199e-09,
  -3.74954474e-08, -8.94762929e-08, -1.60718333e-08,  1.69565577e-07,
  -3.81846996e-08, -1.50967649e-07,  8.80701488e-08, -5.44453629e-08,
   3.21039343e-08,  7.79779142e-08, -4.95663986e-09,  3.82940487e-08,
   2.89100016e-08,  3.24589899e-08, -1.72860098e-04,  5.36946352e-08,
  -1.32900859e-07,  1.05955828e-07, -8.00979324e-08,  1.16970994e-07,
  -1.16512873e-07,  1.00409998e-07,  7.00456925e-09, -9.10336062e-08,
   8.64717815e-08, -1.25047069e-07,  7.77116121e-08, -8.26902679e-08,
   7.48922065e-08, -1.66356406e-08, -6.49614534e-08,  4.85021297e-08,
   5.02997297e-08, -3.41677155e-08],
 [ 5.14448156e-01,  4.95758283e-01,  4.78064299e-01,  4.61296144e-01,
   4.45400420e-01,  4.30307617e-01,  4.15968634e-01,  4.02335228e-01,
   3.89361527e-01,  3.77006354e-01,  3.65229787e-01,  3.53994604e-01,
   3.43267300e-01,  3.33028250e-01,  3.23235705e-01,  3.13871259e-01,
   3.04906286e-01,  2.96319336e-01,  2.88092531e-01,  2.80291637e-01,
   2.72712774e-01,  2.65451215e-01,  2.58473065e-01,  2.51770166e-01,
   2.45335386e-01,  2.39155916e-01,  2.33222554e-01,  2.27540476e-01,
   2.22103475e-01,  2.16926949e-01,  2.12027221e-01,  2.07449446e-01,
   2.03235877e-01,  1.99490255e-01,  1.96346896e-01,  1.94009136e-01,
   1.92779193e-01,  1.93104966e-01]])
hallprobe_slopes = np.array([[-6.84118251e-07,  1.55204780e-06, -4.71897718e-07,  2.28122815e-06,
  -3.73950357e-07,  1.42698613e-07, -5.58794028e-07,  6.86792628e-07,
   5.19665994e-08, -1.94133286e-06,  3.01633642e-06, -8.06229923e-07,
   4.35352716e-07,  3.12278606e-07, -1.09589379e-06,  1.10104039e-06,
  -9.19692258e-08,  7.00775539e-07,  8.17253956e-07, -6.33599578e-02,
   1.91273148e-06, -1.24655463e-06,  7.40667884e-07, -9.63514106e-07,
   5.60053658e-07, -2.75384982e-06,  2.72885918e-06,  2.20857032e-07,
   3.09666019e-07, -2.11178771e-06,  1.07505606e-06, -2.09355947e-06,
   1.11113582e-06,  4.58183305e-07, -8.88591770e-07, -4.03981685e-07,
  -5.26645762e-07,  7.65534204e-07],
 [-1.18893609e-07,  5.10022272e-08,  3.60308516e-08,  3.18465195e-09,
  -3.74954473e-08, -8.94762929e-08, -1.60718333e-08,  1.69565577e-07,
  -3.81846996e-08, -1.50967649e-07,  8.80701488e-08, -5.44453629e-08,
   3.21039343e-08,  7.79779142e-08, -4.95663989e-09,  3.82940487e-08,
   2.89100016e-08,  3.24589899e-08, -5.59184450e-04,  5.36946352e-08,
  -1.32900859e-07,  1.05955828e-07, -8.00979324e-08,  1.16970994e-07,
  -1.16512873e-07,  1.00409998e-07,  7.00456925e-09, -9.10336062e-08,
   8.64717815e-08, -1.25047069e-07,  7.77116121e-08, -8.26902679e-08,
   7.48922065e-08, -1.66356406e-08, -6.49614534e-08,  4.85021297e-08,
   5.02997297e-08, -3.41677155e-08],
 [ 5.14448156e-01,  4.95758283e-01,  4.78064299e-01,  4.61296144e-01,
   4.45400420e-01,  4.30307617e-01,  4.15968634e-01,  4.02335228e-01,
   3.89361527e-01,  3.77006354e-01,  3.65229787e-01,  3.53994604e-01,
   3.43267300e-01,  3.33028250e-01,  3.23235705e-01,  3.13871259e-01,
   3.04906286e-01,  2.96319336e-01,  2.88092531e-01,  2.80291637e-01,
   2.72712774e-01,  2.65451215e-01,  2.58473065e-01,  2.51770166e-01,
   2.45335386e-01,  2.39155916e-01,  2.33222554e-01,  2.27540476e-01,
   2.22103475e-01,  2.16926949e-01,  2.12027221e-01,  2.07449446e-01,
   2.03235877e-01,  1.99490255e-01,  1.96346896e-01,  1.94009136e-01,
   1.92779193e-01,  1.93104966e-01]])
Filename = i1q3_hires_2000t.npy
kw15 = np.array([[ 9.78308547e-05,  9.78429379e-05,  9.78536068e-05,  9.78579523e-05,
   9.78722882e-05,  9.78721191e-05,  9.78917111e-05,  9.78814175e-05,
   9.78693305e-05,  9.79045423e-05,  9.78940438e-05,  9.78978196e-05,
   9.79212393e-05,  9.79111886e-05,  9.79122864e-05,  9.79237983e-05,
   9.79383800e-05,  9.79242355e-05,  9.79247992e-05,  9.79310812e-05,
  -9.79628974e-05, -9.79460416e-05, -9.79709682e-05, -9.79605574e-05,
  -9.79659896e-05, -9.79696361e-05, -9.79765943e-05, -9.79796078e-05,
  -9.79824460e-05, -9.79798553e-05, -9.79902983e-05, -9.80094906e-05,
  -9.80154182e-05, -9.80113841e-05, -9.80176605e-05, -9.80403506e-05,
  -9.80439184e-05, -9.80630443e-05, -9.80628122e-05],
 [ 1.72638170e-06,  1.72767587e-06,  1.72732704e-06,  1.72729803e-06,
   1.72743064e-06,  1.72825571e-06,  1.72788668e-06,  1.72740441e-06,
   1.72805896e-06,  1.72719996e-06,  1.72873604e-06,  1.72783522e-06,
   1.72922256e-06,  1.72852075e-06,  1.72847180e-06,  1.72811402e-06,
   1.72754955e-06,  1.72890174e-06,  1.72872920e-06,  0.00000000e+00,
  -3.80079163e-10, -7.24715115e-10,  1.47986047e-11,  8.03129837e-10,
  -2.50092295e-10,  3.01822337e-10, -1.63829997e-09, -1.34913570e-09,
   6.74033433e-10, -1.23150974e-09,  2.80555625e-10,  5.00023762e-10,
   3.69220456e-10,  1.91445944e-09, -1.83150743e-10,  1.15563053e-12,
   1.05682210e-09, -1.37846926e-10, -8.16804851e-10],
 [ 3.70267361e-01,  3.63408021e-01,  3.56797899e-01,  3.50423753e-01,
   3.44273073e-01,  3.38334428e-01,  3.32597015e-01,  3.27050754e-01,
   3.21686315e-01,  3.16494805e-01,  3.11468051e-01,  3.06598331e-01,
   3.01878419e-01,  2.97301489e-01,  2.92861125e-01,  2.88551328e-01,
   2.84366334e-01,  2.80300975e-01,  2.76350049e-01,  2.72508795e-01,
   2.68771617e-01,  2.65135411e-01,  2.61596034e-01,  2.58149767e-01,
   2.54792814e-01,  2.51521683e-01,  2.48332947e-01,  2.45223307e-01,
   2.42189457e-01,  2.39228068e-01,  2.36335720e-01,  2.33508627e-01,
   2.30742720e-01,  2.28032871e-01,  2.25372971e-01,  2.22755041e-01,
   2.20168253e-01,  2.17597858e-01,  2.15023156e-01]])
spec = np.array([[ 2.56263855e-04,  2.56298473e-04,  2.56271394e-04,  2.56287598e-04,
   2.56266460e-04,  2.56258686e-04,  2.56256718e-04,  2.56269585e-04,
   2.56266830e-04,  2.56259006e-04,  2.56229965e-04,  2.56275662e-04,
   2.56242029e-04,  2.56224850e-04,  2.56255999e-04,  2.56247074e-04,
   2.56234363e-04,  2.56233740e-04,  2.56223247e-04,  2.56231157e-04,
  -2.56258709e-04, -2.56260143e-04, -2.56271056e-04, -2.56272672e-04,
  -2.56247094e-04, -2.56247663e-04, -2.56259501e-04, -2.56262488e-04,
  -2.56233398e-04, -2.56241997e-04, -2.56248629e-04, -2.56236465e-04,
  -2.56248816e-04, -2.56258124e-04, -2.56226010e-04, -2.56234829e-04,
  -2.56248391e-04, -2.56226210e-04, -2.56227801e-04],
 [ 4.52315873e-06,  4.52624108e-06,  4.52204882e-06,  4.52499622e-06,
   4.52440364e-06,  4.52375261e-06,  4.52406336e-06,  4.52573833e-06,
   4.52221284e-06,  4.52305593e-06,  4.52188995e-06,  4.52300662e-06,
   4.52288523e-06,  4.52280975e-06,  4.52264953e-06,  4.52313557e-06,
   4.52180564e-06,  4.52350207e-06,  4.52335409e-06,  0.00000000e+00,
   4.19741834e-10,  2.21340396e-10, -7.76475993e-10,  1.09103338e-10,
   1.58420521e-09,  6.37941940e-10, -5.56159646e-12,  5.18871524e-10,
  -2.23901484e-10,  7.02645472e-10,  1.55481134e-09, -5.85339128e-10,
  -1.58933885e-10, -1.88824518e-10,  1.01984685e-09,  5.57003039e-11,
   1.98173459e-09,  1.34171493e-09,  6.87093514e-10],
 [ 3.70754924e-01,  3.63895602e-01,  3.57285491e-01,  3.50911310e-01,
   3.44760648e-01,  3.38822002e-01,  3.33084590e-01,  3.27538350e-01,
   3.22173852e-01,  3.16982388e-01,  3.11955613e-01,  3.07085901e-01,
   3.02365999e-01,  2.97789046e-01,  2.93348678e-01,  2.89038881e-01,
   2.84853929e-01,  2.80788514e-01,  2.76837595e-01,  2.72996360e-01,
   2.69259194e-01,  2.65622943e-01,  2.62083631e-01,  2.58637312e-01,
   2.55280351e-01,  2.52009235e-01,  2.48820500e-01,  2.45710844e-01,
   2.42676983e-01,  2.39715618e-01,  2.36823250e-01,  2.33996176e-01,
   2.31230247e-01,  2.28520428e-01,  2.25860545e-01,  2.23242583e-01,
   2.20655781e-01,  2.18085402e-01,  2.15510682e-01]])
nextToPFC = np.array([[-9.78678063e-05, -9.78331881e-05, -9.78602675e-05, -9.78440633e-05,
  -9.78652011e-05, -9.78729755e-05, -9.78749434e-05, -9.78620768e-05,
  -9.78648318e-05, -9.78726550e-05, -9.79016967e-05, -9.78559998e-05,
  -9.78896329e-05, -9.79068114e-05, -9.78756627e-05, -9.78845875e-05,
  -9.78972985e-05, -9.78979210e-05, -9.79084144e-05, -9.79005042e-05,
   9.79281154e-05,  9.79266820e-05,  9.79157684e-05,  9.79141531e-05,
   9.79397308e-05,  9.79391622e-05,  9.79273243e-05,  9.79243363e-05,
   9.79534269e-05,  9.79448275e-05,  9.79381959e-05,  9.79503598e-05,
   9.79380087e-05,  9.79287005e-05,  9.79608143e-05,  9.79519962e-05,
   9.79384337e-05,  9.79606148e-05,  9.79590236e-05],
 [-1.72770059e-06, -1.72461824e-06, -1.72881051e-06, -1.72586310e-06,
  -1.72645569e-06, -1.72710671e-06, -1.72679596e-06, -1.72512099e-06,
  -1.72864648e-06, -1.72780339e-06, -1.72896937e-06, -1.72785270e-06,
  -1.72797409e-06, -1.72804957e-06, -1.72820979e-06, -1.72772376e-06,
  -1.72905368e-06, -1.72735725e-06, -1.72750523e-06,  0.00000000e+00,
   4.19741834e-10,  2.21340396e-10, -7.76475993e-10,  1.09103338e-10,
   1.58420521e-09,  6.37941940e-10, -5.56159637e-12,  5.18871524e-10,
  -2.23901484e-10,  7.02645472e-10,  1.55481134e-09, -5.85339128e-10,
  -1.58933885e-10, -1.88824518e-10,  1.01984685e-09,  5.57003040e-11,
   1.98173459e-09,  1.34171493e-09,  6.87093514e-10],
 [ 3.70870006e-01,  3.64010685e-01,  3.57400573e-01,  3.51026393e-01,
   3.44875730e-01,  3.38937084e-01,  3.33199672e-01,  3.27653432e-01,
   3.22288934e-01,  3.17097470e-01,  3.12070695e-01,  3.07200983e-01,
   3.02481082e-01,  2.97904128e-01,  2.93463761e-01,  2.89153963e-01,
   2.84969012e-01,  2.80903596e-01,  2.76952677e-01,  2.73111442e-01,
   2.69374276e-01,  2.65738025e-01,  2.62198713e-01,  2.58752394e-01,
   2.55395433e-01,  2.52124317e-01,  2.48935583e-01,  2.45825927e-01,
   2.42792065e-01,  2.39830700e-01,  2.36938333e-01,  2.34111259e-01,
   2.31345329e-01,  2.28635510e-01,  2.25975627e-01,  2.23357665e-01,
   2.20770863e-01,  2.18200485e-01,  2.15625764e-01]])
hallprobe = np.array([[-3.16733210e-04, -3.16698591e-04, -3.16725671e-04, -3.16709467e-04,
  -3.16730604e-04, -3.16738379e-04, -3.16740347e-04, -3.16727480e-04,
  -3.16730235e-04, -3.16738058e-04, -3.16767100e-04, -3.16721403e-04,
  -3.16755036e-04, -3.16772215e-04, -3.16741066e-04, -3.16749991e-04,
  -3.16762702e-04, -3.16763324e-04, -3.16773818e-04, -3.16765907e-04,
   3.16827611e-04,  3.16826178e-04,  3.16815264e-04,  3.16813649e-04,
   3.16839227e-04,  3.16838658e-04,  3.16826820e-04,  3.16823832e-04,
   3.16852923e-04,  3.16844324e-04,  3.16837692e-04,  3.16849856e-04,
   3.16837505e-04,  3.16828197e-04,  3.16860310e-04,  3.16851492e-04,
   3.16837930e-04,  3.16860111e-04,  3.16858520e-04],
 [-5.59094411e-06, -5.58786176e-06, -5.59205402e-06, -5.58910662e-06,
  -5.58969921e-06, -5.59035023e-06, -5.59003948e-06, -5.58836451e-06,
  -5.59189000e-06, -5.59104691e-06, -5.59221289e-06, -5.59109622e-06,
  -5.59121761e-06, -5.59129309e-06, -5.59145331e-06, -5.59096728e-06,
  -5.59229720e-06, -5.59060077e-06, -5.59074875e-06,  0.00000000e+00,
   4.19741834e-10,  2.21340396e-10, -7.76475993e-10,  1.09103338e-10,
   1.58420521e-09,  6.37941940e-10, -5.56159632e-12,  5.18871524e-10,
  -2.23901483e-10,  7.02645472e-10,  1.55481134e-09, -5.85339128e-10,
  -1.58933885e-10, -1.88824518e-10,  1.01984685e-09,  5.57003040e-11,
   1.98173459e-09,  1.34171493e-09,  6.87093514e-10],
 [ 3.70568716e-01,  3.63709395e-01,  3.57099284e-01,  3.50725103e-01,
   3.44574441e-01,  3.38635795e-01,  3.32898383e-01,  3.27352142e-01,
   3.21987645e-01,  3.16796181e-01,  3.11769405e-01,  3.06899694e-01,
   3.02179792e-01,  2.97602839e-01,  2.93162471e-01,  2.88852673e-01,
   2.84667722e-01,  2.80602307e-01,  2.76651388e-01,  2.72810153e-01,
   2.69072987e-01,  2.65436736e-01,  2.61897424e-01,  2.58451105e-01,
   2.55094144e-01,  2.51823028e-01,  2.48634293e-01,  2.45524637e-01,
   2.42490776e-01,  2.39529410e-01,  2.36637043e-01,  2.33809969e-01,
   2.31044040e-01,  2.28334221e-01,  2.25674338e-01,  2.23056376e-01,
   2.20469574e-01,  2.17899195e-01,  2.15324475e-01]])
kw15_slopes = np.array([[-1.20831885e-06, -1.06689380e-06, -4.34555366e-07, -1.43358543e-06,
   1.69098284e-08, -1.95920281e-06,  1.02936179e-06,  1.20870536e-06,
  -3.52118458e-06,  1.04985104e-06, -3.77583792e-07, -2.34196674e-06,
   1.00507044e-06, -1.09776304e-07, -1.15119865e-06, -1.45816430e-06,
   1.41444378e-06, -5.63649444e-08, -6.28199930e-07,  1.95893979e-02,
  -1.68558739e-06,  2.49265889e-06, -1.04107160e-06,  5.43212177e-07,
   3.64655238e-07,  6.95816532e-07,  3.01356207e-07,  2.83818068e-07,
  -2.59074330e-07,  1.04429835e-06,  1.91923056e-06,  5.92758474e-07,
  -4.03406648e-07,  6.27641313e-07,  2.26900463e-06,  3.56780792e-07,
   1.91259733e-06, -2.32148689e-08],
 [-1.29416743e-07,  3.48830619e-08,  2.90097091e-09, -1.32612526e-08,
  -8.25069544e-08,  3.69028250e-08,  4.82267981e-08, -6.54551271e-08,
   8.59008125e-08, -1.53608781e-07,  9.00826645e-08, -1.38734292e-07,
   7.01807261e-08,  4.89527855e-09,  3.57777521e-08,  5.64468479e-08,
  -1.35218790e-07,  1.72545750e-08,  1.72872920e-04,  3.80079163e-08,
   3.44635952e-08, -7.39513720e-08, -7.88331232e-08,  1.05322213e-07,
  -5.51914632e-08,  1.94012231e-07, -2.89164272e-08, -2.02316913e-07,
   1.90554317e-07, -1.51206536e-07, -2.19468137e-08,  1.30803307e-08,
  -1.54523899e-07,  2.09761019e-07, -1.84306374e-08, -1.05566647e-07,
   1.19466903e-07,  6.78957925e-08],
 [ 6.85934028e-01,  6.61012232e-01,  6.37414602e-01,  6.15067994e-01,
   5.93864455e-01,  5.73741345e-01,  5.54626076e-01,  5.36443901e-01,
   5.19151006e-01,  5.02675366e-01,  4.86972035e-01,  4.71991147e-01,
   4.57693068e-01,  4.44036399e-01,  4.30979646e-01,  4.18499449e-01,
   4.06535867e-01,  3.95092602e-01,  3.84125366e-01,  3.73717794e-01,
   3.63620621e-01,  3.53937702e-01,  3.44626701e-01,  3.35695270e-01,
   3.27113138e-01,  3.18873655e-01,  3.10963923e-01,  3.03385063e-01,
   2.96138845e-01,  2.89234841e-01,  2.82709255e-01,  2.76590738e-01,
   2.70984858e-01,  2.65990067e-01,  2.61793008e-01,  2.58678743e-01,
   2.57039524e-01,  2.57470149e-01]])
spec_slopes = np.array([[-3.46181984e-06,  2.70793938e-06, -1.62042566e-06,  2.11378239e-06,
   7.77442650e-07,  1.96790295e-07, -1.28666582e-06,  2.75499912e-07,
   7.82325774e-07,  2.90416429e-06, -4.56968289e-06,  3.36330376e-06,
   1.71785446e-06, -3.11487641e-06,  8.92487883e-07,  1.27110037e-06,
   6.22499285e-08,  1.04933336e-06, -7.91017923e-07,  5.12489867e-02,
   1.43333473e-07,  1.09136507e-06,  1.61525808e-07, -2.55777000e-06,
   5.68567138e-08,  1.18379809e-06,  2.98793920e-07, -2.90905905e-06,
   8.59941185e-07,  6.63161943e-07, -1.21639541e-06,  1.23510982e-06,
   9.30826836e-07, -3.21138654e-06,  8.81811420e-07,  1.35624883e-06,
  -2.21810721e-06,  1.59121416e-07],
 [-3.08235162e-07,  4.19226383e-07, -2.94740325e-07,  5.92584726e-08,
   6.51025154e-08, -3.10751188e-08, -1.67496666e-07,  3.52549009e-07,
  -8.43093892e-08,  1.16597999e-07, -1.11666897e-07,  1.21391377e-08,
   7.54815359e-09,  1.60219066e-08, -4.86036648e-08,  1.32992219e-07,
  -1.69642812e-07,  1.47978320e-08,  4.52335409e-04, -4.19741834e-08,
   1.98401438e-08,  9.97816389e-08, -8.85579331e-08, -1.47510187e-07,
   9.46263272e-08,  6.43503536e-08, -5.24433120e-08,  7.42773008e-08,
  -9.26546956e-08, -8.52165868e-08,  2.14015047e-07, -4.26405243e-08,
   2.98906325e-09, -1.20867136e-07,  9.64146543e-08, -1.92603428e-07,
   6.40019656e-08,  6.54621415e-08],
 [ 6.85932117e-01,  6.61011161e-01,  6.37418033e-01,  6.15066259e-01,
   5.93864607e-01,  5.73741154e-01,  5.54624070e-01,  5.36449737e-01,
   5.19146442e-01,  5.02677521e-01,  4.86971187e-01,  4.71990140e-01,
   4.57695310e-01,  4.44036771e-01,  4.30979791e-01,  4.18495128e-01,
   4.06541571e-01,  3.95091844e-01,  3.84123548e-01,  3.73716569e-01,
   3.63625127e-01,  3.53931163e-01,  3.44631890e-01,  3.35696104e-01,
   3.27111609e-01,  3.18873450e-01,  3.10965612e-01,  3.03386131e-01,
   2.96136554e-01,  2.89236723e-01,  2.82707405e-01,  2.76592922e-01,
   2.70981927e-01,  2.65988282e-01,  2.61796204e-01,  2.58680225e-01,
   2.57037823e-01,  2.57472083e-01]])
nextToPFC_slopes = np.array([[-3.46181984e-06,  2.70793938e-06, -1.62042566e-06,  2.11378239e-06,
   7.77442650e-07,  1.96790296e-07, -1.28666582e-06,  2.75499912e-07,
   7.82325774e-07,  2.90416429e-06, -4.56968289e-06,  3.36330376e-06,
   1.71785446e-06, -3.11487641e-06,  8.92487881e-07,  1.27110037e-06,
   6.22499299e-08,  1.04933335e-06, -7.91017922e-07, -1.95828620e-02,
   1.43333471e-07,  1.09136507e-06,  1.61525805e-07, -2.55777000e-06,
   5.68567152e-08,  1.18379808e-06,  2.98793922e-07, -2.90905905e-06,
   8.59941185e-07,  6.63161945e-07, -1.21639541e-06,  1.23510982e-06,
   9.30826839e-07, -3.21138654e-06,  8.81811417e-07,  1.35624884e-06,
  -2.21810721e-06,  1.59121415e-07],
 [-3.08235162e-07,  4.19226383e-07, -2.94740325e-07,  5.92584725e-08,
   6.51025155e-08, -3.10751188e-08, -1.67496666e-07,  3.52549010e-07,
  -8.43093893e-08,  1.16597999e-07, -1.11666897e-07,  1.21391377e-08,
   7.54815359e-09,  1.60219066e-08, -4.86036649e-08,  1.32992219e-07,
  -1.69642812e-07,  1.47978319e-08, -1.72750523e-04, -4.19741834e-08,
   1.98401438e-08,  9.97816389e-08, -8.85579331e-08, -1.47510187e-07,
   9.46263272e-08,  6.43503536e-08, -5.24433120e-08,  7.42773008e-08,
  -9.26546956e-08, -8.52165868e-08,  2.14015047e-07, -4.26405243e-08,
   2.98906325e-09, -1.20867136e-07,  9.64146543e-08, -1.92603428e-07,
   6.40019656e-08,  6.54621415e-08],
 [ 6.85932117e-01,  6.61011161e-01,  6.37418033e-01,  6.15066259e-01,
   5.93864607e-01,  5.73741154e-01,  5.54624070e-01,  5.36449737e-01,
   5.19146442e-01,  5.02677521e-01,  4.86971187e-01,  4.71990140e-01,
   4.57695310e-01,  4.44036771e-01,  4.30979791e-01,  4.18495128e-01,
   4.06541571e-01,  3.95091844e-01,  3.84123548e-01,  3.73716569e-01,
   3.63625127e-01,  3.53931163e-01,  3.44631890e-01,  3.35696104e-01,
   3.27111609e-01,  3.18873450e-01,  3.10965612e-01,  3.03386131e-01,
   2.96136554e-01,  2.89236723e-01,  2.82707405e-01,  2.76592922e-01,
   2.70981927e-01,  2.65988282e-01,  2.61796204e-01,  2.58680225e-01,
   2.57037823e-01,  2.57472083e-01]])
hallprobe_slopes = np.array([[-3.46181984e-06,  2.70793938e-06, -1.62042565e-06,  2.11378239e-06,
   7.77442651e-07,  1.96790296e-07, -1.28666582e-06,  2.75499909e-07,
   7.82325777e-07,  2.90416429e-06, -4.56968289e-06,  3.36330376e-06,
   1.71785446e-06, -3.11487641e-06,  8.92487884e-07,  1.27110036e-06,
   6.22499305e-08,  1.04933335e-06, -7.91017923e-07, -6.33593519e-02,
   1.43333474e-07,  1.09136507e-06,  1.61525806e-07, -2.55777000e-06,
   5.68567145e-08,  1.18379809e-06,  2.98793920e-07, -2.90905905e-06,
   8.59941186e-07,  6.63161943e-07, -1.21639541e-06,  1.23510982e-06,
   9.30826837e-07, -3.21138654e-06,  8.81811419e-07,  1.35624883e-06,
  -2.21810721e-06,  1.59121417e-07],
 [-3.08235162e-07,  4.19226383e-07, -2.94740325e-07,  5.92584725e-08,
   6.51025155e-08, -3.10751188e-08, -1.67496666e-07,  3.52549010e-07,
  -8.43093892e-08,  1.16597999e-07, -1.11666897e-07,  1.21391377e-08,
   7.54815360e-09,  1.60219066e-08, -4.86036648e-08,  1.32992219e-07,
  -1.69642812e-07,  1.47978319e-08, -5.59074875e-04, -4.19741834e-08,
   1.98401438e-08,  9.97816389e-08, -8.85579331e-08, -1.47510187e-07,
   9.46263272e-08,  6.43503536e-08, -5.24433120e-08,  7.42773008e-08,
  -9.26546956e-08, -8.52165868e-08,  2.14015047e-07, -4.26405243e-08,
   2.98906325e-09, -1.20867136e-07,  9.64146543e-08, -1.92603428e-07,
   6.40019656e-08,  6.54621415e-08],
 [ 6.85932117e-01,  6.61011161e-01,  6.37418033e-01,  6.15066259e-01,
   5.93864607e-01,  5.73741154e-01,  5.54624070e-01,  5.36449737e-01,
   5.19146442e-01,  5.02677521e-01,  4.86971187e-01,  4.71990140e-01,
   4.57695310e-01,  4.44036771e-01,  4.30979791e-01,  4.18495128e-01,
   4.06541571e-01,  3.95091844e-01,  3.84123548e-01,  3.73716569e-01,
   3.63625127e-01,  3.53931163e-01,  3.44631890e-01,  3.35696104e-01,
   3.27111609e-01,  3.18873450e-01,  3.10965612e-01,  3.03386131e-01,
   2.96136554e-01,  2.89236723e-01,  2.82707405e-01,  2.76592922e-01,
   2.70981927e-01,  2.65988282e-01,  2.61796204e-01,  2.58680225e-01,
   2.57037823e-01,  2.57472083e-01]])
Filename = i1q3_hires_2500t.npy
kw15 = np.array([[ 9.78161373e-05,  9.78388835e-05,  9.78491396e-05,  9.78544634e-05,
   9.78650342e-05,  9.78610731e-05,  9.78932107e-05,  9.78777447e-05,
   9.78914042e-05,  9.78980721e-05,  9.79054561e-05,  9.78944341e-05,
   9.79195544e-05,  9.78992669e-05,  9.79148011e-05,  9.79380994e-05,
   9.79291139e-05,  9.79379533e-05,  9.79479562e-05,  9.79471116e-05,
  -9.79658793e-05, -9.79718724e-05, -9.79839891e-05, -9.79791605e-05,
  -9.79777659e-05, -9.79814861e-05, -9.79813351e-05, -9.79910311e-05,
  -9.80129509e-05, -9.80187353e-05, -9.80107395e-05, -9.80200310e-05,
  -9.80228448e-05, -9.80267406e-05, -9.80512087e-05, -9.80587747e-05,
  -9.80725049e-05, -9.80950736e-05, -9.81172560e-05],
 [ 1.72533280e-06,  1.72630767e-06,  1.72772218e-06,  1.72585021e-06,
   1.72592660e-06,  1.72981270e-06,  1.72724711e-06,  1.72608452e-06,
   1.72739416e-06,  1.72890996e-06,  1.72657018e-06,  1.72593189e-06,
   1.72740593e-06,  1.72730288e-06,  1.73059576e-06,  1.72656189e-06,
   1.72776132e-06,  1.72896361e-06,  1.72871634e-06,  0.00000000e+00,
  -6.17256237e-10, -1.15639648e-09, -1.28740605e-09, -5.70454927e-10,
  -1.51993867e-09, -4.82294252e-10,  5.75508101e-10, -1.90847261e-09,
  -1.40065491e-09,  9.70462775e-10,  6.66185365e-10, -1.39134223e-09,
  -7.60328472e-10, -7.86627470e-10, -3.44827028e-09, -4.81078416e-10,
   3.66076160e-10, -2.11555759e-09,  7.05011075e-10],
 [ 4.62909548e-01,  4.54335336e-01,  4.46072678e-01,  4.38104999e-01,
   4.30416668e-01,  4.22993377e-01,  4.15821576e-01,  4.08888811e-01,
   4.02183183e-01,  3.95693865e-01,  3.89410396e-01,  3.83323241e-01,
   3.77423373e-01,  3.71702210e-01,  3.66151726e-01,  3.60764435e-01,
   3.55533276e-01,  3.50451556e-01,  3.45512858e-01,  3.40711295e-01,
   3.36039825e-01,  3.31494546e-01,  3.27070378e-01,  3.22762525e-01,
   3.18566353e-01,  3.14477402e-01,  3.10491560e-01,  3.06604487e-01,
   3.02812105e-01,  2.99110388e-01,  2.95494960e-01,  2.91961134e-01,
   2.88503730e-01,  2.85116425e-01,  2.81791544e-01,  2.78519173e-01,
   2.75285666e-01,  2.72072641e-01,  2.68854298e-01]])
spec = np.array([[ 2.56278094e-04,  2.56262162e-04,  2.56268929e-04,  2.56266129e-04,
   2.56274365e-04,  2.56265315e-04,  2.56251258e-04,  2.56247153e-04,
   2.56269038e-04,  2.56239054e-04,  2.56266232e-04,  2.56244555e-04,
   2.56246466e-04,  2.56239530e-04,  2.56204509e-04,  2.56231843e-04,
   2.56242418e-04,  2.56222006e-04,  2.56218442e-04,  2.56246064e-04,
  -2.56278812e-04, -2.56267169e-04, -2.56259627e-04, -2.56302970e-04,
  -2.56229918e-04, -2.56265780e-04, -2.56265833e-04, -2.56261041e-04,
  -2.56246128e-04, -2.56232340e-04, -2.56252777e-04, -2.56247630e-04,
  -2.56229761e-04, -2.56248636e-04, -2.56227346e-04, -2.56217184e-04,
  -2.56217350e-04, -2.56195308e-04, -2.56193411e-04],
 [ 4.52371957e-06,  4.52309215e-06,  4.52462782e-06,  4.52342937e-06,
   4.52415028e-06,  4.52087689e-06,  4.52141126e-06,  4.52131128e-06,
   4.52376508e-06,  4.52339901e-06,  4.52279852e-06,  4.52381165e-06,
   4.52318634e-06,  4.52435280e-06,  4.52202944e-06,  4.52423502e-06,
   4.52372297e-06,  4.52350351e-06,  4.52373116e-06,  0.00000000e+00,
   6.88875909e-10, -1.96886499e-10,  7.49751893e-10, -5.17621031e-10,
   1.23564057e-09, -1.62978870e-09, -2.11562460e-09, -8.74044582e-10,
  -1.13572737e-09,  8.20597683e-12, -6.29964718e-11,  2.30891101e-10,
  -3.69167423e-10, -2.17012384e-11, -4.63012972e-11, -5.10438154e-10,
   6.81694917e-10, -2.43223952e-09,  1.88324768e-09],
 [ 4.63397112e-01,  4.54822938e-01,  4.46560326e-01,  4.38592517e-01,
   4.30904264e-01,  4.23480942e-01,  4.16309204e-01,  4.09376375e-01,
   4.02670786e-01,  3.96181379e-01,  3.89897964e-01,  3.83810821e-01,
   3.77910951e-01,  3.72189762e-01,  3.66639278e-01,  3.61252033e-01,
   3.56020877e-01,  3.50939095e-01,  3.46000419e-01,  3.41198914e-01,
   3.36527420e-01,  3.31982111e-01,  3.27557978e-01,  3.23250089e-01,
   3.19053909e-01,  3.14964966e-01,  3.10979094e-01,  3.07092030e-01,
   3.03299679e-01,  2.99597968e-01,  2.95982496e-01,  2.92448685e-01,
   2.88991246e-01,  2.85603958e-01,  2.82279112e-01,  2.79006666e-01,
   2.75773158e-01,  2.72560181e-01,  2.69341805e-01]])
nextToPFC = np.array([[-9.78535674e-05, -9.78694993e-05, -9.78627322e-05, -9.78655324e-05,
  -9.78572965e-05, -9.78663461e-05, -9.78804030e-05, -9.78845082e-05,
  -9.78626230e-05, -9.78926076e-05, -9.78654297e-05, -9.78871069e-05,
  -9.78851956e-05, -9.78921319e-05, -9.79271526e-05, -9.78998185e-05,
  -9.78892439e-05, -9.79096557e-05, -9.79132190e-05, -9.78855975e-05,
   9.79080132e-05,  9.79196559e-05,  9.79271980e-05,  9.78838546e-05,
   9.79569072e-05,  9.79210445e-05,  9.79209921e-05,  9.79257842e-05,
   9.79406966e-05,  9.79544844e-05,  9.79340482e-05,  9.79391945e-05,
   9.79570636e-05,  9.79381890e-05,  9.79594790e-05,  9.79696405e-05,
   9.79694747e-05,  9.79915164e-05,  9.79934137e-05],
 [-1.72713975e-06, -1.72776717e-06, -1.72623150e-06, -1.72742995e-06,
  -1.72670904e-06, -1.72998244e-06, -1.72944806e-06, -1.72954804e-06,
  -1.72709425e-06, -1.72746032e-06, -1.72806080e-06, -1.72704767e-06,
  -1.72767298e-06, -1.72650653e-06, -1.72882988e-06, -1.72662430e-06,
  -1.72713635e-06, -1.72735582e-06, -1.72712816e-06,  0.00000000e+00,
   6.88875909e-10, -1.96886499e-10,  7.49751893e-10, -5.17621031e-10,
   1.23564057e-09, -1.62978870e-09, -2.11562460e-09, -8.74044582e-10,
  -1.13572737e-09,  8.20597692e-12, -6.29964717e-11,  2.30891101e-10,
  -3.69167422e-10, -2.17012383e-11, -4.63012971e-11, -5.10438154e-10,
   6.81694917e-10, -2.43223952e-09,  1.88324768e-09],
 [ 4.63512195e-01,  4.54938021e-01,  4.46675408e-01,  4.38707600e-01,
   4.31019346e-01,  4.23596025e-01,  4.16424286e-01,  4.09491457e-01,
   4.02785868e-01,  3.96296462e-01,  3.90013047e-01,  3.83925903e-01,
   3.78026033e-01,  3.72304844e-01,  3.66754360e-01,  3.61367115e-01,
   3.56135959e-01,  3.51054177e-01,  3.46115501e-01,  3.41313996e-01,
   3.36642502e-01,  3.32097194e-01,  3.27673061e-01,  3.23365171e-01,
   3.19168991e-01,  3.15080049e-01,  3.11094176e-01,  3.07207112e-01,
   3.03414761e-01,  2.99713050e-01,  2.96097578e-01,  2.92563767e-01,
   2.89106328e-01,  2.85719040e-01,  2.82394194e-01,  2.79121749e-01,
   2.75888241e-01,  2.72675264e-01,  2.69456887e-01]])
hallprobe = np.array([[-3.16718971e-04, -3.16734903e-04, -3.16728135e-04, -3.16730936e-04,
  -3.16722700e-04, -3.16731749e-04, -3.16745806e-04, -3.16749911e-04,
  -3.16728026e-04, -3.16758011e-04, -3.16730833e-04, -3.16752510e-04,
  -3.16750599e-04, -3.16757535e-04, -3.16792556e-04, -3.16765222e-04,
  -3.16754647e-04, -3.16775059e-04, -3.16778622e-04, -3.16751001e-04,
   3.16807509e-04,  3.16819152e-04,  3.16826694e-04,  3.16783351e-04,
   3.16856403e-04,  3.16820541e-04,  3.16820488e-04,  3.16825280e-04,
   3.16840193e-04,  3.16853980e-04,  3.16833544e-04,  3.16838691e-04,
   3.16856560e-04,  3.16837685e-04,  3.16858975e-04,  3.16869137e-04,
   3.16868971e-04,  3.16891012e-04,  3.16892910e-04],
 [-5.59038327e-06, -5.59101069e-06, -5.58947502e-06, -5.59067347e-06,
  -5.58995256e-06, -5.59322595e-06, -5.59269158e-06, -5.59279156e-06,
  -5.59033776e-06, -5.59070384e-06, -5.59130432e-06, -5.59029119e-06,
  -5.59091650e-06, -5.58975005e-06, -5.59207340e-06, -5.58986782e-06,
  -5.59037987e-06, -5.59059934e-06, -5.59037168e-06,  0.00000000e+00,
   6.88875909e-10, -1.96886499e-10,  7.49751893e-10, -5.17621031e-10,
   1.23564057e-09, -1.62978870e-09, -2.11562460e-09, -8.74044582e-10,
  -1.13572737e-09,  8.20597697e-12, -6.29964717e-11,  2.30891101e-10,
  -3.69167422e-10, -2.17012382e-11, -4.63012971e-11, -5.10438154e-10,
   6.81694917e-10, -2.43223952e-09,  1.88324768e-09],
 [ 4.63210905e-01,  4.54636731e-01,  4.46374119e-01,  4.38406310e-01,
   4.30718057e-01,  4.23294735e-01,  4.16122997e-01,  4.09190168e-01,
   4.02484579e-01,  3.95995172e-01,  3.89711757e-01,  3.83624614e-01,
   3.77724744e-01,  3.72003555e-01,  3.66453071e-01,  3.61065826e-01,
   3.55834670e-01,  3.50752888e-01,  3.45814212e-01,  3.41012706e-01,
   3.36341213e-01,  3.31795904e-01,  3.27371771e-01,  3.23063882e-01,
   3.18867702e-01,  3.14778759e-01,  3.10792887e-01,  3.06905823e-01,
   3.03113472e-01,  2.99411761e-01,  2.95796289e-01,  2.92262478e-01,
   2.88805039e-01,  2.85417751e-01,  2.82092905e-01,  2.78820459e-01,
   2.75586951e-01,  2.72373974e-01,  2.69155598e-01]])
kw15_slopes = np.array([[-2.27462008e-06, -1.02560860e-06, -5.32380398e-07, -1.05708229e-06,
   3.96111534e-07, -3.21376139e-06,  1.54660258e-06, -1.36594856e-06,
  -6.66788534e-07, -7.38398466e-07,  1.10219695e-06, -2.51203554e-06,
   2.02875600e-06, -1.55342485e-06, -2.32982818e-06,  8.98550989e-07,
  -8.83942938e-07, -1.00028974e-06,  8.44624636e-08,  1.95912991e-02,
   5.99308451e-07,  1.21167368e-06, -4.82865548e-07, -1.39458725e-07,
   3.72016545e-07, -1.51012994e-08,  9.69600090e-07,  2.19198784e-06,
   5.78433534e-07, -7.99581007e-07,  9.29158664e-07,  2.81375956e-07,
   3.89584220e-07,  2.44680127e-06,  7.56603594e-07,  1.37301753e-06,
   2.25687732e-06,  2.21823861e-06],
 [-9.74875031e-08, -1.41450941e-07,  1.87196803e-07, -7.63898259e-09,
  -3.88609976e-07,  2.56559635e-07,  1.16258556e-07, -1.30963580e-07,
  -1.51580063e-07,  2.33977194e-07,  6.38292376e-08, -1.47404323e-07,
   1.03057832e-08, -3.29288128e-07,  4.03386761e-07, -1.19943040e-07,
  -1.20228866e-07,  2.47272964e-08,  1.72871634e-04,  6.17256237e-08,
   5.39140239e-08,  1.31009576e-08, -7.16951125e-08,  9.49483741e-08,
  -1.03764442e-07, -1.05780235e-07,  2.48398071e-07, -5.07817698e-08,
  -2.37111769e-07,  3.04277411e-08,  2.05752760e-07, -6.31013758e-08,
   2.62989978e-09,  2.66164281e-07, -2.96719187e-07, -8.47154576e-08,
   2.48163375e-07, -2.82056866e-07],
 [ 8.57421288e-01,  8.26265796e-01,  7.96767883e-01,  7.68833057e-01,
   7.42329137e-01,  7.17180128e-01,  6.93276420e-01,  6.70562799e-01,
   6.48931859e-01,  6.28346848e-01,  6.08715555e-01,  5.89986811e-01,
   5.72116262e-01,  5.55048374e-01,  5.38729093e-01,  5.23115896e-01,
   5.08171994e-01,  4.93869834e-01,  4.80156267e-01,  4.67147063e-01,
   4.54527852e-01,  4.42416835e-01,  4.30785326e-01,  4.19617137e-01,
   4.08895144e-01,  3.98584229e-01,  3.88707297e-01,  3.79238120e-01,
   3.70171785e-01,  3.61542758e-01,  3.53382613e-01,  3.45740419e-01,
   3.38730413e-01,  3.32488152e-01,  3.27237133e-01,  3.23350714e-01,
   3.21302404e-01,  3.21834370e-01]])
spec_slopes = np.array([[ 1.59319411e-06, -6.76711008e-07,  2.80019104e-07, -8.23591418e-07,
   9.04958203e-07,  1.40568942e-06,  4.10525080e-07, -2.18852512e-06,
   2.99846726e-06, -2.71778984e-06,  2.16771864e-06, -1.91135300e-07,
   6.93634008e-07,  3.50206645e-06, -2.73340601e-06, -1.05746255e-06,
   2.04118461e-06,  3.56322697e-07, -2.76214732e-06,  5.12524876e-02,
  -1.16427565e-06, -7.54211324e-07,  4.33434714e-06, -7.30526580e-06,
   3.58627028e-06,  5.24007226e-09, -4.79208589e-07, -1.49123654e-06,
  -1.37878105e-06,  2.04361290e-06, -5.14624646e-07, -1.78690783e-06,
   1.88745251e-06, -2.12899298e-06, -1.01615339e-06,  1.65786829e-08,
  -2.20416669e-06, -1.89727326e-07],
 [ 6.27421976e-08, -1.53567480e-07,  1.19845143e-07, -7.20906841e-08,
   3.27339078e-07, -5.34376568e-08,  9.99815794e-09, -2.45379508e-07,
   3.66071352e-08,  6.00480449e-08, -1.01312634e-07,  6.25314300e-08,
  -1.16645866e-07,  2.32335563e-07, -2.20558024e-07,  5.12050757e-08,
   2.19464103e-08, -2.27652593e-08,  4.52373116e-04, -6.88875909e-08,
   8.85762408e-08, -9.46638392e-08,  1.26737292e-07, -1.75326160e-07,
   2.86542926e-07,  4.85835903e-08, -1.24158002e-07,  2.61682787e-08,
  -1.14393335e-07,  7.12024487e-09, -2.93887573e-08,  6.00058523e-08,
  -3.47466184e-08,  2.46000588e-09,  4.64136857e-08, -1.19213307e-07,
   3.11393444e-07, -4.31548720e-07],
 [ 8.57417387e-01,  8.26261261e-01,  7.96780844e-01,  7.68825330e-01,
   7.42332170e-01,  7.17173834e-01,  6.93282932e-01,  6.70558878e-01,
   6.48940659e-01,  6.28341501e-01,  6.08714358e-01,  5.89986973e-01,
   5.72118907e-01,  5.55048377e-01,  5.38724502e-01,  5.23115661e-01,
   5.08178140e-01,  4.93867647e-01,  4.80150517e-01,  4.67149353e-01,
   4.54530867e-01,  4.42413283e-01,  4.30788956e-01,  4.19618014e-01,
   4.08894237e-01,  3.98587267e-01,  3.88706395e-01,  3.79235091e-01,
   3.70171081e-01,  3.61547221e-01,  3.53381079e-01,  3.45743944e-01,
   3.38728804e-01,  3.32484551e-01,  3.27244585e-01,  3.23350798e-01,
   3.21297692e-01,  3.21837650e-01]])
nextToPFC_slopes = np.array([[ 1.59319411e-06, -6.76711002e-07,  2.80019106e-07, -8.23591421e-07,
   9.04958199e-07,  1.40568943e-06,  4.10525077e-07, -2.18852512e-06,
   2.99846726e-06, -2.71778983e-06,  2.16771864e-06, -1.91135307e-07,
   6.93634011e-07,  3.50206645e-06, -2.73340601e-06, -1.05746255e-06,
   2.04118461e-06,  3.56322694e-07, -2.76214732e-06, -1.95793611e-02,
  -1.16427565e-06, -7.54211324e-07,  4.33434714e-06, -7.30526580e-06,
   3.58627028e-06,  5.24007226e-09, -4.79208589e-07, -1.49123654e-06,
  -1.37878105e-06,  2.04361290e-06, -5.14624650e-07, -1.78690783e-06,
   1.88745251e-06, -2.12899297e-06, -1.01615339e-06,  1.65786856e-08,
  -2.20416669e-06, -1.89727326e-07],
 [ 6.27421976e-08, -1.53567480e-07,  1.19845143e-07, -7.20906842e-08,
   3.27339078e-07, -5.34376568e-08,  9.99815790e-09, -2.45379508e-07,
   3.66071351e-08,  6.00480450e-08, -1.01312634e-07,  6.25314299e-08,
  -1.16645866e-07,  2.32335563e-07, -2.20558024e-07,  5.12050757e-08,
   2.19464104e-08, -2.27652594e-08, -1.72712816e-04, -6.88875909e-08,
   8.85762408e-08, -9.46638392e-08,  1.26737292e-07, -1.75326160e-07,
   2.86542926e-07,  4.85835903e-08, -1.24158002e-07,  2.61682787e-08,
  -1.14393335e-07,  7.12024487e-09, -2.93887573e-08,  6.00058523e-08,
  -3.47466184e-08,  2.46000588e-09,  4.64136857e-08, -1.19213307e-07,
   3.11393444e-07, -4.31548720e-07],
 [ 8.57417387e-01,  8.26261261e-01,  7.96780844e-01,  7.68825330e-01,
   7.42332170e-01,  7.17173834e-01,  6.93282932e-01,  6.70558878e-01,
   6.48940659e-01,  6.28341501e-01,  6.08714358e-01,  5.89986973e-01,
   5.72118907e-01,  5.55048377e-01,  5.38724502e-01,  5.23115661e-01,
   5.08178140e-01,  4.93867647e-01,  4.80150517e-01,  4.67149353e-01,
   4.54530867e-01,  4.42413283e-01,  4.30788956e-01,  4.19618014e-01,
   4.08894237e-01,  3.98587267e-01,  3.88706395e-01,  3.79235091e-01,
   3.70171081e-01,  3.61547221e-01,  3.53381079e-01,  3.45743944e-01,
   3.38728804e-01,  3.32484551e-01,  3.27244585e-01,  3.23350798e-01,
   3.21297692e-01,  3.21837650e-01]])
hallprobe_slopes = np.array([[ 1.59319411e-06, -6.76711001e-07,  2.80019105e-07, -8.23591423e-07,
   9.04958203e-07,  1.40568942e-06,  4.10525078e-07, -2.18852512e-06,
   2.99846726e-06, -2.71778983e-06,  2.16771864e-06, -1.91135303e-07,
   6.93634012e-07,  3.50206645e-06, -2.73340601e-06, -1.05746254e-06,
   2.04118461e-06,  3.56322693e-07, -2.76214732e-06, -6.33558510e-02,
  -1.16427565e-06, -7.54211324e-07,  4.33434715e-06, -7.30526580e-06,
   3.58627028e-06,  5.24007210e-09, -4.79208589e-07, -1.49123654e-06,
  -1.37878105e-06,  2.04361289e-06, -5.14624647e-07, -1.78690783e-06,
   1.88745250e-06, -2.12899297e-06, -1.01615339e-06,  1.65786819e-08,
  -2.20416669e-06, -1.89727325e-07],
 [ 6.27421976e-08, -1.53567480e-07,  1.19845143e-07, -7.20906842e-08,
   3.27339078e-07, -5.34376568e-08,  9.99815791e-09, -2.45379508e-07,
   3.66071352e-08,  6.00480450e-08, -1.01312634e-07,  6.25314299e-08,
  -1.16645866e-07,  2.32335563e-07, -2.20558024e-07,  5.12050758e-08,
   2.19464103e-08, -2.27652594e-08, -5.59037168e-04, -6.88875909e-08,
   8.85762408e-08, -9.46638392e-08,  1.26737292e-07, -1.75326160e-07,
   2.86542926e-07,  4.85835903e-08, -1.24158002e-07,  2.61682787e-08,
  -1.14393335e-07,  7.12024487e-09, -2.93887573e-08,  6.00058523e-08,
  -3.47466184e-08,  2.46000588e-09,  4.64136857e-08, -1.19213307e-07,
   3.11393444e-07, -4.31548720e-07],
 [ 8.57417387e-01,  8.26261261e-01,  7.96780844e-01,  7.68825330e-01,
   7.42332170e-01,  7.17173834e-01,  6.93282932e-01,  6.70558878e-01,
   6.48940659e-01,  6.28341501e-01,  6.08714358e-01,  5.89986973e-01,
   5.72118907e-01,  5.55048377e-01,  5.38724502e-01,  5.23115661e-01,
   5.08178140e-01,  4.93867647e-01,  4.80150517e-01,  4.67149353e-01,
   4.54530867e-01,  4.42413283e-01,  4.30788956e-01,  4.19618014e-01,
   4.08894237e-01,  3.98587267e-01,  3.88706395e-01,  3.79235091e-01,
   3.70171081e-01,  3.61547221e-01,  3.53381079e-01,  3.45743944e-01,
   3.38728804e-01,  3.32484551e-01,  3.27244585e-01,  3.23350798e-01,
   3.21297692e-01,  3.21837650e-01]])
Filename = i1q3_hires_3000t.npy
kw15 = np.array([[ 9.78054743e-05,  9.78380837e-05,  9.78452168e-05,  9.78407848e-05,
   9.78690769e-05,  9.78538137e-05,  9.78826938e-05,  9.78782095e-05,
   9.78835368e-05,  9.79123046e-05,  9.79077462e-05,  9.79187258e-05,
   9.79309782e-05,  9.79163348e-05,  9.79314153e-05,  9.79431511e-05,
   9.79297824e-05,  9.79578094e-05,  9.79603800e-05,  9.79678345e-05,
  -9.79849040e-05, -9.79756524e-05, -9.79903274e-05, -9.79977635e-05,
  -9.80049104e-05, -9.80046988e-05, -9.80101294e-05, -9.80174850e-05,
  -9.80063742e-05, -9.80245389e-05, -9.80422061e-05, -9.80435996e-05,
  -9.80610077e-05, -9.80731708e-05, -9.80914395e-05, -9.80835442e-05,
  -9.81117795e-05, -9.81518312e-05, -9.81446316e-05],
 [ 1.72683577e-06,  1.72776154e-06,  1.72766526e-06,  1.72731255e-06,
   1.72444649e-06,  1.72659770e-06,  1.72932436e-06,  1.72581394e-06,
   1.72900196e-06,  1.72793426e-06,  1.72718739e-06,  1.72930565e-06,
   1.72944069e-06,  1.72714837e-06,  1.72608636e-06,  1.72989748e-06,
   1.73100600e-06,  1.72826529e-06,  1.72885692e-06,  0.00000000e+00,
   2.58810442e-09, -1.30559553e-09, -5.49972980e-10,  6.76617137e-10,
   1.20188761e-09,  5.77245212e-10,  1.56472189e-10,  5.73927577e-10,
  -1.02714856e-09,  1.77331127e-10,  5.27908101e-10, -1.10775204e-09,
   5.43995521e-11, -3.11244386e-10, -2.81055613e-09, -2.20912943e-09,
   9.27613142e-10,  7.86348117e-10,  1.26287584e-10],
 [ 5.55551723e-01,  5.45262651e-01,  5.35347501e-01,  5.25786242e-01,
   5.16560298e-01,  5.07652326e-01,  4.99046162e-01,  4.90726811e-01,
   4.82680087e-01,  4.74892873e-01,  4.67352724e-01,  4.60048144e-01,
   4.52968285e-01,  4.46102911e-01,  4.39442318e-01,  4.32977628e-01,
   4.26700222e-01,  4.20602096e-01,  4.14675678e-01,  4.08913827e-01,
   4.03308096e-01,  3.97853704e-01,  3.92544719e-01,  3.87375282e-01,
   3.82339867e-01,  3.77433154e-01,  3.72650121e-01,  3.67985597e-01,
   3.63434845e-01,  3.58992740e-01,  3.54654189e-01,  3.50413600e-01,
   3.46264690e-01,  3.42199975e-01,  3.38210119e-01,  3.34283262e-01,
   3.30403022e-01,  3.26547463e-01,  3.22685386e-01]])
spec = np.array([[ 2.56298401e-04,  2.56312084e-04,  2.56281043e-04,  2.56290481e-04,
   2.56244856e-04,  2.56252335e-04,  2.56249481e-04,  2.56260657e-04,
   2.56246921e-04,  2.56245882e-04,  2.56284709e-04,  2.56224382e-04,
   2.56240507e-04,  2.56231799e-04,  2.56225554e-04,  2.56247472e-04,
   2.56225451e-04,  2.56227290e-04,  2.56213275e-04,  2.56196930e-04,
  -2.56226613e-04, -2.56264868e-04, -2.56239937e-04, -2.56254750e-04,
  -2.56235480e-04, -2.56246681e-04, -2.56191604e-04, -2.56246181e-04,
  -2.56250598e-04, -2.56256792e-04, -2.56214556e-04, -2.56236057e-04,
  -2.56194186e-04, -2.56216409e-04, -2.56225572e-04, -2.56207800e-04,
  -2.56199721e-04, -2.56189188e-04, -2.56204498e-04],
 [ 4.52229451e-06,  4.52467239e-06,  4.52365234e-06,  4.52293173e-06,
   4.52286803e-06,  4.52361794e-06,  4.52540747e-06,  4.52572890e-06,
   4.52233759e-06,  4.52310129e-06,  4.52612064e-06,  4.52435924e-06,
   4.52544814e-06,  4.52480606e-06,  4.52324651e-06,  4.52334564e-06,
   4.52257976e-06,  4.52200156e-06,  4.52135238e-06,  0.00000000e+00,
  -1.07389270e-09,  1.58412448e-09, -5.34992084e-10,  1.06696656e-09,
  -1.27245332e-09,  1.05780413e-09, -9.50395827e-10, -1.09048721e-09,
   7.30184911e-10, -9.99250719e-10,  1.50169066e-09, -5.25415857e-11,
   1.60126377e-09,  1.03419642e-10,  4.36132454e-10,  1.73536152e-09,
   7.65318928e-10, -2.40675665e-10,  4.42678645e-10],
 [ 5.56039262e-01,  5.45750298e-01,  5.35835133e-01,  5.26273847e-01,
   5.17047924e-01,  5.08139916e-01,  4.99533763e-01,  4.91214390e-01,
   4.83167686e-01,  4.75380455e-01,  4.67840328e-01,  4.60535733e-01,
   4.53455840e-01,  4.46590494e-01,  4.39929929e-01,  4.33465215e-01,
   4.27187790e-01,  4.21089664e-01,  4.15163278e-01,  4.09401427e-01,
   4.03795594e-01,  3.98341339e-01,  3.93032315e-01,  3.87862853e-01,
   3.82827450e-01,  3.77920742e-01,  3.73137624e-01,  3.68473173e-01,
   3.63922363e-01,  3.59480294e-01,  3.55141755e-01,  3.50901210e-01,
   3.46752222e-01,  3.42687504e-01,  3.38697699e-01,  3.34770761e-01,
   3.30890578e-01,  3.27034994e-01,  3.23172895e-01]])
nextToPFC = np.array([[-9.78332600e-05, -9.78195776e-05, -9.78506186e-05, -9.78411806e-05,
  -9.78868052e-05, -9.78793262e-05, -9.78821801e-05, -9.78710042e-05,
  -9.78847401e-05, -9.78857794e-05, -9.78469528e-05, -9.79072795e-05,
  -9.78911549e-05, -9.78998620e-05, -9.79061075e-05, -9.78841897e-05,
  -9.79062105e-05, -9.79043711e-05, -9.79183866e-05, -9.79347317e-05,
   9.79602115e-05,  9.79219569e-05,  9.79468880e-05,  9.79320746e-05,
   9.79513449e-05,  9.79401438e-05,  9.79952208e-05,  9.79406437e-05,
   9.79362265e-05,  9.79300332e-05,  9.79722689e-05,  9.79507678e-05,
   9.79926390e-05,  9.79704163e-05,  9.79612526e-05,  9.79790245e-05,
   9.79871041e-05,  9.79976370e-05,  9.79823263e-05],
 [-1.72856481e-06, -1.72618694e-06, -1.72720698e-06, -1.72792760e-06,
  -1.72799129e-06, -1.72724138e-06, -1.72545185e-06, -1.72513042e-06,
  -1.72852173e-06, -1.72775804e-06, -1.72473868e-06, -1.72650009e-06,
  -1.72541118e-06, -1.72605326e-06, -1.72761282e-06, -1.72751368e-06,
  -1.72827956e-06, -1.72885776e-06, -1.72950694e-06,  0.00000000e+00,
  -1.07389270e-09,  1.58412448e-09, -5.34992083e-10,  1.06696657e-09,
  -1.27245332e-09,  1.05780413e-09, -9.50395827e-10, -1.09048721e-09,
   7.30184912e-10, -9.99250719e-10,  1.50169066e-09, -5.25415856e-11,
   1.60126377e-09,  1.03419642e-10,  4.36132454e-10,  1.73536152e-09,
   7.65318928e-10, -2.40675665e-10,  4.42678646e-10],
 [ 5.56154344e-01,  5.45865381e-01,  5.35950215e-01,  5.26388929e-01,
   5.17163006e-01,  5.08254998e-01,  4.99648845e-01,  4.91329473e-01,
   4.83282768e-01,  4.75495538e-01,  4.67955411e-01,  4.60650815e-01,
   4.53570923e-01,  4.46705577e-01,  4.40045012e-01,  4.33580298e-01,
   4.27302872e-01,  4.21204747e-01,  4.15278360e-01,  4.09516509e-01,
   4.03910677e-01,  3.98456421e-01,  3.93147397e-01,  3.87977936e-01,
   3.82942532e-01,  3.78035825e-01,  3.73252706e-01,  3.68588255e-01,
   3.64037446e-01,  3.59595376e-01,  3.55256837e-01,  3.51016293e-01,
   3.46867304e-01,  3.42802586e-01,  3.38812781e-01,  3.34885843e-01,
   3.31005661e-01,  3.27150077e-01,  3.23287977e-01]])
hallprobe = np.array([[-3.16698663e-04, -3.16684981e-04, -3.16716022e-04, -3.16706584e-04,
  -3.16752208e-04, -3.16744729e-04, -3.16747583e-04, -3.16736407e-04,
  -3.16750143e-04, -3.16751183e-04, -3.16712356e-04, -3.16772683e-04,
  -3.16756558e-04, -3.16765265e-04, -3.16771511e-04, -3.16749593e-04,
  -3.16771614e-04, -3.16769774e-04, -3.16783790e-04, -3.16800135e-04,
   3.16859708e-04,  3.16821453e-04,  3.16846384e-04,  3.16831571e-04,
   3.16850841e-04,  3.16839640e-04,  3.16894717e-04,  3.16840140e-04,
   3.16835723e-04,  3.16829529e-04,  3.16871765e-04,  3.16850264e-04,
   3.16892135e-04,  3.16869912e-04,  3.16860749e-04,  3.16878521e-04,
   3.16886600e-04,  3.16897133e-04,  3.16881822e-04],
 [-5.59180833e-06, -5.58943045e-06, -5.59045050e-06, -5.59117112e-06,
  -5.59123481e-06, -5.59048490e-06, -5.58869537e-06, -5.58837394e-06,
  -5.59176525e-06, -5.59100156e-06, -5.58798220e-06, -5.58974361e-06,
  -5.58865470e-06, -5.58929678e-06, -5.59085634e-06, -5.59075720e-06,
  -5.59152308e-06, -5.59210128e-06, -5.59275046e-06,  0.00000000e+00,
  -1.07389270e-09,  1.58412448e-09, -5.34992083e-10,  1.06696657e-09,
  -1.27245332e-09,  1.05780413e-09, -9.50395827e-10, -1.09048721e-09,
   7.30184912e-10, -9.99250719e-10,  1.50169066e-09, -5.25415856e-11,
   1.60126377e-09,  1.03419642e-10,  4.36132454e-10,  1.73536152e-09,
   7.65318929e-10, -2.40675665e-10,  4.42678646e-10],
 [ 5.55853055e-01,  5.45564091e-01,  5.35648926e-01,  5.26087640e-01,
   5.16861717e-01,  5.07953708e-01,  4.99347556e-01,  4.91028183e-01,
   4.82981479e-01,  4.75194248e-01,  4.67654121e-01,  4.60349526e-01,
   4.53269633e-01,  4.46404287e-01,  4.39743722e-01,  4.33279008e-01,
   4.27001583e-01,  4.20903457e-01,  4.14977071e-01,  4.09215220e-01,
   4.03609387e-01,  3.98155132e-01,  3.92846108e-01,  3.87676646e-01,
   3.82641243e-01,  3.77734535e-01,  3.72951417e-01,  3.68286966e-01,
   3.63736156e-01,  3.59294087e-01,  3.54955548e-01,  3.50715003e-01,
   3.46566015e-01,  3.42501297e-01,  3.38511492e-01,  3.34584554e-01,
   3.30704371e-01,  3.26848787e-01,  3.22986688e-01]])
kw15_slopes = np.array([[-3.26094077e-06, -7.13309203e-07,  4.43200611e-07, -2.82920951e-06,
   1.52631973e-06, -2.88800874e-06,  4.48423915e-07, -5.32723905e-07,
  -2.87678271e-06,  4.55837726e-07, -1.09795232e-06, -1.22524036e-06,
   1.46433589e-06, -1.50804998e-06, -1.17358172e-06,  1.33687106e-06,
  -2.80269977e-06, -2.57060388e-07, -7.45452100e-07,  1.95952739e-02,
  -9.25168857e-07,  1.46750268e-06,  7.43613912e-07,  7.14684584e-07,
  -2.11568804e-08,  5.43056385e-07,  7.35567529e-07, -1.11108711e-06,
   1.81647613e-06,  1.76671489e-06,  1.39354138e-07,  1.74081067e-06,
   1.21631075e-06,  1.82687058e-06, -7.89533111e-07,  2.82352467e-06,
   4.00517547e-06, -7.19963554e-07],
 [-9.25770156e-08,  9.62877910e-09,  3.52706754e-08,  2.86605806e-07,
  -2.15120379e-07, -2.72666661e-07,  3.51042170e-07, -3.18801526e-07,
   1.06770006e-07,  7.46867737e-08, -2.11826563e-07, -1.35038017e-08,
   2.29231802e-07,  1.06201292e-07, -3.81111665e-07, -1.10852228e-07,
   2.74070970e-07, -5.91634266e-08,  1.72885692e-04, -2.58810442e-07,
   3.89369995e-07, -7.55622552e-08, -1.22659012e-07, -5.25270474e-08,
   6.24642399e-08,  4.20773023e-08, -4.17455388e-08,  1.60107614e-07,
  -1.20447969e-07, -3.50576974e-08,  1.63566014e-07, -1.16215159e-07,
   3.65643938e-08,  2.49931174e-07, -6.01426705e-08, -3.13674257e-07,
   1.41265025e-08,  6.60060533e-08],
 [ 1.02890718e+00,  9.91515033e-01,  9.56125927e-01,  9.22594368e-01,
   8.90797154e-01,  8.60616464e-01,  8.31935073e-01,  8.04672443e-01,
   7.78721397e-01,  7.54014879e-01,  7.30457944e-01,  7.07985905e-01,
   6.86537481e-01,  6.66059276e-01,  6.46468966e-01,  6.27740588e-01,
   6.09812630e-01,  5.92641802e-01,  5.76185140e-01,  5.60573007e-01,
   5.45439277e-01,  5.30898425e-01,  5.16943735e-01,  5.03541460e-01,
   4.90671369e-01,  4.78303257e-01,  4.66452442e-01,  4.55075139e-01,
   4.44210506e-01,  4.33855152e-01,  4.24058862e-01,  4.14891002e-01,
   4.06471524e-01,  3.98985551e-01,  3.92685702e-01,  3.88024021e-01,
   3.85555962e-01,  3.86207663e-01]])
spec_slopes = np.array([[-1.36823650e-06,  3.10409560e-06, -9.43795433e-07,  4.56245630e-06,
  -7.47900714e-07,  2.85397222e-07, -1.11758805e-06,  1.37358526e-06,
   1.03933193e-07, -3.88266571e-06,  6.03267284e-06, -1.61245984e-06,
   8.70705432e-07,  6.24557208e-07, -2.19178757e-06,  2.20208079e-06,
  -1.83938449e-07,  1.40155108e-06,  1.63450791e-06,  5.12423543e-02,
   3.82546296e-06, -2.49310927e-06,  1.48133577e-06, -1.92702821e-06,
   1.12010732e-06, -5.50769964e-06,  5.45771836e-06,  4.41714060e-07,
   6.19332038e-07, -4.22357542e-06,  2.15011213e-06, -4.18711894e-06,
   2.22227163e-06,  9.16366610e-07, -1.77718354e-06, -8.07963363e-07,
  -1.05329153e-06,  1.53106841e-06],
 [-2.37787218e-07,  1.02004454e-07,  7.20617034e-08,  6.36930393e-09,
  -7.49908946e-08, -1.78952586e-07, -3.21436666e-08,  3.39131153e-07,
  -7.63693991e-08, -3.01935299e-07,  1.76140297e-07, -1.08890726e-07,
   6.42078686e-08,  1.55955828e-07, -9.91327971e-09,  7.65880973e-08,
   5.78200033e-08,  6.49179799e-08,  4.52135238e-04,  1.07389270e-07,
  -2.65801719e-07,  2.11911657e-07, -1.60195865e-07,  2.33941989e-07,
  -2.33025745e-07,  2.00819996e-07,  1.40091385e-08, -1.82067212e-07,
   1.72943563e-07, -2.50094138e-07,  1.55423224e-07, -1.65380536e-07,
   1.49784413e-07, -3.32712812e-08, -1.29922907e-07,  9.70042594e-08,
   1.00599459e-07, -6.83354310e-08],
 [ 1.02889631e+00,  9.91516566e-01,  9.56128598e-01,  9.22592288e-01,
   8.90800840e-01,  8.60615234e-01,  8.31937269e-01,  8.04670456e-01,
   7.78723055e-01,  7.54012709e-01,  7.30459574e-01,  7.07989208e-01,
   6.86534601e-01,  6.66056499e-01,  6.46471411e-01,  6.27742518e-01,
   6.09812573e-01,  5.92638672e-01,  5.76185062e-01,  5.60583274e-01,
   5.45425548e-01,  5.30902429e-01,  5.16946130e-01,  5.03540332e-01,
   4.90670771e-01,  4.78311832e-01,  4.66445109e-01,  4.55080951e-01,
   4.44206950e-01,  4.33853899e-01,  4.24054441e-01,  4.14898891e-01,
   4.06471754e-01,  3.98980510e-01,  3.92693791e-01,  3.88018272e-01,
   3.85558386e-01,  3.86209932e-01]])
nextToPFC_slopes = np.array([[-1.36823650e-06,  3.10409560e-06, -9.43795436e-07,  4.56245630e-06,
  -7.47900714e-07,  2.85397225e-07, -1.11758805e-06,  1.37358525e-06,
   1.03933198e-07, -3.88266572e-06,  6.03267285e-06, -1.61245985e-06,
   8.70705432e-07,  6.24557208e-07, -2.19178757e-06,  2.20208079e-06,
  -1.83938449e-07,  1.40155108e-06,  1.63450792e-06, -1.95894943e-02,
   3.82546295e-06, -2.49310927e-06,  1.48133577e-06, -1.92702821e-06,
   1.12010732e-06, -5.50769964e-06,  5.45771836e-06,  4.41714065e-07,
   6.19332033e-07, -4.22357542e-06,  2.15011213e-06, -4.18711893e-06,
   2.22227163e-06,  9.16366612e-07, -1.77718354e-06, -8.07963371e-07,
  -1.05329152e-06,  1.53106841e-06],
 [-2.37787218e-07,  1.02004454e-07,  7.20617032e-08,  6.36930397e-09,
  -7.49908948e-08, -1.78952586e-07, -3.21436666e-08,  3.39131153e-07,
  -7.63693992e-08, -3.01935299e-07,  1.76140298e-07, -1.08890726e-07,
   6.42078686e-08,  1.55955828e-07, -9.91327976e-09,  7.65880974e-08,
   5.78200033e-08,  6.49179799e-08, -1.72950694e-04,  1.07389270e-07,
  -2.65801719e-07,  2.11911657e-07, -1.60195865e-07,  2.33941989e-07,
  -2.33025745e-07,  2.00819996e-07,  1.40091385e-08, -1.82067212e-07,
   1.72943563e-07, -2.50094138e-07,  1.55423224e-07, -1.65380536e-07,
   1.49784413e-07, -3.32712812e-08, -1.29922907e-07,  9.70042594e-08,
   1.00599459e-07, -6.83354310e-08],
 [ 1.02889631e+00,  9.91516566e-01,  9.56128598e-01,  9.22592288e-01,
   8.90800840e-01,  8.60615234e-01,  8.31937269e-01,  8.04670456e-01,
   7.78723055e-01,  7.54012709e-01,  7.30459574e-01,  7.07989208e-01,
   6.86534601e-01,  6.66056499e-01,  6.46471411e-01,  6.27742518e-01,
   6.09812573e-01,  5.92638672e-01,  5.76185062e-01,  5.60583274e-01,
   5.45425548e-01,  5.30902429e-01,  5.16946130e-01,  5.03540332e-01,
   4.90670771e-01,  4.78311832e-01,  4.66445109e-01,  4.55080951e-01,
   4.44206950e-01,  4.33853899e-01,  4.24054441e-01,  4.14898891e-01,
   4.06471754e-01,  3.98980510e-01,  3.92693791e-01,  3.88018272e-01,
   3.85558386e-01,  3.86209932e-01]])
hallprobe_slopes = np.array([[-1.36823650e-06,  3.10409561e-06, -9.43795435e-07,  4.56245630e-06,
  -7.47900714e-07,  2.85397225e-07, -1.11758806e-06,  1.37358526e-06,
   1.03933199e-07, -3.88266571e-06,  6.03267284e-06, -1.61245985e-06,
   8.70705432e-07,  6.24557211e-07, -2.19178758e-06,  2.20208079e-06,
  -1.83938452e-07,  1.40155108e-06,  1.63450791e-06, -6.33659843e-02,
   3.82546295e-06, -2.49310927e-06,  1.48133577e-06, -1.92702821e-06,
   1.12010732e-06, -5.50769964e-06,  5.45771835e-06,  4.41714064e-07,
   6.19332038e-07, -4.22357542e-06,  2.15011213e-06, -4.18711894e-06,
   2.22227163e-06,  9.16366610e-07, -1.77718354e-06, -8.07963369e-07,
  -1.05329152e-06,  1.53106841e-06],
 [-2.37787218e-07,  1.02004454e-07,  7.20617033e-08,  6.36930390e-09,
  -7.49908947e-08, -1.78952586e-07, -3.21436666e-08,  3.39131153e-07,
  -7.63693992e-08, -3.01935299e-07,  1.76140298e-07, -1.08890726e-07,
   6.42078686e-08,  1.55955828e-07, -9.91327977e-09,  7.65880974e-08,
   5.78200033e-08,  6.49179799e-08, -5.59275046e-04,  1.07389270e-07,
  -2.65801719e-07,  2.11911657e-07, -1.60195865e-07,  2.33941989e-07,
  -2.33025745e-07,  2.00819996e-07,  1.40091385e-08, -1.82067212e-07,
   1.72943563e-07, -2.50094138e-07,  1.55423224e-07, -1.65380536e-07,
   1.49784413e-07, -3.32712812e-08, -1.29922907e-07,  9.70042594e-08,
   1.00599459e-07, -6.83354310e-08],
 [ 1.02889631e+00,  9.91516566e-01,  9.56128598e-01,  9.22592288e-01,
   8.90800840e-01,  8.60615234e-01,  8.31937269e-01,  8.04670456e-01,
   7.78723055e-01,  7.54012709e-01,  7.30459574e-01,  7.07989208e-01,
   6.86534601e-01,  6.66056499e-01,  6.46471411e-01,  6.27742518e-01,
   6.09812573e-01,  5.92638672e-01,  5.76185062e-01,  5.60583274e-01,
   5.45425548e-01,  5.30902429e-01,  5.16946130e-01,  5.03540332e-01,
   4.90670771e-01,  4.78311832e-01,  4.66445109e-01,  4.55080951e-01,
   4.44206950e-01,  4.33853899e-01,  4.24054441e-01,  4.14898891e-01,
   4.06471754e-01,  3.98980510e-01,  3.92693791e-01,  3.88018272e-01,
   3.85558386e-01,  3.86209932e-01]])
Filename = i1q3_hires_3300t.npy
kw15 = np.array([[ 9.78068373e-05,  9.78325796e-05,  9.78317600e-05,  9.78443667e-05,
   9.78789942e-05,  9.78582046e-05,  9.79029737e-05,  9.78979129e-05,
   9.78918388e-05,  9.79067906e-05,  9.79068419e-05,  9.79121898e-05,
   9.79338231e-05,  9.79372569e-05,  9.79276263e-05,  9.79357404e-05,
   9.79476917e-05,  9.79704406e-05,  9.79625453e-05,  9.79469823e-05,
  -9.80055355e-05, -9.79981035e-05, -9.80176527e-05, -9.80115984e-05,
  -9.80356292e-05, -9.80017868e-05, -9.80399661e-05, -9.80241365e-05,
  -9.80247446e-05, -9.80440597e-05, -9.80348949e-05, -9.80830002e-05,
  -9.80863130e-05, -9.80903366e-05, -9.81016771e-05, -9.81233955e-05,
  -9.81461715e-05, -9.81655677e-05, -9.81777659e-05],
 [ 1.72326954e-06,  1.72665663e-06,  1.72533926e-06,  1.72842517e-06,
   1.72948237e-06,  1.72933949e-06,  1.72938818e-06,  1.72792986e-06,
   1.73073418e-06,  1.72750531e-06,  1.72570750e-06,  1.72603632e-06,
   1.72915702e-06,  1.72930870e-06,  1.73044398e-06,  1.72857120e-06,
   1.72617423e-06,  1.73016497e-06,  1.72984728e-06,  0.00000000e+00,
  -1.20912179e-10, -4.63353093e-10, -2.92146693e-09, -1.08305974e-09,
  -2.11812789e-09,  7.69119097e-10, -2.41349374e-09,  1.75456109e-09,
  -9.94061114e-10,  7.92440699e-10,  1.11247215e-10,  1.93449645e-09,
  -2.00157767e-09,  1.53922902e-09,  2.05236239e-09,  1.28681353e-10,
   4.11634453e-09, -2.64980004e-10, -1.42285607e-09],
 [ 6.11137000e-01,  5.99819074e-01,  5.88912365e-01,  5.78394988e-01,
   5.68246407e-01,  5.58447622e-01,  5.48980913e-01,  5.39829605e-01,
   5.30978197e-01,  5.22412275e-01,  5.14118146e-01,  5.06083106e-01,
   4.98295252e-01,  4.90743252e-01,  4.83416677e-01,  4.76305517e-01,
   4.69400357e-01,  4.62692420e-01,  4.56173375e-01,  4.49835352e-01,
   4.43668986e-01,  4.37669222e-01,  4.31829320e-01,  4.26142937e-01,
   4.20603945e-01,  4.15206611e-01,  4.09945215e-01,  4.04814278e-01,
   3.99808444e-01,  3.94922157e-01,  3.90149789e-01,  3.85485071e-01,
   3.80921291e-01,  3.76450101e-01,  3.72061248e-01,  3.67741671e-01,
   3.63473458e-01,  3.59232313e-01,  3.54984074e-01]])
spec = np.array([[ 2.56305730e-04,  2.56285801e-04,  2.56307488e-04,  2.56268443e-04,
   2.56283892e-04,  2.56250491e-04,  2.56271855e-04,  2.56254683e-04,
   2.56268063e-04,  2.56262835e-04,  2.56255759e-04,  2.56284180e-04,
   2.56207478e-04,  2.56248904e-04,  2.56244736e-04,  2.56235487e-04,
   2.56243917e-04,  2.56222755e-04,  2.56209833e-04,  2.56227970e-04,
  -2.56240308e-04, -2.56279831e-04, -2.56276051e-04, -2.56236157e-04,
  -2.56216719e-04, -2.56212306e-04, -2.56273087e-04, -2.56265369e-04,
  -2.56224750e-04, -2.56212768e-04, -2.56219727e-04, -2.56192768e-04,
  -2.56219915e-04, -2.56202864e-04, -2.56175318e-04, -2.56223257e-04,
  -2.56242454e-04, -2.56195038e-04, -2.56204738e-04],
 [ 4.52505640e-06,  4.52339755e-06,  4.52495375e-06,  4.52183934e-06,
   4.52450022e-06,  4.52335785e-06,  4.52331640e-06,  4.52076855e-06,
   4.52527328e-06,  4.52426369e-06,  4.52595464e-06,  4.52441493e-06,
   4.52087640e-06,  4.52203412e-06,  4.52509797e-06,  4.52285557e-06,
   4.52245918e-06,  4.52206251e-06,  4.52159563e-06,  0.00000000e+00,
   1.84608783e-09, -2.17720525e-09,  1.34845166e-09,  9.28281789e-10,
  -1.91626885e-10,  1.27286073e-09,  1.27333201e-09,  2.16027107e-11,
  -1.92715243e-10,  7.98232018e-11, -1.66015078e-09, -1.10315988e-09,
   1.87206936e-09,  5.69025283e-10,  8.01605958e-10,  1.61530389e-10,
  -1.66010659e-09, -1.24938249e-10, -9.09484914e-10],
 [ 6.11624616e-01,  6.00306742e-01,  5.89400034e-01,  5.78882595e-01,
   5.68734069e-01,  5.58935284e-01,  5.49468569e-01,  5.40317228e-01,
   5.31465839e-01,  5.22899847e-01,  5.14605741e-01,  5.06570711e-01,
   4.98782872e-01,  4.91230911e-01,  4.83904298e-01,  4.76793119e-01,
   4.69887963e-01,  4.63180036e-01,  4.56660975e-01,  4.50322947e-01,
   4.44156571e-01,  4.38156836e-01,  4.32316944e-01,  4.26630497e-01,
   4.21091549e-01,  4.15694162e-01,  4.10432810e-01,  4.05301859e-01,
   4.00296002e-01,  3.95409704e-01,  3.90637311e-01,  3.85972676e-01,
   3.81408891e-01,  3.76937621e-01,  3.72548869e-01,  3.68229199e-01,
   3.63961037e-01,  3.59719848e-01,  3.55471564e-01]])
nextToPFC = np.array([[-9.78259310e-05, -9.78458606e-05, -9.78241733e-05, -9.78632180e-05,
  -9.78477693e-05, -9.78811701e-05, -9.78598068e-05, -9.78769789e-05,
  -9.78635987e-05, -9.78688268e-05, -9.78759024e-05, -9.78474818e-05,
  -9.79241834e-05, -9.78827576e-05, -9.78869249e-05, -9.78961748e-05,
  -9.78877444e-05, -9.79089067e-05, -9.79218286e-05, -9.79036917e-05,
   9.79465164e-05,  9.79069937e-05,  9.79107739e-05,  9.79506676e-05,
   9.79701062e-05,  9.79745190e-05,  9.79137381e-05,  9.79214560e-05,
   9.79620745e-05,  9.79740564e-05,  9.79670980e-05,  9.79940572e-05,
   9.79669096e-05,  9.79839613e-05,  9.80115068e-05,  9.79635682e-05,
   9.79443707e-05,  9.79917872e-05,  9.79820871e-05],
 [-1.72580292e-06, -1.72746177e-06, -1.72590557e-06, -1.72901998e-06,
  -1.72635910e-06, -1.72750147e-06, -1.72754292e-06, -1.73009077e-06,
  -1.72558604e-06, -1.72659563e-06, -1.72490468e-06, -1.72644439e-06,
  -1.72998292e-06, -1.72882520e-06, -1.72576135e-06, -1.72800375e-06,
  -1.72840014e-06, -1.72879681e-06, -1.72926369e-06,  0.00000000e+00,
   1.84608783e-09, -2.17720525e-09,  1.34845166e-09,  9.28281789e-10,
  -1.91626885e-10,  1.27286073e-09,  1.27333201e-09,  2.16027108e-11,
  -1.92715243e-10,  7.98232019e-11, -1.66015078e-09, -1.10315988e-09,
   1.87206936e-09,  5.69025283e-10,  8.01605958e-10,  1.61530389e-10,
  -1.66010659e-09, -1.24938249e-10, -9.09484914e-10],
 [ 6.11739698e-01,  6.00421824e-01,  5.89515116e-01,  5.78997677e-01,
   5.68849151e-01,  5.59050366e-01,  5.49583651e-01,  5.40432310e-01,
   5.31580921e-01,  5.23014929e-01,  5.14720824e-01,  5.06685794e-01,
   4.98897955e-01,  4.91345993e-01,  4.84019381e-01,  4.76908202e-01,
   4.70003045e-01,  4.63295119e-01,  4.56776058e-01,  4.50438029e-01,
   4.44271653e-01,  4.38271918e-01,  4.32432026e-01,  4.26745580e-01,
   4.21206631e-01,  4.15809244e-01,  4.10547893e-01,  4.05416941e-01,
   4.00411084e-01,  3.95524786e-01,  3.90752393e-01,  3.86087758e-01,
   3.81523973e-01,  3.77052703e-01,  3.72663952e-01,  3.68344281e-01,
   3.64076119e-01,  3.59834930e-01,  3.55586647e-01]])
hallprobe = np.array([[-3.16691334e-04, -3.16711264e-04, -3.16689577e-04, -3.16728621e-04,
  -3.16713173e-04, -3.16746573e-04, -3.16725210e-04, -3.16742382e-04,
  -3.16729002e-04, -3.16734230e-04, -3.16741306e-04, -3.16712885e-04,
  -3.16789587e-04, -3.16748161e-04, -3.16752328e-04, -3.16761578e-04,
  -3.16753148e-04, -3.16774310e-04, -3.16787232e-04, -3.16769095e-04,
   3.16846013e-04,  3.16806490e-04,  3.16810270e-04,  3.16850164e-04,
   3.16869602e-04,  3.16874015e-04,  3.16813234e-04,  3.16820952e-04,
   3.16861571e-04,  3.16873552e-04,  3.16866594e-04,  3.16893553e-04,
   3.16866406e-04,  3.16883457e-04,  3.16911003e-04,  3.16863064e-04,
   3.16843867e-04,  3.16891283e-04,  3.16881583e-04],
 [-5.58904644e-06, -5.59070529e-06, -5.58914909e-06, -5.59226350e-06,
  -5.58960262e-06, -5.59074499e-06, -5.59078644e-06, -5.59333429e-06,
  -5.58882956e-06, -5.58983915e-06, -5.58814820e-06, -5.58968791e-06,
  -5.59322644e-06, -5.59206872e-06, -5.58900487e-06, -5.59124727e-06,
  -5.59164366e-06, -5.59204033e-06, -5.59250721e-06,  0.00000000e+00,
   1.84608783e-09, -2.17720525e-09,  1.34845166e-09,  9.28281789e-10,
  -1.91626885e-10,  1.27286073e-09,  1.27333201e-09,  2.16027109e-11,
  -1.92715243e-10,  7.98232019e-11, -1.66015078e-09, -1.10315988e-09,
   1.87206936e-09,  5.69025283e-10,  8.01605958e-10,  1.61530389e-10,
  -1.66010659e-09, -1.24938249e-10, -9.09484914e-10],
 [ 6.11438409e-01,  6.00120535e-01,  5.89213827e-01,  5.78696388e-01,
   5.68547862e-01,  5.58749077e-01,  5.49282362e-01,  5.40131021e-01,
   5.31279632e-01,  5.22713640e-01,  5.14419534e-01,  5.06384504e-01,
   4.98596665e-01,  4.91044704e-01,  4.83718091e-01,  4.76606912e-01,
   4.69701756e-01,  4.62993829e-01,  4.56474768e-01,  4.50136740e-01,
   4.43970363e-01,  4.37970629e-01,  4.32130737e-01,  4.26444290e-01,
   4.20905342e-01,  4.15507955e-01,  4.10246603e-01,  4.05115652e-01,
   4.00109795e-01,  3.95223497e-01,  3.90451104e-01,  3.85786469e-01,
   3.81222684e-01,  3.76751414e-01,  3.72362662e-01,  3.68042992e-01,
   3.63774830e-01,  3.59533640e-01,  3.55285357e-01]])
kw15_slopes = np.array([[-2.57423769e-06,  8.19586359e-08, -1.26066931e-06, -3.46274602e-06,
   2.07895708e-06, -4.47691101e-06,  5.06082401e-07,  6.07410295e-07,
  -1.49517687e-06, -5.12983528e-09, -5.34791002e-07, -2.16333234e-06,
  -3.43379312e-07,  9.63056721e-07, -8.11405728e-07, -1.19512747e-06,
  -2.27489124e-06,  7.89526369e-07,  1.55630445e-06,  1.95952518e-02,
  -7.43199927e-07,  1.95492213e-06, -6.05425612e-07,  2.40307419e-06,
  -3.38423708e-06,  3.81792472e-06, -1.58295111e-06,  6.08032902e-08,
   1.93151106e-06, -9.16480404e-07,  4.81053277e-06,  3.31276923e-07,
   4.02359041e-07,  1.13405506e-06,  2.17183565e-06,  2.27760448e-06,
   1.93961384e-06,  1.21982214e-06],
 [-3.38708820e-07,  1.31736811e-07, -3.08591722e-07, -1.05719130e-07,
   1.42880149e-08, -4.86939430e-09,  1.45831711e-07, -2.80431908e-07,
   3.22887137e-07,  1.79781235e-07, -3.28821486e-08, -3.12070257e-07,
  -1.51675416e-08, -1.13528330e-07,  1.87277976e-07,  2.39696711e-07,
  -3.99073746e-07,  3.17686523e-08,  1.72984728e-04,  1.20912179e-08,
   3.42440914e-08,  2.45811383e-07, -1.83840718e-07,  1.03506815e-07,
  -2.88724699e-07,  3.18261284e-07, -4.16805484e-07,  2.74862221e-07,
  -1.78650181e-07,  6.81193484e-08, -1.82324923e-07,  3.93607412e-07,
  -3.54080669e-07, -5.13133369e-08,  1.92368103e-07, -3.98766318e-07,
   4.38132453e-07,  1.15787606e-07],
 [ 1.13179261e+00,  1.09067091e+00,  1.05173768e+00,  1.01485815e+00,
   9.79878435e-01,  9.46670890e-01,  9.15130828e-01,  8.85140809e-01,
   8.56592201e-01,  8.29412892e-01,  8.03503972e-01,  7.78785447e-01,
   7.55199960e-01,  7.32657557e-01,  7.11115968e-01,  6.90516044e-01,
   6.70793713e-01,  6.51904502e-01,  6.33802245e-01,  6.16636650e-01,
   5.99976318e-01,  5.83990225e-01,  5.68638275e-01,  5.53899218e-01,
   5.39733392e-01,  5.26139629e-01,  5.13093735e-01,  5.00583418e-01,
   4.88628623e-01,  4.77236868e-01,  4.66471805e-01,  4.56377957e-01,
   4.47118980e-01,  4.38885277e-01,  4.31957718e-01,  4.26821372e-01,
   4.24114428e-01,  4.24823934e-01]])
spec_slopes = np.array([[ 1.99296532e-06, -2.16872623e-06,  3.90446300e-06, -1.54486555e-06,
   3.34007642e-06, -2.13632464e-06,  1.71720245e-06, -1.33801256e-06,
   5.22810991e-07,  7.07559452e-07, -2.84206702e-06,  7.67016095e-06,
  -4.14257846e-06,  4.16735019e-07,  9.24985915e-07, -8.43040213e-07,
   2.11622680e-06,  1.29219730e-06, -1.81368981e-06,  5.12468278e-02,
   3.95227161e-06, -3.78019543e-07, -3.98937041e-06, -1.94385691e-06,
  -4.41280396e-07,  6.07808979e-06, -7.71793496e-07, -4.06185312e-06,
  -1.19818442e-06,  6.95833474e-07, -2.69591695e-06,  2.71475808e-06,
  -1.70516735e-06, -2.75454891e-06,  4.79385750e-06,  1.91974696e-06,
  -4.74164591e-06,  9.70010930e-07],
 [ 1.65884897e-07, -1.55619850e-07,  3.11441035e-07, -2.66087925e-07,
   1.14237010e-07,  4.14448878e-09,  2.54785463e-07, -4.50473383e-07,
   1.00959309e-07, -1.69095384e-07,  1.53971046e-07,  3.53853404e-07,
  -1.15771965e-07, -3.06385189e-07,  2.24239681e-07,  3.96389626e-08,
   3.96671506e-08,  4.66877668e-08,  4.52159563e-04, -1.84608783e-07,
   4.02329308e-07, -3.52565691e-07,  4.20169869e-08,  1.11990867e-07,
  -1.46448761e-07, -4.71277806e-11,  1.25172930e-07,  2.14317954e-08,
  -2.72538445e-08,  1.73997398e-07, -5.56990894e-08, -2.97522924e-07,
   1.30304408e-07, -2.32580675e-08,  6.40075569e-08,  1.82163698e-07,
  -1.53516834e-07,  7.84546665e-08],
 [ 1.13178745e+00,  1.09067075e+00,  1.05174392e+00,  1.01485258e+00,
   9.79878534e-01,  9.46671505e-01,  9.15134075e-01,  8.85138934e-01,
   8.56599199e-01,  8.29410540e-01,  8.03503001e-01,  7.78783874e-01,
   7.55196140e-01,  7.32661282e-01,  7.11117894e-01,  6.90515676e-01,
   6.70792614e-01,  6.51906101e-01,  6.33802856e-01,  6.16637635e-01,
   5.99973476e-01,  5.83989179e-01,  5.68644651e-01,  5.53894840e-01,
   5.39738717e-01,  5.26135157e-01,  5.13095120e-01,  5.00585742e-01,
   4.88629753e-01,  4.77239348e-01,  4.66463504e-01,  4.56378465e-01,
   4.47127032e-01,  4.38875132e-01,  4.31967032e-01,  4.26816234e-01,
   4.24118917e-01,  4.24828322e-01]])
nextToPFC_slopes = np.array([[ 1.99296532e-06, -2.16872624e-06,  3.90446300e-06, -1.54486555e-06,
   3.34007642e-06, -2.13632464e-06,  1.71720245e-06, -1.33801256e-06,
   5.22810988e-07,  7.07559458e-07, -2.84206702e-06,  7.67016095e-06,
  -4.14257846e-06,  4.16735019e-07,  9.24985915e-07, -8.43040213e-07,
   2.11622680e-06,  1.29219730e-06, -1.81368982e-06, -1.95850208e-02,
   3.95227160e-06, -3.78019541e-07, -3.98937041e-06, -1.94385691e-06,
  -4.41280397e-07,  6.07808979e-06, -7.71793494e-07, -4.06185312e-06,
  -1.19818443e-06,  6.95833476e-07, -2.69591695e-06,  2.71475808e-06,
  -1.70516735e-06, -2.75454891e-06,  4.79385749e-06,  1.91974696e-06,
  -4.74164591e-06,  9.70010924e-07],
 [ 1.65884898e-07, -1.55619850e-07,  3.11441035e-07, -2.66087925e-07,
   1.14237011e-07,  4.14448869e-09,  2.54785463e-07, -4.50473384e-07,
   1.00959309e-07, -1.69095384e-07,  1.53971046e-07,  3.53853404e-07,
  -1.15771966e-07, -3.06385189e-07,  2.24239681e-07,  3.96389625e-08,
   3.96671506e-08,  4.66877668e-08, -1.72926369e-04, -1.84608783e-07,
   4.02329308e-07, -3.52565691e-07,  4.20169869e-08,  1.11990867e-07,
  -1.46448761e-07, -4.71277806e-11,  1.25172930e-07,  2.14317954e-08,
  -2.72538445e-08,  1.73997398e-07, -5.56990894e-08, -2.97522924e-07,
   1.30304408e-07, -2.32580675e-08,  6.40075569e-08,  1.82163698e-07,
  -1.53516834e-07,  7.84546665e-08],
 [ 1.13178745e+00,  1.09067075e+00,  1.05174392e+00,  1.01485258e+00,
   9.79878534e-01,  9.46671505e-01,  9.15134075e-01,  8.85138934e-01,
   8.56599199e-01,  8.29410540e-01,  8.03503001e-01,  7.78783874e-01,
   7.55196140e-01,  7.32661282e-01,  7.11117894e-01,  6.90515676e-01,
   6.70792614e-01,  6.51906101e-01,  6.33802856e-01,  6.16637635e-01,
   5.99973476e-01,  5.83989179e-01,  5.68644651e-01,  5.53894840e-01,
   5.39738717e-01,  5.26135157e-01,  5.13095120e-01,  5.00585742e-01,
   4.88629753e-01,  4.77239348e-01,  4.66463504e-01,  4.56378465e-01,
   4.47127032e-01,  4.38875132e-01,  4.31967032e-01,  4.26816234e-01,
   4.24118917e-01,  4.24828322e-01]])
hallprobe_slopes = np.array([[ 1.99296532e-06, -2.16872624e-06,  3.90446300e-06, -1.54486555e-06,
   3.34007642e-06, -2.13632464e-06,  1.71720246e-06, -1.33801257e-06,
   5.22810991e-07,  7.07559455e-07, -2.84206702e-06,  7.67016095e-06,
  -4.14257846e-06,  4.16735020e-07,  9.24985911e-07, -8.43040207e-07,
   2.11622680e-06,  1.29219730e-06, -1.81368981e-06, -6.33615108e-02,
   3.95227161e-06, -3.78019536e-07, -3.98937041e-06, -1.94385691e-06,
  -4.41280394e-07,  6.07808979e-06, -7.71793495e-07, -4.06185312e-06,
  -1.19818443e-06,  6.95833478e-07, -2.69591695e-06,  2.71475808e-06,
  -1.70516735e-06, -2.75454891e-06,  4.79385749e-06,  1.91974696e-06,
  -4.74164591e-06,  9.70010923e-07],
 [ 1.65884898e-07, -1.55619850e-07,  3.11441035e-07, -2.66087925e-07,
   1.14237011e-07,  4.14448865e-09,  2.54785463e-07, -4.50473384e-07,
   1.00959309e-07, -1.69095384e-07,  1.53971046e-07,  3.53853404e-07,
  -1.15771966e-07, -3.06385189e-07,  2.24239681e-07,  3.96389626e-08,
   3.96671505e-08,  4.66877668e-08, -5.59250721e-04, -1.84608783e-07,
   4.02329308e-07, -3.52565691e-07,  4.20169869e-08,  1.11990867e-07,
  -1.46448761e-07, -4.71277806e-11,  1.25172930e-07,  2.14317954e-08,
  -2.72538445e-08,  1.73997398e-07, -5.56990894e-08, -2.97522924e-07,
   1.30304408e-07, -2.32580675e-08,  6.40075569e-08,  1.82163698e-07,
  -1.53516834e-07,  7.84546665e-08],
 [ 1.13178745e+00,  1.09067075e+00,  1.05174392e+00,  1.01485258e+00,
   9.79878534e-01,  9.46671505e-01,  9.15134075e-01,  8.85138934e-01,
   8.56599199e-01,  8.29410540e-01,  8.03503001e-01,  7.78783874e-01,
   7.55196140e-01,  7.32661282e-01,  7.11117894e-01,  6.90515676e-01,
   6.70792614e-01,  6.51906101e-01,  6.33802856e-01,  6.16637635e-01,
   5.99973476e-01,  5.83989179e-01,  5.68644651e-01,  5.53894840e-01,
   5.39738717e-01,  5.26135157e-01,  5.13095120e-01,  5.00585742e-01,
   4.88629753e-01,  4.77239348e-01,  4.66463504e-01,  4.56378465e-01,
   4.47127032e-01,  4.38875132e-01,  4.31967032e-01,  4.26816234e-01,
   4.24118917e-01,  4.24828322e-01]])
kw15_centers = np.array([[9.78924582e-02, 0.00000000e+00, 6.79012319e+01],
 [9.79053326e-02, 0.00000000e+00, 1.36103753e+02],
 [9.79237092e-02, 0.00000000e+00, 2.04306269e+02],
 [9.79310812e-02, 0.00000000e+00, 2.72508795e+02],
 [9.79471116e-02, 0.00000000e+00, 3.40711295e+02],
 [9.79678345e-02, 0.00000000e+00, 4.08913827e+02],
 [9.79469823e-02, 0.00000000e+00, 4.49835352e+02]])
spec_centers = np.array([[2.56246847e-01, 0.00000000e+00, 6.83887452e+01],
 [2.56241617e-01, 0.00000000e+00, 1.36591283e+02],
 [2.56224504e-01, 0.00000000e+00, 2.04793817e+02],
 [2.56231157e-01, 0.00000000e+00, 2.72996360e+02],
 [2.56246064e-01, 0.00000000e+00, 3.41198914e+02],
 [2.56196930e-01, 0.00000000e+00, 4.09401427e+02],
 [2.56227970e-01, 0.00000000e+00, 4.50322947e+02]])
nextToPFC_centers = np.array([[-9.78848140e-02,  0.00000000e+00,  6.85038275e+01],
 [-9.78900441e-02,  0.00000000e+00,  1.36706366e+02],
 [-9.79071578e-02,  0.00000000e+00,  2.04908899e+02],
 [-9.79005042e-02,  0.00000000e+00,  2.73111442e+02],
 [-9.78855975e-02,  0.00000000e+00,  3.41313996e+02],
 [-9.79347317e-02,  0.00000000e+00,  4.09516509e+02],
 [-9.79036917e-02,  0.00000000e+00,  4.50438029e+02]])
hallprobe_centers = np.array([[-3.16750217e-01,  0.00000000e+00,  6.82025381e+01],
 [-3.16755447e-01,  0.00000000e+00,  1.36405076e+02],
 [-3.16772561e-01,  0.00000000e+00,  2.04607610e+02],
 [-3.16765907e-01,  0.00000000e+00,  2.72810153e+02],
 [-3.16751001e-01,  0.00000000e+00,  3.41012706e+02],
 [-3.16800135e-01,  0.00000000e+00,  4.09215220e+02],
 [-3.16769095e-01,  0.00000000e+00,  4.50136740e+02]])
kw15_slopes_centers = np.array([[-1.57049983e-04,  1.72795357e-01,  9.60313415e+01],
 [-3.14099965e-04,  1.72821211e-01,  1.92062683e+02],
 [-3.72726050e-04,  1.72827597e-01,  2.88092570e+02],
 [-6.28199930e-04,  1.72872920e-01,  3.84125366e+02],
 [ 8.44624636e-05,  1.72871634e-01,  4.80156267e+02],
 [-7.45452100e-04,  1.72885692e-01,  5.76185140e+02],
 [ 1.55630445e-03,  1.72984728e-01,  6.33802245e+02]])
spec_slopes_centers = np.array([[-1.97754481e-04,  4.52321175e-01,  9.60308871e+01],
 [-3.95508960e-04,  4.52325919e-01,  1.92061774e+02],
 [ 8.17253956e-04,  4.52225834e-01,  2.88092531e+02],
 [-7.91017923e-04,  4.52335409e-01,  3.84123548e+02],
 [-2.76214732e-03,  4.52373116e-01,  4.80150517e+02],
 [ 1.63450791e-03,  4.52135238e-01,  5.76185062e+02],
 [-1.81368981e-03,  4.52159563e-01,  6.33802856e+02]])
nextToPFC_slopes_centers = np.array([[-1.97754481e-04, -1.72764758e-01,  9.60308871e+01],
 [-3.95508961e-04, -1.72760013e-01,  1.92061774e+02],
 [ 8.17253958e-04, -1.72860098e-01,  2.88092531e+02],
 [-7.91017922e-04, -1.72750523e-01,  3.84123548e+02],
 [-2.76214732e-03, -1.72712816e-01,  4.80150517e+02],
 [ 1.63450792e-03, -1.72950694e-01,  5.76185062e+02],
 [-1.81368982e-03, -1.72926369e-01,  6.33802856e+02]])
hallprobe_slopes_centers = np.array([[-1.97754481e-04, -5.59089110e-01,  9.60308871e+01],
 [-3.95508961e-04, -5.59084365e-01,  1.92061774e+02],
 [ 8.17253956e-04, -5.59184450e-01,  2.88092531e+02],
 [-7.91017923e-04, -5.59074875e-01,  3.84123548e+02],
 [-2.76214732e-03, -5.59037168e-01,  4.80150517e+02],
 [ 1.63450791e-03, -5.59275046e-01,  5.76185062e+02],
 [-1.81368981e-03, -5.59250721e-01,  6.33802856e+02]])
