Filename = "i1q3_hires.npy" 
distFromOuterWall = 0.29
dir1 = "Toroidal"
dir2 = "Poloidal"
kw15 = np.array([0.07682342, 0.07681172, 0.07677662, 0.07671814, 0.07663629, 0.07653109,
 0.07640258, 0.0762508 , 0.0760758 , 0.07587762, 0.07565633, 0.07541199,
 0.07514469, 0.07485449, 0.07454149, 0.07420579, 0.07384749, 0.07346669,
 0.07306351, 0.07263808, 0.07219052, 0.07172097, 0.07122958, 0.07071649,
 0.07018186, 0.06962585, 0.06904863, 0.06845038, 0.06783129, 0.06719153,
 0.0665313 , 0.06585081, 0.06515026, 0.06442987, 0.06368985, 0.06293044,
 0.06215185, 0.06135433, 0.06053813, 0.05970349, 0.05885066, 0.0579799 ,
 0.05709149, 0.05618569, 0.05526277, 0.05432302, 0.05336673, 0.05239418,
 0.05140567, 0.05040151, 0.04938199, 0.04834744, 0.04729816, 0.04623448,
 0.04515671, 0.04406519, 0.04296026, 0.04184224, 0.04071147, 0.03956832,
 0.03841311, 0.0372462 , 0.03606796, 0.03487873, 0.03367889, 0.03246879,
 0.03124881, 0.03001932, 0.0287807 , 0.02753332, 0.02627756, 0.02501382,
 0.02374247, 0.02246391, 0.02117853, 0.01988672, 0.01858889, 0.01728544,
 0.01597677, 0.0146633 , 0.01334545, 0.01202364, 0.01069832, 0.00936995,
 0.00803904, 0.0067062 , 0.0053722 , 0.00403834, 0.00270763, 0.00139309,
 0.00037831, 0.00139309, 0.00270763, 0.00403834, 0.0053722 , 0.0067062 ,
 0.00803904, 0.00936995, 0.01069832, 0.01202364, 0.01334545, 0.0146633 ,
 0.01597677, 0.01728544, 0.01858889, 0.01988672, 0.02117853, 0.02246391,
 0.02374247, 0.02501382, 0.02627756, 0.02753332, 0.0287807 , 0.03001932,
 0.03124881, 0.03246879, 0.03367889, 0.03487873, 0.03606796, 0.0372462 ,
 0.03841311, 0.03956832, 0.04071147, 0.04184224, 0.04296026, 0.04406519,
 0.04515671, 0.04623448, 0.04729816, 0.04834744, 0.04938199, 0.05040151,
 0.05140567, 0.05239418, 0.05336673, 0.05432302, 0.05526277, 0.05618569,
 0.05709149, 0.0579799 , 0.05885066, 0.05970349, 0.06053813, 0.06135433,
 0.06215185, 0.06293044, 0.06368985, 0.06442987, 0.06515026, 0.06585081,
 0.0665313 , 0.06719153, 0.06783129, 0.06845038, 0.06904863, 0.06962585,
 0.07018186, 0.07071649, 0.07122958, 0.07172097, 0.07219052, 0.07263808,
 0.07306351, 0.07346669, 0.07384749, 0.07420579, 0.07454149, 0.07485449,
 0.07514469, 0.07541199, 0.07565633, 0.07587762, 0.0760758 , 0.0762508 ,
 0.07640258, 0.07653109, 0.07663629, 0.07671814, 0.07677662, 0.07681172,
 0.07682342, 0.07681172, 0.07677662, 0.07671814, 0.07663629, 0.07653109,
 0.07640258, 0.0762508 , 0.0760758 , 0.07587762, 0.07565633, 0.07541199,
 0.07514469, 0.07485449, 0.07454149, 0.07420579, 0.07384749, 0.07346669,
 0.07306351, 0.07263808, 0.07219052, 0.07172097, 0.07122958, 0.07071649,
 0.07018186, 0.06962585, 0.06904863, 0.06845038, 0.06783129, 0.06719153,
 0.0665313 , 0.06585081, 0.06515026, 0.06442987, 0.06368985, 0.06293044,
 0.06215185, 0.06135433, 0.06053813, 0.05970349, 0.05885066, 0.0579799 ,
 0.05709149, 0.05618569, 0.05526277, 0.05432302, 0.05336673, 0.05239418,
 0.05140567, 0.05040151, 0.04938199, 0.04834744, 0.04729816, 0.04623448,
 0.04515671, 0.04406519, 0.04296026, 0.04184224, 0.04071147, 0.03956832,
 0.03841311, 0.0372462 , 0.03606796, 0.03487873, 0.03367889, 0.03246879,
 0.03124881, 0.03001932, 0.0287807 , 0.02753332, 0.02627756, 0.02501382,
 0.02374247, 0.02246391, 0.02117853, 0.01988672, 0.01858889, 0.01728544,
 0.01597677, 0.0146633 , 0.01334545, 0.01202364, 0.01069832, 0.00936995,
 0.00803904, 0.0067062 , 0.0053722 , 0.00403834, 0.00270763, 0.00139309,
 0.00037831, 0.00139309, 0.00270763, 0.00403834, 0.0053722 , 0.0067062 ,
 0.00803904, 0.00936995, 0.01069832, 0.01202364, 0.01334545, 0.0146633 ,
 0.01597677, 0.01728544, 0.01858889, 0.01988672, 0.02117853, 0.02246391,
 0.02374247, 0.02501382, 0.02627756, 0.02753332, 0.0287807 , 0.03001932,
 0.03124881, 0.03246879, 0.03367889, 0.03487873, 0.03606796, 0.0372462 ,
 0.03841311, 0.03956832, 0.04071147, 0.04184224, 0.04296026, 0.04406519,
 0.04515671, 0.04623448, 0.04729816, 0.04834744, 0.04938199, 0.05040151,
 0.05140567, 0.05239418, 0.05336673, 0.05432302, 0.05526277, 0.05618569,
 0.05709149, 0.0579799 , 0.05885066, 0.05970349, 0.06053813, 0.06135433,
 0.06215185, 0.06293044, 0.06368985, 0.06442987, 0.06515026, 0.06585081,
 0.0665313 , 0.06719153, 0.06783129, 0.06845038, 0.06904863, 0.06962585,
 0.07018186, 0.07071649, 0.07122958, 0.07172097, 0.07219052, 0.07263808,
 0.07306351, 0.07346669, 0.07384749, 0.07420579, 0.07454149, 0.07485449,
 0.07514469, 0.07541199, 0.07565633, 0.07587762, 0.0760758 , 0.0762508 ,
 0.07640258, 0.07653109, 0.07663629, 0.07671814, 0.07677662, 0.07681172])
spec = np.array([0.07702441, 0.07701268, 0.07697749, 0.07691885, 0.07683679, 0.07673132,
 0.07660247, 0.0764503 , 0.07627483, 0.07607613, 0.07585426, 0.07560929,
 0.07534128, 0.07505033, 0.07473651, 0.07439993, 0.07404069, 0.07365889,
 0.07325466, 0.07282811, 0.07237938, 0.07190861, 0.07141593, 0.07090149,
 0.07036546, 0.069808  , 0.06922927, 0.06862946, 0.06800874, 0.06736731,
 0.06670536, 0.06602308, 0.0653207 , 0.06459842, 0.06385647, 0.06309506,
 0.06231444, 0.06151484, 0.0606965 , 0.05985967, 0.05900461, 0.05813157,
 0.05724083, 0.05633266, 0.05540733, 0.05446512, 0.05350632, 0.05253123,
 0.05154013, 0.05053334, 0.04951116, 0.04847389, 0.04742187, 0.0463554 ,
 0.04527481, 0.04418044, 0.04307261, 0.04195166, 0.04081794, 0.03967179,
 0.03851355, 0.03734359, 0.03616226, 0.03496992, 0.03376693, 0.03255367,
 0.03133049, 0.03009778, 0.02885591, 0.02760526, 0.02634622, 0.02507916,
 0.02380448, 0.02252257, 0.02123382, 0.01993862, 0.01863739, 0.01733051,
 0.01601841, 0.01470149, 0.01338017, 0.01205487, 0.01072605, 0.00939417,
 0.00805974, 0.00672334, 0.00538575, 0.00404823, 0.0027137 , 0.00139477,
 0.00037201, 0.00139477, 0.0027137 , 0.00404823, 0.00538575, 0.00672334,
 0.00805974, 0.00939417, 0.01072605, 0.01205487, 0.01338017, 0.01470149,
 0.01601841, 0.01733051, 0.01863739, 0.01993862, 0.02123382, 0.02252257,
 0.02380448, 0.02507916, 0.02634622, 0.02760526, 0.02885591, 0.03009778,
 0.03133049, 0.03255367, 0.03376693, 0.03496992, 0.03616226, 0.03734359,
 0.03851355, 0.03967179, 0.04081794, 0.04195166, 0.04307261, 0.04418044,
 0.04527481, 0.0463554 , 0.04742187, 0.04847389, 0.04951116, 0.05053334,
 0.05154013, 0.05253123, 0.05350632, 0.05446512, 0.05540733, 0.05633266,
 0.05724083, 0.05813157, 0.05900461, 0.05985967, 0.0606965 , 0.06151484,
 0.06231444, 0.06309506, 0.06385647, 0.06459842, 0.0653207 , 0.06602308,
 0.06670536, 0.06736731, 0.06800874, 0.06862946, 0.06922927, 0.069808  ,
 0.07036546, 0.07090149, 0.07141593, 0.07190861, 0.07237938, 0.07282811,
 0.07325466, 0.07365889, 0.07404069, 0.07439993, 0.07473651, 0.07505033,
 0.07534128, 0.07560929, 0.07585426, 0.07607613, 0.07627483, 0.0764503 ,
 0.07660247, 0.07673132, 0.07683679, 0.07691885, 0.07697749, 0.07701268,
 0.07702441, 0.07701268, 0.07697749, 0.07691885, 0.07683679, 0.07673132,
 0.07660247, 0.0764503 , 0.07627483, 0.07607613, 0.07585426, 0.07560929,
 0.07534128, 0.07505033, 0.07473651, 0.07439993, 0.07404069, 0.07365889,
 0.07325466, 0.07282811, 0.07237938, 0.07190861, 0.07141593, 0.07090149,
 0.07036546, 0.069808  , 0.06922927, 0.06862946, 0.06800874, 0.06736731,
 0.06670536, 0.06602308, 0.0653207 , 0.06459842, 0.06385647, 0.06309506,
 0.06231444, 0.06151484, 0.0606965 , 0.05985967, 0.05900461, 0.05813157,
 0.05724083, 0.05633266, 0.05540733, 0.05446512, 0.05350632, 0.05253123,
 0.05154013, 0.05053334, 0.04951116, 0.04847389, 0.04742187, 0.0463554 ,
 0.04527481, 0.04418044, 0.04307261, 0.04195166, 0.04081794, 0.03967179,
 0.03851355, 0.03734359, 0.03616226, 0.03496992, 0.03376693, 0.03255367,
 0.03133049, 0.03009778, 0.02885591, 0.02760526, 0.02634622, 0.02507916,
 0.02380448, 0.02252257, 0.02123382, 0.01993862, 0.01863739, 0.01733051,
 0.01601841, 0.01470149, 0.01338017, 0.01205487, 0.01072605, 0.00939417,
 0.00805974, 0.00672334, 0.00538575, 0.00404823, 0.0027137 , 0.00139477,
 0.00037201, 0.00139477, 0.0027137 , 0.00404823, 0.00538575, 0.00672334,
 0.00805974, 0.00939417, 0.01072605, 0.01205487, 0.01338017, 0.01470149,
 0.01601841, 0.01733051, 0.01863739, 0.01993862, 0.02123382, 0.02252257,
 0.02380448, 0.02507916, 0.02634622, 0.02760526, 0.02885591, 0.03009778,
 0.03133049, 0.03255367, 0.03376693, 0.03496992, 0.03616226, 0.03734359,
 0.03851355, 0.03967179, 0.04081794, 0.04195166, 0.04307261, 0.04418044,
 0.04527481, 0.0463554 , 0.04742187, 0.04847389, 0.04951116, 0.05053334,
 0.05154013, 0.05253123, 0.05350632, 0.05446512, 0.05540733, 0.05633266,
 0.05724083, 0.05813157, 0.05900461, 0.05985967, 0.0606965 , 0.06151484,
 0.06231444, 0.06309506, 0.06385647, 0.06459842, 0.0653207 , 0.06602308,
 0.06670536, 0.06736731, 0.06800874, 0.06862946, 0.06922927, 0.069808  ,
 0.07036546, 0.07090149, 0.07141593, 0.07190861, 0.07237938, 0.07282811,
 0.07325466, 0.07365889, 0.07404069, 0.07439993, 0.07473651, 0.07505033,
 0.07534128, 0.07560929, 0.07585426, 0.07607613, 0.07627483, 0.0764503 ,
 0.07660247, 0.07673132, 0.07683679, 0.07691885, 0.07697749, 0.07701268])
nextToPFC = np.array([0.07713949, 0.07712774, 0.0770925 , 0.07703378, 0.07695159, 0.07684596,
 0.07671692, 0.07656452, 0.07638879, 0.0761898 , 0.0759676 , 0.07572226,
 0.07545385, 0.07516246, 0.07484818, 0.07451109, 0.07415131, 0.07376895,
 0.07336411, 0.07293693, 0.07248753, 0.07201605, 0.07152263, 0.07100743,
 0.0704706 , 0.06991231, 0.06933272, 0.06873201, 0.06811036, 0.06746797,
 0.06680503, 0.06612174, 0.06541831, 0.06469495, 0.06395189, 0.06318935,
 0.06240756, 0.06160676, 0.0607872 , 0.05994912, 0.05909278, 0.05821844,
 0.05732637, 0.05641684, 0.05549013, 0.05454651, 0.05358629, 0.05260973,
 0.05161716, 0.05060887, 0.04958516, 0.04854635, 0.04749275, 0.04642469,
 0.04534249, 0.04424648, 0.043137  , 0.04201438, 0.04087896, 0.0397311 ,
 0.03857114, 0.03739943, 0.03621634, 0.03502222, 0.03381744, 0.03260236,
 0.03137736, 0.03014281, 0.02889909, 0.02764658, 0.02638565, 0.02511671,
 0.02384013, 0.02255631, 0.02126563, 0.01996851, 0.01866534, 0.01735652,
 0.01604247, 0.01472359, 0.01340031, 0.01207306, 0.01074228, 0.00940843,
 0.00807204, 0.0067337 , 0.00539419, 0.0040548 , 0.00271854, 0.00139839,
 0.00037827, 0.00139839, 0.00271854, 0.0040548 , 0.00539419, 0.0067337 ,
 0.00807204, 0.00940843, 0.01074228, 0.01207306, 0.01340031, 0.01472359,
 0.01604247, 0.01735652, 0.01866534, 0.01996851, 0.02126563, 0.02255631,
 0.02384013, 0.02511671, 0.02638565, 0.02764658, 0.02889909, 0.03014281,
 0.03137736, 0.03260236, 0.03381744, 0.03502222, 0.03621634, 0.03739943,
 0.03857114, 0.0397311 , 0.04087896, 0.04201438, 0.043137  , 0.04424648,
 0.04534249, 0.04642469, 0.04749275, 0.04854635, 0.04958516, 0.05060887,
 0.05161716, 0.05260973, 0.05358629, 0.05454651, 0.05549013, 0.05641684,
 0.05732637, 0.05821844, 0.05909278, 0.05994912, 0.0607872 , 0.06160676,
 0.06240756, 0.06318935, 0.06395189, 0.06469495, 0.06541831, 0.06612174,
 0.06680503, 0.06746797, 0.06811036, 0.06873201, 0.06933272, 0.06991231,
 0.0704706 , 0.07100743, 0.07152263, 0.07201605, 0.07248753, 0.07293693,
 0.07336411, 0.07376895, 0.07415131, 0.07451109, 0.07484818, 0.07516246,
 0.07545385, 0.07572226, 0.0759676 , 0.0761898 , 0.07638879, 0.07656452,
 0.07671692, 0.07684596, 0.07695159, 0.07703378, 0.0770925 , 0.07712774,
 0.07713949, 0.07712774, 0.0770925 , 0.07703378, 0.07695159, 0.07684596,
 0.07671692, 0.07656452, 0.07638879, 0.0761898 , 0.0759676 , 0.07572226,
 0.07545385, 0.07516246, 0.07484818, 0.07451109, 0.07415131, 0.07376895,
 0.07336411, 0.07293693, 0.07248753, 0.07201605, 0.07152263, 0.07100743,
 0.0704706 , 0.06991231, 0.06933272, 0.06873201, 0.06811036, 0.06746797,
 0.06680503, 0.06612174, 0.06541831, 0.06469495, 0.06395189, 0.06318935,
 0.06240756, 0.06160676, 0.0607872 , 0.05994912, 0.05909278, 0.05821844,
 0.05732637, 0.05641684, 0.05549013, 0.05454651, 0.05358629, 0.05260973,
 0.05161716, 0.05060887, 0.04958516, 0.04854635, 0.04749275, 0.04642469,
 0.04534249, 0.04424648, 0.043137  , 0.04201438, 0.04087896, 0.0397311 ,
 0.03857114, 0.03739943, 0.03621634, 0.03502222, 0.03381744, 0.03260236,
 0.03137736, 0.03014281, 0.02889909, 0.02764658, 0.02638565, 0.02511671,
 0.02384013, 0.02255631, 0.02126563, 0.01996851, 0.01866534, 0.01735652,
 0.01604247, 0.01472359, 0.01340031, 0.01207306, 0.01074228, 0.00940843,
 0.00807204, 0.0067337 , 0.00539419, 0.0040548 , 0.00271854, 0.00139839,
 0.00037827, 0.00139839, 0.00271854, 0.0040548 , 0.00539419, 0.0067337 ,
 0.00807204, 0.00940843, 0.01074228, 0.01207306, 0.01340031, 0.01472359,
 0.01604247, 0.01735652, 0.01866534, 0.01996851, 0.02126563, 0.02255631,
 0.02384013, 0.02511671, 0.02638565, 0.02764658, 0.02889909, 0.03014281,
 0.03137736, 0.03260236, 0.03381744, 0.03502222, 0.03621634, 0.03739943,
 0.03857114, 0.0397311 , 0.04087896, 0.04201438, 0.043137  , 0.04424648,
 0.04534249, 0.04642469, 0.04749275, 0.04854635, 0.04958516, 0.05060887,
 0.05161716, 0.05260973, 0.05358629, 0.05454651, 0.05549013, 0.05641684,
 0.05732637, 0.05821844, 0.05909278, 0.05994912, 0.0607872 , 0.06160676,
 0.06240756, 0.06318935, 0.06395189, 0.06469495, 0.06541831, 0.06612174,
 0.06680503, 0.06746797, 0.06811036, 0.06873201, 0.06933272, 0.06991231,
 0.0704706 , 0.07100743, 0.07152263, 0.07201605, 0.07248753, 0.07293693,
 0.07336411, 0.07376895, 0.07415131, 0.07451109, 0.07484818, 0.07516246,
 0.07545385, 0.07572226, 0.0759676 , 0.0761898 , 0.07638879, 0.07656452,
 0.07671692, 0.07684596, 0.07695159, 0.07703378, 0.0770925 , 0.07712774])
hallprobe = np.array([0.0768382 , 0.0768265 , 0.0767914 , 0.0767329 , 0.07665103, 0.07654582,
 0.07641729, 0.07626548, 0.07609044, 0.07589222, 0.07567089, 0.0754265 ,
 0.07515915, 0.07486889, 0.07455584, 0.07422007, 0.0738617 , 0.07348082,
 0.07307757, 0.07265206, 0.07220441, 0.07173477, 0.07124329, 0.0707301 ,
 0.07019536, 0.06963925, 0.06906192, 0.06846356, 0.06784434, 0.06720446,
 0.06654411, 0.06586349, 0.06516281, 0.06444228, 0.06370212, 0.06294255,
 0.06216382, 0.06136615, 0.06054979, 0.05971498, 0.05886199, 0.05799107,
 0.05710249, 0.05619651, 0.05527342, 0.05433349, 0.05337701, 0.05240427,
 0.05141558, 0.05041122, 0.04939151, 0.04835676, 0.04730728, 0.04624339,
 0.04516542, 0.04407369, 0.04296855, 0.04185031, 0.04071933, 0.03957596,
 0.03842053, 0.0372534 , 0.03607493, 0.03488548, 0.0336854 , 0.03247507,
 0.03125486, 0.03002514, 0.02878628, 0.02753866, 0.02628267, 0.02501868,
 0.02374709, 0.02246829, 0.02118266, 0.01989062, 0.01859254, 0.01728884,
 0.01597993, 0.01466622, 0.01334812, 0.01202607, 0.0107005 , 0.0093719 ,
 0.00804077, 0.0067077 , 0.0053735 , 0.00403947, 0.00270867, 0.00139438,
 0.00038213, 0.00139438, 0.00270867, 0.00403947, 0.0053735 , 0.0067077 ,
 0.00804077, 0.0093719 , 0.0107005 , 0.01202607, 0.01334812, 0.01466622,
 0.01597993, 0.01728884, 0.01859254, 0.01989062, 0.02118266, 0.02246829,
 0.02374709, 0.02501868, 0.02628267, 0.02753866, 0.02878628, 0.03002514,
 0.03125486, 0.03247507, 0.0336854 , 0.03488548, 0.03607493, 0.0372534 ,
 0.03842053, 0.03957596, 0.04071933, 0.04185031, 0.04296855, 0.04407369,
 0.04516542, 0.04624339, 0.04730728, 0.04835676, 0.04939151, 0.05041122,
 0.05141558, 0.05240427, 0.05337701, 0.05433349, 0.05527342, 0.05619651,
 0.05710249, 0.05799107, 0.05886199, 0.05971498, 0.06054979, 0.06136615,
 0.06216382, 0.06294255, 0.06370212, 0.06444228, 0.06516281, 0.06586349,
 0.06654411, 0.06720446, 0.06784434, 0.06846356, 0.06906192, 0.06963925,
 0.07019536, 0.0707301 , 0.07124329, 0.07173477, 0.07220441, 0.07265206,
 0.07307757, 0.07348082, 0.0738617 , 0.07422007, 0.07455584, 0.07486889,
 0.07515915, 0.0754265 , 0.07567089, 0.07589222, 0.07609044, 0.07626548,
 0.07641729, 0.07654582, 0.07665103, 0.0767329 , 0.0767914 , 0.0768265 ,
 0.0768382 , 0.0768265 , 0.0767914 , 0.0767329 , 0.07665103, 0.07654582,
 0.07641729, 0.07626548, 0.07609044, 0.07589222, 0.07567089, 0.0754265 ,
 0.07515915, 0.07486889, 0.07455584, 0.07422007, 0.0738617 , 0.07348082,
 0.07307757, 0.07265206, 0.07220441, 0.07173477, 0.07124329, 0.0707301 ,
 0.07019536, 0.06963925, 0.06906192, 0.06846356, 0.06784434, 0.06720446,
 0.06654411, 0.06586349, 0.06516281, 0.06444228, 0.06370212, 0.06294255,
 0.06216382, 0.06136615, 0.06054979, 0.05971498, 0.05886199, 0.05799107,
 0.05710249, 0.05619651, 0.05527342, 0.05433349, 0.05337701, 0.05240427,
 0.05141558, 0.05041122, 0.04939151, 0.04835676, 0.04730728, 0.04624339,
 0.04516542, 0.04407369, 0.04296855, 0.04185031, 0.04071933, 0.03957596,
 0.03842053, 0.0372534 , 0.03607493, 0.03488548, 0.0336854 , 0.03247507,
 0.03125486, 0.03002514, 0.02878628, 0.02753866, 0.02628267, 0.02501868,
 0.02374709, 0.02246829, 0.02118266, 0.01989062, 0.01859254, 0.01728884,
 0.01597993, 0.01466622, 0.01334812, 0.01202607, 0.0107005 , 0.0093719 ,
 0.00804077, 0.0067077 , 0.0053735 , 0.00403947, 0.00270867, 0.00139438,
 0.00038213, 0.00139438, 0.00270867, 0.00403947, 0.0053735 , 0.0067077 ,
 0.00804077, 0.0093719 , 0.0107005 , 0.01202607, 0.01334812, 0.01466622,
 0.01597993, 0.01728884, 0.01859254, 0.01989062, 0.02118266, 0.02246829,
 0.02374709, 0.02501868, 0.02628267, 0.02753866, 0.02878628, 0.03002514,
 0.03125486, 0.03247507, 0.0336854 , 0.03488548, 0.03607493, 0.0372534 ,
 0.03842053, 0.03957596, 0.04071933, 0.04185031, 0.04296855, 0.04407369,
 0.04516542, 0.04624339, 0.04730728, 0.04835676, 0.04939151, 0.05041122,
 0.05141558, 0.05240427, 0.05337701, 0.05433349, 0.05527342, 0.05619651,
 0.05710249, 0.05799107, 0.05886199, 0.05971498, 0.06054979, 0.06136615,
 0.06216382, 0.06294255, 0.06370212, 0.06444228, 0.06516281, 0.06586349,
 0.06654411, 0.06720446, 0.06784434, 0.06846356, 0.06906192, 0.06963925,
 0.07019536, 0.0707301 , 0.07124329, 0.07173477, 0.07220441, 0.07265206,
 0.07307757, 0.07348082, 0.0738617 , 0.07422007, 0.07455584, 0.07486889,
 0.07515915, 0.0754265 , 0.07567089, 0.07589222, 0.07609044, 0.07626548,
 0.07641729, 0.07654582, 0.07665103, 0.0767329 , 0.0767914 , 0.0768265 ])
kw15_slopes = np.array([-0.00067038, -0.00201093, -0.00335087, -0.00468978, -0.00602727,
 -0.00736293, -0.00869634, -0.0100271 , -0.0113548 , -0.01267905,
 -0.01399943, -0.01531555, -0.01662701, -0.0179334 , -0.01923432,
 -0.02052939, -0.0218182 , -0.02310037, -0.0243755 , -0.0256432 ,
 -0.02690309, -0.02815478, -0.0293979 , -0.03063207, -0.0318569 ,
 -0.03307202, -0.03427707, -0.03547168, -0.03665548, -0.03782812,
 -0.03898923, -0.04013846, -0.04127547, -0.0423999 , -0.04351141,
 -0.04460966, -0.04569433, -0.04676507, -0.04782157, -0.0488635 ,
 -0.04989054, -0.05090237, -0.0518987 , -0.05287922, -0.05384363,
 -0.05479163, -0.05572293, -0.05663726, -0.05753432, -0.05841386,
 -0.05927559, -0.06011926, -0.06094461, -0.06175138, -0.06253934,
 -0.06330823, -0.06405782, -0.06478789, -0.0654982 , -0.06618854,
 -0.0668587 , -0.06750846, -0.06813764, -0.06874602, -0.06933343,
 -0.06989967, -0.07044457, -0.07096795, -0.07146963, -0.07194946,
 -0.07240726, -0.07284288, -0.07325615, -0.0736469 , -0.07401497,
 -0.07436017, -0.07468229, -0.0749811 , -0.0752563 , -0.0755075 ,
 -0.07573416, -0.07593542, -0.0761099 , -0.07625515, -0.07636627,
 -0.07643242, -0.07642485, -0.07624419, -0.0753174 , -0.05814239,
  0.05814239,  0.0753174 ,  0.07624419,  0.07642485,  0.07643242,
  0.07636627,  0.07625515,  0.0761099 ,  0.07593542,  0.07573416,
  0.0755075 ,  0.0752563 ,  0.0749811 ,  0.07468229,  0.07436017,
  0.07401497,  0.0736469 ,  0.07325615,  0.07284288,  0.07240726,
  0.07194946,  0.07146963,  0.07096795,  0.07044457,  0.06989967,
  0.06933343,  0.06874602,  0.06813764,  0.06750846,  0.0668587 ,
  0.06618854,  0.0654982 ,  0.06478789,  0.06405782,  0.06330823,
  0.06253934,  0.06175138,  0.06094461,  0.06011926,  0.05927559,
  0.05841386,  0.05753432,  0.05663726,  0.05572293,  0.05479163,
  0.05384363,  0.05287922,  0.0518987 ,  0.05090237,  0.04989054,
  0.0488635 ,  0.04782157,  0.04676507,  0.04569433,  0.04460966,
  0.04351141,  0.0423999 ,  0.04127547,  0.04013846,  0.03898923,
  0.03782812,  0.03665548,  0.03547168,  0.03427707,  0.03307202,
  0.0318569 ,  0.03063207,  0.0293979 ,  0.02815478,  0.02690309,
  0.0256432 ,  0.0243755 ,  0.02310037,  0.0218182 ,  0.02052939,
  0.01923432,  0.0179334 ,  0.01662701,  0.01531555,  0.01399943,
  0.01267905,  0.0113548 ,  0.0100271 ,  0.00869634,  0.00736293,
  0.00602727,  0.00468978,  0.00335087,  0.00201093,  0.00067038,
 -0.00067038, -0.00201093, -0.00335087, -0.00468978, -0.00602727,
 -0.00736293, -0.00869634, -0.0100271 , -0.0113548 , -0.01267905,
 -0.01399943, -0.01531555, -0.01662701, -0.0179334 , -0.01923432,
 -0.02052939, -0.0218182 , -0.02310037, -0.0243755 , -0.0256432 ,
 -0.02690309, -0.02815478, -0.0293979 , -0.03063207, -0.0318569 ,
 -0.03307202, -0.03427707, -0.03547168, -0.03665548, -0.03782812,
 -0.03898923, -0.04013846, -0.04127547, -0.0423999 , -0.04351141,
 -0.04460966, -0.04569433, -0.04676507, -0.04782157, -0.0488635 ,
 -0.04989054, -0.05090237, -0.0518987 , -0.05287922, -0.05384363,
 -0.05479163, -0.05572293, -0.05663726, -0.05753432, -0.05841386,
 -0.05927559, -0.06011926, -0.06094461, -0.06175138, -0.06253934,
 -0.06330823, -0.06405782, -0.06478789, -0.0654982 , -0.06618854,
 -0.0668587 , -0.06750846, -0.06813764, -0.06874602, -0.06933343,
 -0.06989967, -0.07044457, -0.07096795, -0.07146963, -0.07194946,
 -0.07240726, -0.07284288, -0.07325615, -0.0736469 , -0.07401497,
 -0.07436017, -0.07468229, -0.0749811 , -0.0752563 , -0.0755075 ,
 -0.07573416, -0.07593542, -0.0761099 , -0.07625515, -0.07636627,
 -0.07643242, -0.07642485, -0.07624419, -0.0753174 , -0.05814239,
  0.05814239,  0.0753174 ,  0.07624419,  0.07642485,  0.07643242,
  0.07636627,  0.07625515,  0.0761099 ,  0.07593542,  0.07573416,
  0.0755075 ,  0.0752563 ,  0.0749811 ,  0.07468229,  0.07436017,
  0.07401497,  0.0736469 ,  0.07325615,  0.07284288,  0.07240726,
  0.07194946,  0.07146963,  0.07096795,  0.07044457,  0.06989967,
  0.06933343,  0.06874602,  0.06813764,  0.06750846,  0.0668587 ,
  0.06618854,  0.0654982 ,  0.06478789,  0.06405782,  0.06330823,
  0.06253934,  0.06175138,  0.06094461,  0.06011926,  0.05927559,
  0.05841386,  0.05753432,  0.05663726,  0.05572293,  0.05479163,
  0.05384363,  0.05287922,  0.0518987 ,  0.05090237,  0.04989054,
  0.0488635 ,  0.04782157,  0.04676507,  0.04569433,  0.04460966,
  0.04351141,  0.0423999 ,  0.04127547,  0.04013846,  0.03898923,
  0.03782812,  0.03665548,  0.03547168,  0.03427707,  0.03307202,
  0.0318569 ,  0.03063207,  0.0293979 ,  0.02815478,  0.02690309,
  0.0256432 ,  0.0243755 ,  0.02310037,  0.0218182 ,  0.02052939,
  0.01923432,  0.0179334 ,  0.01662701,  0.01531555,  0.01399943,
  0.01267905,  0.0113548 ,  0.0100271 ,  0.00869634,  0.00736293,
  0.00602727,  0.00468978,  0.00335087,  0.00201093])
spec_slopes = np.array([-0.00067213, -0.00201619, -0.00335964, -0.00470206, -0.00604305,
 -0.0073822 , -0.0087191 , -0.01005334, -0.01138452, -0.01271223,
 -0.01403607, -0.01535564, -0.01667052, -0.01798033, -0.01928466,
 -0.02058312, -0.0218753 , -0.02316083, -0.02443929, -0.02571031,
 -0.0269735 , -0.02822847, -0.02947485, -0.03071224, -0.03194027,
 -0.03315858, -0.03436679, -0.03556452, -0.03675142, -0.03792713,
 -0.03909128, -0.04024352, -0.0413835 , -0.04251087, -0.04362529,
 -0.04472643, -0.04581393, -0.04688748, -0.04794674, -0.0489914 ,
 -0.05002113, -0.05103561, -0.05203455, -0.05301764, -0.05398457,
 -0.05493505, -0.0558688 , -0.05678552, -0.05768494, -0.05856677,
 -0.05943077, -0.06027665, -0.06110416, -0.06191305, -0.06270307,
 -0.06347398, -0.06422554, -0.06495752, -0.0656697 , -0.06636186,
 -0.06703378, -0.06768525, -0.06831608, -0.06892607, -0.06951503,
 -0.07008277, -0.07062911, -0.07115387, -0.07165689, -0.072138  ,
 -0.07259703, -0.07303382, -0.07344822, -0.07384004, -0.07420913,
 -0.0745553 , -0.07487835, -0.07517805, -0.0754541 , -0.07570614,
 -0.07593362, -0.07613573, -0.07631114, -0.07645745, -0.07656997,
 -0.07663822, -0.07663445, -0.07646274, -0.07556908, -0.05859972,
  0.05859972,  0.07556908,  0.07646274,  0.07663445,  0.07663822,
  0.07656997,  0.07645745,  0.07631114,  0.07613573,  0.07593362,
  0.07570614,  0.0754541 ,  0.07517805,  0.07487835,  0.0745553 ,
  0.07420913,  0.07384004,  0.07344822,  0.07303382,  0.07259703,
  0.072138  ,  0.07165689,  0.07115387,  0.07062911,  0.07008277,
  0.06951503,  0.06892607,  0.06831608,  0.06768525,  0.06703378,
  0.06636186,  0.0656697 ,  0.06495752,  0.06422554,  0.06347398,
  0.06270307,  0.06191305,  0.06110416,  0.06027665,  0.05943077,
  0.05856677,  0.05768494,  0.05678552,  0.0558688 ,  0.05493505,
  0.05398457,  0.05301764,  0.05203455,  0.05103561,  0.05002113,
  0.0489914 ,  0.04794674,  0.04688748,  0.04581393,  0.04472643,
  0.04362529,  0.04251087,  0.0413835 ,  0.04024352,  0.03909128,
  0.03792713,  0.03675142,  0.03556452,  0.03436679,  0.03315858,
  0.03194027,  0.03071224,  0.02947485,  0.02822847,  0.0269735 ,
  0.02571031,  0.02443929,  0.02316083,  0.0218753 ,  0.02058312,
  0.01928466,  0.01798033,  0.01667052,  0.01535564,  0.01403607,
  0.01271223,  0.01138452,  0.01005334,  0.0087191 ,  0.0073822 ,
  0.00604305,  0.00470206,  0.00335964,  0.00201619,  0.00067213,
 -0.00067213, -0.00201619, -0.00335964, -0.00470206, -0.00604305,
 -0.0073822 , -0.0087191 , -0.01005334, -0.01138452, -0.01271223,
 -0.01403607, -0.01535564, -0.01667052, -0.01798033, -0.01928466,
 -0.02058312, -0.0218753 , -0.02316083, -0.02443929, -0.02571031,
 -0.0269735 , -0.02822847, -0.02947485, -0.03071224, -0.03194027,
 -0.03315858, -0.03436679, -0.03556452, -0.03675142, -0.03792713,
 -0.03909128, -0.04024352, -0.0413835 , -0.04251087, -0.04362529,
 -0.04472643, -0.04581393, -0.04688748, -0.04794674, -0.0489914 ,
 -0.05002113, -0.05103561, -0.05203455, -0.05301764, -0.05398457,
 -0.05493505, -0.0558688 , -0.05678552, -0.05768494, -0.05856677,
 -0.05943077, -0.06027665, -0.06110416, -0.06191305, -0.06270307,
 -0.06347398, -0.06422554, -0.06495752, -0.0656697 , -0.06636186,
 -0.06703378, -0.06768525, -0.06831608, -0.06892607, -0.06951503,
 -0.07008277, -0.07062911, -0.07115387, -0.07165689, -0.072138  ,
 -0.07259703, -0.07303382, -0.07344822, -0.07384004, -0.07420913,
 -0.0745553 , -0.07487835, -0.07517805, -0.0754541 , -0.07570614,
 -0.07593362, -0.07613573, -0.07631114, -0.07645745, -0.07656997,
 -0.07663822, -0.07663445, -0.07646274, -0.07556908, -0.05859972,
  0.05859972,  0.07556908,  0.07646274,  0.07663445,  0.07663822,
  0.07656997,  0.07645745,  0.07631114,  0.07613573,  0.07593362,
  0.07570614,  0.0754541 ,  0.07517805,  0.07487835,  0.0745553 ,
  0.07420913,  0.07384004,  0.07344822,  0.07303382,  0.07259703,
  0.072138  ,  0.07165689,  0.07115387,  0.07062911,  0.07008277,
  0.06951503,  0.06892607,  0.06831608,  0.06768525,  0.06703378,
  0.06636186,  0.0656697 ,  0.06495752,  0.06422554,  0.06347398,
  0.06270307,  0.06191305,  0.06110416,  0.06027665,  0.05943077,
  0.05856677,  0.05768494,  0.05678552,  0.0558688 ,  0.05493505,
  0.05398457,  0.05301764,  0.05203455,  0.05103561,  0.05002113,
  0.0489914 ,  0.04794674,  0.04688748,  0.04581393,  0.04472643,
  0.04362529,  0.04251087,  0.0413835 ,  0.04024352,  0.03909128,
  0.03792713,  0.03675142,  0.03556452,  0.03436679,  0.03315858,
  0.03194027,  0.03071224,  0.02947485,  0.02822847,  0.0269735 ,
  0.02571031,  0.02443929,  0.02316083,  0.0218753 ,  0.02058312,
  0.01928466,  0.01798033,  0.01667052,  0.01535564,  0.01403607,
  0.01271223,  0.01138452,  0.01005334,  0.0087191 ,  0.0073822 ,
  0.00604305,  0.00470206,  0.00335964,  0.00201619])
nextToPFC_slopes = np.array([-0.00067314, -0.0020192 , -0.00336465, -0.00470908, -0.00605207,
 -0.00739322, -0.00873212, -0.01006835, -0.01140152, -0.01273122,
 -0.01405703, -0.01537857, -0.01669542, -0.01800718, -0.01931346,
 -0.02061386, -0.02190797, -0.02319541, -0.02447579, -0.02574871,
 -0.02701378, -0.02827063, -0.02951886, -0.0307581 , -0.03198797,
 -0.0332081 , -0.03441811, -0.03561763, -0.0368063 , -0.03798376,
 -0.03914965, -0.04030361, -0.04144529, -0.04257435, -0.04369044,
 -0.04479321, -0.04588234, -0.04695749, -0.04801833, -0.04906455,
 -0.05009581, -0.05111182, -0.05211225, -0.0530968 , -0.05406517,
 -0.05501707, -0.05595221, -0.0568703 , -0.05777105, -0.05865421,
 -0.05951949, -0.06036663, -0.06119538, -0.06200547, -0.06279667,
 -0.06356872, -0.0643214 , -0.06505447, -0.06576771, -0.06646089,
 -0.06713381, -0.06778625, -0.06841802, -0.06902891, -0.06961873,
 -0.07018731, -0.07073445, -0.07125998, -0.07176374, -0.07224555,
 -0.07270524, -0.07314266, -0.07355764, -0.07395001, -0.0743196 ,
 -0.07466624, -0.0749897 , -0.07528977, -0.07556613, -0.0758184 ,
 -0.07604604, -0.0762482 , -0.07642351, -0.0765695 , -0.07668133,
 -0.07674818, -0.07674142, -0.0765621 , -0.07563937, -0.05844859,
  0.05844859,  0.07563937,  0.0765621 ,  0.07674142,  0.07674818,
  0.07668133,  0.0765695 ,  0.07642351,  0.0762482 ,  0.07604604,
  0.0758184 ,  0.07556613,  0.07528977,  0.0749897 ,  0.07466624,
  0.0743196 ,  0.07395001,  0.07355764,  0.07314266,  0.07270524,
  0.07224555,  0.07176374,  0.07125998,  0.07073445,  0.07018731,
  0.06961873,  0.06902891,  0.06841802,  0.06778625,  0.06713381,
  0.06646089,  0.06576771,  0.06505447,  0.0643214 ,  0.06356872,
  0.06279667,  0.06200547,  0.06119538,  0.06036663,  0.05951949,
  0.05865421,  0.05777105,  0.0568703 ,  0.05595221,  0.05501707,
  0.05406517,  0.0530968 ,  0.05211225,  0.05111182,  0.05009581,
  0.04906455,  0.04801833,  0.04695749,  0.04588234,  0.04479321,
  0.04369044,  0.04257435,  0.04144529,  0.04030361,  0.03914965,
  0.03798376,  0.0368063 ,  0.03561763,  0.03441811,  0.0332081 ,
  0.03198797,  0.0307581 ,  0.02951886,  0.02827063,  0.02701378,
  0.02574871,  0.02447579,  0.02319541,  0.02190797,  0.02061386,
  0.01931346,  0.01800718,  0.01669542,  0.01537857,  0.01405703,
  0.01273122,  0.01140152,  0.01006835,  0.00873212,  0.00739322,
  0.00605207,  0.00470908,  0.00336465,  0.0020192 ,  0.00067314,
 -0.00067314, -0.0020192 , -0.00336465, -0.00470908, -0.00605207,
 -0.00739322, -0.00873212, -0.01006835, -0.01140152, -0.01273122,
 -0.01405703, -0.01537857, -0.01669542, -0.01800718, -0.01931346,
 -0.02061386, -0.02190797, -0.02319541, -0.02447579, -0.02574871,
 -0.02701378, -0.02827063, -0.02951886, -0.0307581 , -0.03198797,
 -0.0332081 , -0.03441811, -0.03561763, -0.0368063 , -0.03798376,
 -0.03914965, -0.04030361, -0.04144529, -0.04257435, -0.04369044,
 -0.04479321, -0.04588234, -0.04695749, -0.04801833, -0.04906455,
 -0.05009581, -0.05111182, -0.05211225, -0.0530968 , -0.05406517,
 -0.05501707, -0.05595221, -0.0568703 , -0.05777105, -0.05865421,
 -0.05951949, -0.06036663, -0.06119538, -0.06200547, -0.06279667,
 -0.06356872, -0.0643214 , -0.06505447, -0.06576771, -0.06646089,
 -0.06713381, -0.06778625, -0.06841802, -0.06902891, -0.06961873,
 -0.07018731, -0.07073445, -0.07125998, -0.07176374, -0.07224555,
 -0.07270524, -0.07314266, -0.07355764, -0.07395001, -0.0743196 ,
 -0.07466624, -0.0749897 , -0.07528977, -0.07556613, -0.0758184 ,
 -0.07604604, -0.0762482 , -0.07642351, -0.0765695 , -0.07668133,
 -0.07674818, -0.07674142, -0.0765621 , -0.07563937, -0.05844859,
  0.05844859,  0.07563937,  0.0765621 ,  0.07674142,  0.07674818,
  0.07668133,  0.0765695 ,  0.07642351,  0.0762482 ,  0.07604604,
  0.0758184 ,  0.07556613,  0.07528977,  0.0749897 ,  0.07466624,
  0.0743196 ,  0.07395001,  0.07355764,  0.07314266,  0.07270524,
  0.07224555,  0.07176374,  0.07125998,  0.07073445,  0.07018731,
  0.06961873,  0.06902891,  0.06841802,  0.06778625,  0.06713381,
  0.06646089,  0.06576771,  0.06505447,  0.0643214 ,  0.06356872,
  0.06279667,  0.06200547,  0.06119538,  0.06036663,  0.05951949,
  0.05865421,  0.05777105,  0.0568703 ,  0.05595221,  0.05501707,
  0.05406517,  0.0530968 ,  0.05211225,  0.05111182,  0.05009581,
  0.04906455,  0.04801833,  0.04695749,  0.04588234,  0.04479321,
  0.04369044,  0.04257435,  0.04144529,  0.04030361,  0.03914965,
  0.03798376,  0.0368063 ,  0.03561763,  0.03441811,  0.0332081 ,
  0.03198797,  0.0307581 ,  0.02951886,  0.02827063,  0.02701378,
  0.02574871,  0.02447579,  0.02319541,  0.02190797,  0.02061386,
  0.01931346,  0.01800718,  0.01669542,  0.01537857,  0.01405703,
  0.01273122,  0.01140152,  0.01006835,  0.00873212,  0.00739322,
  0.00605207,  0.00470908,  0.00336465,  0.0020192 ])
hallprobe_slopes = np.array([-0.00067051, -0.00201131, -0.00335151, -0.00469068, -0.00602843,
 -0.00736434, -0.008698  , -0.01002902, -0.01135698, -0.01268148,
 -0.01400212, -0.01531849, -0.0166302 , -0.01793684, -0.01923801,
 -0.02053333, -0.02182239, -0.0231048 , -0.02438017, -0.02564812,
 -0.02690825, -0.02816019, -0.02940354, -0.03063794, -0.03186301,
 -0.03307837, -0.03428365, -0.03547849, -0.03666252, -0.03783538,
 -0.03899671, -0.04014616, -0.04128338, -0.04240803, -0.04351975,
 -0.04461822, -0.04570309, -0.04677404, -0.04783074, -0.04887287,
 -0.0499001 , -0.05091214, -0.05190866, -0.05288936, -0.05385395,
 -0.05480213, -0.05573361, -0.05664811, -0.05754535, -0.05842505,
 -0.05928695, -0.06013078, -0.06095628, -0.06176321, -0.06255131,
 -0.06332035, -0.06407008, -0.06480028, -0.06551073, -0.0662012 ,
 -0.06687148, -0.06752137, -0.06815066, -0.06875915, -0.06934667,
 -0.06991301, -0.070458  , -0.07098147, -0.07148324, -0.07196314,
 -0.07242102, -0.07285671, -0.07327003, -0.07366084, -0.07402895,
 -0.07437417, -0.07469631, -0.07499512, -0.07527031, -0.07552147,
 -0.07574804, -0.07594917, -0.07612345, -0.07626836, -0.07637893,
 -0.07644409, -0.07643452, -0.07624892, -0.07530347, -0.0579976 ,
  0.0579976 ,  0.07530347,  0.07624892,  0.07643452,  0.07644409,
  0.07637893,  0.07626836,  0.07612345,  0.07594917,  0.07574804,
  0.07552147,  0.07527031,  0.07499512,  0.07469631,  0.07437417,
  0.07402895,  0.07366084,  0.07327003,  0.07285671,  0.07242102,
  0.07196314,  0.07148324,  0.07098147,  0.070458  ,  0.06991301,
  0.06934667,  0.06875915,  0.06815066,  0.06752137,  0.06687148,
  0.0662012 ,  0.06551073,  0.06480028,  0.06407008,  0.06332035,
  0.06255131,  0.06176321,  0.06095628,  0.06013078,  0.05928695,
  0.05842505,  0.05754535,  0.05664811,  0.05573361,  0.05480213,
  0.05385395,  0.05288936,  0.05190866,  0.05091214,  0.0499001 ,
  0.04887287,  0.04783074,  0.04677404,  0.04570309,  0.04461822,
  0.04351975,  0.04240803,  0.04128338,  0.04014616,  0.03899671,
  0.03783538,  0.03666252,  0.03547849,  0.03428365,  0.03307837,
  0.03186301,  0.03063794,  0.02940354,  0.02816019,  0.02690825,
  0.02564812,  0.02438017,  0.0231048 ,  0.02182239,  0.02053333,
  0.01923801,  0.01793684,  0.0166302 ,  0.01531849,  0.01400212,
  0.01268148,  0.01135698,  0.01002902,  0.008698  ,  0.00736434,
  0.00602843,  0.00469068,  0.00335151,  0.00201131,  0.00067051,
 -0.00067051, -0.00201131, -0.00335151, -0.00469068, -0.00602843,
 -0.00736434, -0.008698  , -0.01002902, -0.01135698, -0.01268148,
 -0.01400212, -0.01531849, -0.0166302 , -0.01793684, -0.01923801,
 -0.02053333, -0.02182239, -0.0231048 , -0.02438017, -0.02564812,
 -0.02690825, -0.02816019, -0.02940354, -0.03063794, -0.03186301,
 -0.03307837, -0.03428365, -0.03547849, -0.03666252, -0.03783538,
 -0.03899671, -0.04014616, -0.04128338, -0.04240803, -0.04351975,
 -0.04461822, -0.04570309, -0.04677404, -0.04783074, -0.04887287,
 -0.0499001 , -0.05091214, -0.05190866, -0.05288936, -0.05385395,
 -0.05480213, -0.05573361, -0.05664811, -0.05754535, -0.05842505,
 -0.05928695, -0.06013078, -0.06095628, -0.06176321, -0.06255131,
 -0.06332035, -0.06407008, -0.06480028, -0.06551073, -0.0662012 ,
 -0.06687148, -0.06752137, -0.06815066, -0.06875915, -0.06934667,
 -0.06991301, -0.070458  , -0.07098147, -0.07148324, -0.07196314,
 -0.07242102, -0.07285671, -0.07327003, -0.07366084, -0.07402895,
 -0.07437417, -0.07469631, -0.07499512, -0.07527031, -0.07552147,
 -0.07574804, -0.07594917, -0.07612345, -0.07626836, -0.07637893,
 -0.07644409, -0.07643452, -0.07624892, -0.07530347, -0.0579976 ,
  0.0579976 ,  0.07530347,  0.07624892,  0.07643452,  0.07644409,
  0.07637893,  0.07626836,  0.07612345,  0.07594917,  0.07574804,
  0.07552147,  0.07527031,  0.07499512,  0.07469631,  0.07437417,
  0.07402895,  0.07366084,  0.07327003,  0.07285671,  0.07242102,
  0.07196314,  0.07148324,  0.07098147,  0.070458  ,  0.06991301,
  0.06934667,  0.06875915,  0.06815066,  0.06752137,  0.06687148,
  0.0662012 ,  0.06551073,  0.06480028,  0.06407008,  0.06332035,
  0.06255131,  0.06176321,  0.06095628,  0.06013078,  0.05928695,
  0.05842505,  0.05754535,  0.05664811,  0.05573361,  0.05480213,
  0.05385395,  0.05288936,  0.05190866,  0.05091214,  0.0499001 ,
  0.04887287,  0.04783074,  0.04677404,  0.04570309,  0.04461822,
  0.04351975,  0.04240803,  0.04128338,  0.04014616,  0.03899671,
  0.03783538,  0.03666252,  0.03547849,  0.03428365,  0.03307837,
  0.03186301,  0.03063794,  0.02940354,  0.02816019,  0.02690825,
  0.02564812,  0.02438017,  0.0231048 ,  0.02182239,  0.02053333,
  0.01923801,  0.01793684,  0.0166302 ,  0.01531849,  0.01400212,
  0.01268148,  0.01135698,  0.01002902,  0.008698  ,  0.00736434,
  0.00602843,  0.00469068,  0.00335151,  0.00201131])
Filename = "i1q3_hires.npy" 
distFromOuterWall = 0.19
dir1 = "Toroidal"
dir2 = "Poloidal"
kw15 = np.array([6.59915527e-02, 6.59815018e-02, 6.59513524e-02, 6.59011135e-02,
 6.58308006e-02, 6.57404349e-02, 6.56300440e-02, 6.54996616e-02,
 6.53493274e-02, 6.51790871e-02, 6.49889927e-02, 6.47791020e-02,
 6.45494789e-02, 6.43001934e-02, 6.40313215e-02, 6.37429450e-02,
 6.34351518e-02, 6.31080357e-02, 6.27616962e-02, 6.23962389e-02,
 6.20117751e-02, 6.16084219e-02, 6.11863022e-02, 6.07455445e-02,
 6.02862832e-02, 5.98086581e-02, 5.93128146e-02, 5.87989040e-02,
 5.82670826e-02, 5.77175125e-02, 5.71503610e-02, 5.65658011e-02,
 5.59640106e-02, 5.53451729e-02, 5.47094766e-02, 5.40571153e-02,
 5.33882876e-02, 5.27031973e-02, 5.20020531e-02, 5.12850686e-02,
 5.05524622e-02, 4.98044570e-02, 4.90412809e-02, 4.82631663e-02,
 4.74703503e-02, 4.66630744e-02, 4.58415844e-02, 4.50061307e-02,
 4.41569676e-02, 4.32943540e-02, 4.24185524e-02, 4.15298297e-02,
 4.06284567e-02, 3.97147078e-02, 3.87888614e-02, 3.78511996e-02,
 3.69020079e-02, 3.59415756e-02, 3.49701950e-02, 3.39881622e-02,
 3.29957763e-02, 3.19933396e-02, 3.09811574e-02, 2.99595380e-02,
 2.89287926e-02, 2.78892353e-02, 2.68411826e-02, 2.57849538e-02,
 2.47208707e-02, 2.36492574e-02, 2.25704403e-02, 2.14847480e-02,
 2.03925113e-02, 1.92940627e-02, 1.81897371e-02, 1.70798706e-02,
 1.59648015e-02, 1.48448693e-02, 1.37204153e-02, 1.25917819e-02,
 1.14593129e-02, 1.03233532e-02, 9.18424902e-03, 8.04234719e-03,
 6.89799559e-03, 5.75154279e-03, 4.60333801e-03, 3.45373101e-03,
 2.30307197e-03, 1.15171140e-03, 4.04081719e-18, 1.15171140e-03,
 2.30307197e-03, 3.45373101e-03, 4.60333801e-03, 5.75154279e-03,
 6.89799559e-03, 8.04234719e-03, 9.18424902e-03, 1.03233532e-02,
 1.14593129e-02, 1.25917819e-02, 1.37204153e-02, 1.48448693e-02,
 1.59648015e-02, 1.70798706e-02, 1.81897371e-02, 1.92940627e-02,
 2.03925113e-02, 2.14847480e-02, 2.25704403e-02, 2.36492574e-02,
 2.47208707e-02, 2.57849538e-02, 2.68411826e-02, 2.78892353e-02,
 2.89287926e-02, 2.99595380e-02, 3.09811574e-02, 3.19933396e-02,
 3.29957763e-02, 3.39881622e-02, 3.49701950e-02, 3.59415756e-02,
 3.69020079e-02, 3.78511996e-02, 3.87888614e-02, 3.97147078e-02,
 4.06284567e-02, 4.15298297e-02, 4.24185524e-02, 4.32943540e-02,
 4.41569676e-02, 4.50061307e-02, 4.58415844e-02, 4.66630744e-02,
 4.74703503e-02, 4.82631663e-02, 4.90412809e-02, 4.98044570e-02,
 5.05524622e-02, 5.12850686e-02, 5.20020531e-02, 5.27031973e-02,
 5.33882876e-02, 5.40571153e-02, 5.47094766e-02, 5.53451729e-02,
 5.59640106e-02, 5.65658011e-02, 5.71503610e-02, 5.77175125e-02,
 5.82670826e-02, 5.87989040e-02, 5.93128146e-02, 5.98086581e-02,
 6.02862832e-02, 6.07455445e-02, 6.11863022e-02, 6.16084219e-02,
 6.20117751e-02, 6.23962389e-02, 6.27616962e-02, 6.31080357e-02,
 6.34351518e-02, 6.37429450e-02, 6.40313215e-02, 6.43001934e-02,
 6.45494789e-02, 6.47791020e-02, 6.49889927e-02, 6.51790871e-02,
 6.53493274e-02, 6.54996616e-02, 6.56300440e-02, 6.57404349e-02,
 6.58308006e-02, 6.59011135e-02, 6.59513524e-02, 6.59815018e-02,
 6.59915527e-02, 6.59815018e-02, 6.59513524e-02, 6.59011135e-02,
 6.58308006e-02, 6.57404349e-02, 6.56300440e-02, 6.54996616e-02,
 6.53493274e-02, 6.51790871e-02, 6.49889927e-02, 6.47791020e-02,
 6.45494789e-02, 6.43001934e-02, 6.40313215e-02, 6.37429450e-02,
 6.34351518e-02, 6.31080357e-02, 6.27616962e-02, 6.23962389e-02,
 6.20117751e-02, 6.16084219e-02, 6.11863022e-02, 6.07455445e-02,
 6.02862832e-02, 5.98086581e-02, 5.93128146e-02, 5.87989040e-02,
 5.82670826e-02, 5.77175125e-02, 5.71503610e-02, 5.65658011e-02,
 5.59640106e-02, 5.53451729e-02, 5.47094766e-02, 5.40571153e-02,
 5.33882876e-02, 5.27031973e-02, 5.20020531e-02, 5.12850686e-02,
 5.05524622e-02, 4.98044570e-02, 4.90412809e-02, 4.82631663e-02,
 4.74703503e-02, 4.66630744e-02, 4.58415844e-02, 4.50061307e-02,
 4.41569676e-02, 4.32943540e-02, 4.24185524e-02, 4.15298297e-02,
 4.06284567e-02, 3.97147078e-02, 3.87888614e-02, 3.78511996e-02,
 3.69020079e-02, 3.59415756e-02, 3.49701950e-02, 3.39881622e-02,
 3.29957763e-02, 3.19933396e-02, 3.09811574e-02, 2.99595380e-02,
 2.89287926e-02, 2.78892353e-02, 2.68411826e-02, 2.57849538e-02,
 2.47208707e-02, 2.36492574e-02, 2.25704403e-02, 2.14847480e-02,
 2.03925113e-02, 1.92940627e-02, 1.81897371e-02, 1.70798706e-02,
 1.59648015e-02, 1.48448693e-02, 1.37204153e-02, 1.25917819e-02,
 1.14593129e-02, 1.03233532e-02, 9.18424902e-03, 8.04234719e-03,
 6.89799559e-03, 5.75154279e-03, 4.60333801e-03, 3.45373101e-03,
 2.30307197e-03, 1.15171140e-03, 1.21224516e-17, 1.15171140e-03,
 2.30307197e-03, 3.45373101e-03, 4.60333801e-03, 5.75154279e-03,
 6.89799559e-03, 8.04234719e-03, 9.18424902e-03, 1.03233532e-02,
 1.14593129e-02, 1.25917819e-02, 1.37204153e-02, 1.48448693e-02,
 1.59648015e-02, 1.70798706e-02, 1.81897371e-02, 1.92940627e-02,
 2.03925113e-02, 2.14847480e-02, 2.25704403e-02, 2.36492574e-02,
 2.47208707e-02, 2.57849538e-02, 2.68411826e-02, 2.78892353e-02,
 2.89287926e-02, 2.99595380e-02, 3.09811574e-02, 3.19933396e-02,
 3.29957763e-02, 3.39881622e-02, 3.49701950e-02, 3.59415756e-02,
 3.69020079e-02, 3.78511996e-02, 3.87888614e-02, 3.97147078e-02,
 4.06284567e-02, 4.15298297e-02, 4.24185524e-02, 4.32943540e-02,
 4.41569676e-02, 4.50061307e-02, 4.58415844e-02, 4.66630744e-02,
 4.74703503e-02, 4.82631663e-02, 4.90412809e-02, 4.98044570e-02,
 5.05524622e-02, 5.12850686e-02, 5.20020531e-02, 5.27031973e-02,
 5.33882876e-02, 5.40571153e-02, 5.47094766e-02, 5.53451729e-02,
 5.59640106e-02, 5.65658011e-02, 5.71503610e-02, 5.77175125e-02,
 5.82670826e-02, 5.87989040e-02, 5.93128146e-02, 5.98086581e-02,
 6.02862832e-02, 6.07455445e-02, 6.11863022e-02, 6.16084219e-02,
 6.20117751e-02, 6.23962389e-02, 6.27616962e-02, 6.31080357e-02,
 6.34351518e-02, 6.37429450e-02, 6.40313215e-02, 6.43001934e-02,
 6.45494789e-02, 6.47791020e-02, 6.49889927e-02, 6.51790871e-02,
 6.53493274e-02, 6.54996616e-02, 6.56300440e-02, 6.57404349e-02,
 6.58308006e-02, 6.59011135e-02, 6.59513524e-02, 6.59815018e-02])
spec = np.array([6.64790680e-02, 6.64689429e-02, 6.64385708e-02, 6.63879608e-02,
 6.63171284e-02, 6.62260951e-02, 6.61148887e-02, 6.59835431e-02,
 6.58320983e-02, 6.56606004e-02, 6.54691016e-02, 6.52576603e-02,
 6.50263409e-02, 6.47752138e-02, 6.45043556e-02, 6.42138487e-02,
 6.39037817e-02, 6.35742489e-02, 6.32253508e-02, 6.28571937e-02,
 6.24698897e-02, 6.20635567e-02, 6.16383185e-02, 6.11943048e-02,
 6.07316506e-02, 6.02504970e-02, 5.97509905e-02, 5.92332833e-02,
 5.86975331e-02, 5.81439030e-02, 5.75725617e-02, 5.69836833e-02,
 5.63774471e-02, 5.57540377e-02, 5.51136452e-02, 5.44564645e-02,
 5.37826958e-02, 5.30925444e-02, 5.23862205e-02, 5.16639392e-02,
 5.09259206e-02, 5.01723895e-02, 4.94035754e-02, 4.86197125e-02,
 4.78210395e-02, 4.70077998e-02, 4.61802411e-02, 4.53386154e-02,
 4.44831791e-02, 4.36141928e-02, 4.27319212e-02, 4.18366331e-02,
 4.09286011e-02, 4.00081019e-02, 3.90754158e-02, 3.81308269e-02,
 3.71746231e-02, 3.62070955e-02, 3.52285388e-02, 3.42392512e-02,
 3.32395340e-02, 3.22296917e-02, 3.12100320e-02, 3.01808653e-02,
 2.91425053e-02, 2.80952682e-02, 2.70394730e-02, 2.59754413e-02,
 2.49034972e-02, 2.38239673e-02, 2.27371804e-02, 2.16434675e-02,
 2.05431618e-02, 1.94365984e-02, 1.83241145e-02, 1.72060489e-02,
 1.60827422e-02, 1.49545364e-02, 1.38217754e-02, 1.26848042e-02,
 1.15439690e-02, 1.03996174e-02, 9.25209805e-03, 8.10176037e-03,
 6.94895482e-03, 5.79403255e-03, 4.63734536e-03, 3.47924560e-03,
 2.32008602e-03, 1.16021971e-03, 4.07066889e-18, 1.16021971e-03,
 2.32008602e-03, 3.47924560e-03, 4.63734536e-03, 5.79403255e-03,
 6.94895482e-03, 8.10176037e-03, 9.25209805e-03, 1.03996174e-02,
 1.15439690e-02, 1.26848042e-02, 1.38217754e-02, 1.49545364e-02,
 1.60827422e-02, 1.72060489e-02, 1.83241145e-02, 1.94365984e-02,
 2.05431618e-02, 2.16434675e-02, 2.27371804e-02, 2.38239673e-02,
 2.49034972e-02, 2.59754413e-02, 2.70394730e-02, 2.80952682e-02,
 2.91425053e-02, 3.01808653e-02, 3.12100320e-02, 3.22296917e-02,
 3.32395340e-02, 3.42392512e-02, 3.52285388e-02, 3.62070955e-02,
 3.71746231e-02, 3.81308269e-02, 3.90754158e-02, 4.00081019e-02,
 4.09286011e-02, 4.18366331e-02, 4.27319212e-02, 4.36141928e-02,
 4.44831791e-02, 4.53386154e-02, 4.61802411e-02, 4.70077998e-02,
 4.78210395e-02, 4.86197125e-02, 4.94035754e-02, 5.01723895e-02,
 5.09259206e-02, 5.16639392e-02, 5.23862205e-02, 5.30925444e-02,
 5.37826958e-02, 5.44564645e-02, 5.51136452e-02, 5.57540377e-02,
 5.63774471e-02, 5.69836833e-02, 5.75725617e-02, 5.81439030e-02,
 5.86975331e-02, 5.92332833e-02, 5.97509905e-02, 6.02504970e-02,
 6.07316506e-02, 6.11943048e-02, 6.16383185e-02, 6.20635567e-02,
 6.24698897e-02, 6.28571937e-02, 6.32253508e-02, 6.35742489e-02,
 6.39037817e-02, 6.42138487e-02, 6.45043556e-02, 6.47752138e-02,
 6.50263409e-02, 6.52576603e-02, 6.54691016e-02, 6.56606004e-02,
 6.58320983e-02, 6.59835431e-02, 6.61148887e-02, 6.62260951e-02,
 6.63171284e-02, 6.63879608e-02, 6.64385708e-02, 6.64689429e-02,
 6.64790680e-02, 6.64689429e-02, 6.64385708e-02, 6.63879608e-02,
 6.63171284e-02, 6.62260951e-02, 6.61148887e-02, 6.59835431e-02,
 6.58320983e-02, 6.56606004e-02, 6.54691016e-02, 6.52576603e-02,
 6.50263409e-02, 6.47752138e-02, 6.45043556e-02, 6.42138487e-02,
 6.39037817e-02, 6.35742489e-02, 6.32253508e-02, 6.28571937e-02,
 6.24698897e-02, 6.20635567e-02, 6.16383185e-02, 6.11943048e-02,
 6.07316506e-02, 6.02504970e-02, 5.97509905e-02, 5.92332833e-02,
 5.86975331e-02, 5.81439030e-02, 5.75725617e-02, 5.69836833e-02,
 5.63774471e-02, 5.57540377e-02, 5.51136452e-02, 5.44564645e-02,
 5.37826958e-02, 5.30925444e-02, 5.23862205e-02, 5.16639392e-02,
 5.09259206e-02, 5.01723895e-02, 4.94035754e-02, 4.86197125e-02,
 4.78210395e-02, 4.70077998e-02, 4.61802411e-02, 4.53386154e-02,
 4.44831791e-02, 4.36141928e-02, 4.27319212e-02, 4.18366331e-02,
 4.09286011e-02, 4.00081019e-02, 3.90754158e-02, 3.81308269e-02,
 3.71746231e-02, 3.62070955e-02, 3.52285388e-02, 3.42392512e-02,
 3.32395340e-02, 3.22296917e-02, 3.12100320e-02, 3.01808653e-02,
 2.91425053e-02, 2.80952682e-02, 2.70394730e-02, 2.59754413e-02,
 2.49034972e-02, 2.38239673e-02, 2.27371804e-02, 2.16434675e-02,
 2.05431618e-02, 1.94365984e-02, 1.83241145e-02, 1.72060489e-02,
 1.60827422e-02, 1.49545364e-02, 1.38217754e-02, 1.26848042e-02,
 1.15439690e-02, 1.03996174e-02, 9.25209805e-03, 8.10176037e-03,
 6.94895482e-03, 5.79403255e-03, 4.63734536e-03, 3.47924560e-03,
 2.32008602e-03, 1.16021971e-03, 1.22120067e-17, 1.16021971e-03,
 2.32008602e-03, 3.47924560e-03, 4.63734536e-03, 5.79403255e-03,
 6.94895482e-03, 8.10176037e-03, 9.25209805e-03, 1.03996174e-02,
 1.15439690e-02, 1.26848042e-02, 1.38217754e-02, 1.49545364e-02,
 1.60827422e-02, 1.72060489e-02, 1.83241145e-02, 1.94365984e-02,
 2.05431618e-02, 2.16434675e-02, 2.27371804e-02, 2.38239673e-02,
 2.49034972e-02, 2.59754413e-02, 2.70394730e-02, 2.80952682e-02,
 2.91425053e-02, 3.01808653e-02, 3.12100320e-02, 3.22296917e-02,
 3.32395340e-02, 3.42392512e-02, 3.52285388e-02, 3.62070955e-02,
 3.71746231e-02, 3.81308269e-02, 3.90754158e-02, 4.00081019e-02,
 4.09286011e-02, 4.18366331e-02, 4.27319212e-02, 4.36141928e-02,
 4.44831791e-02, 4.53386154e-02, 4.61802411e-02, 4.70077998e-02,
 4.78210395e-02, 4.86197125e-02, 4.94035754e-02, 5.01723895e-02,
 5.09259206e-02, 5.16639392e-02, 5.23862205e-02, 5.30925444e-02,
 5.37826958e-02, 5.44564645e-02, 5.51136452e-02, 5.57540377e-02,
 5.63774471e-02, 5.69836833e-02, 5.75725617e-02, 5.81439030e-02,
 5.86975331e-02, 5.92332833e-02, 5.97509905e-02, 6.02504970e-02,
 6.07316506e-02, 6.11943048e-02, 6.16383185e-02, 6.20635567e-02,
 6.24698897e-02, 6.28571937e-02, 6.32253508e-02, 6.35742489e-02,
 6.39037817e-02, 6.42138487e-02, 6.45043556e-02, 6.47752138e-02,
 6.50263409e-02, 6.52576603e-02, 6.54691016e-02, 6.56606004e-02,
 6.58320983e-02, 6.59835431e-02, 6.61148887e-02, 6.62260951e-02,
 6.63171284e-02, 6.63879608e-02, 6.64385708e-02, 6.64689429e-02])
nextToPFC = np.array([6.65941503e-02, 6.65840077e-02, 6.65535829e-02, 6.65028853e-02,
 6.64319303e-02, 6.63407395e-02, 6.62293406e-02, 6.60977676e-02,
 6.59460606e-02, 6.57742658e-02, 6.55824355e-02, 6.53706282e-02,
 6.51389083e-02, 6.48873465e-02, 6.46160194e-02, 6.43250097e-02,
 6.40144059e-02, 6.36843027e-02, 6.33348006e-02, 6.29660061e-02,
 6.25780316e-02, 6.21709952e-02, 6.17450210e-02, 6.13002386e-02,
 6.08367835e-02, 6.03547970e-02, 5.98544258e-02, 5.93358224e-02,
 5.87991447e-02, 5.82445562e-02, 5.76722259e-02, 5.70823281e-02,
 5.64750424e-02, 5.58505539e-02, 5.52090527e-02, 5.45507344e-02,
 5.38757993e-02, 5.31844532e-02, 5.24769066e-02, 5.17533750e-02,
 5.10140788e-02, 5.02592432e-02, 4.94890982e-02, 4.87038783e-02,
 4.79038228e-02, 4.70891753e-02, 4.62601839e-02, 4.54171013e-02,
 4.45601842e-02, 4.36896936e-02, 4.28058947e-02, 4.19090567e-02,
 4.09994528e-02, 4.00773601e-02, 3.91430594e-02, 3.81968354e-02,
 3.72389763e-02, 3.62697738e-02, 3.52895231e-02, 3.42985230e-02,
 3.32970752e-02, 3.22854847e-02, 3.12640598e-02, 3.02331116e-02,
 2.91929540e-02, 2.81439040e-02, 2.70862811e-02, 2.60204075e-02,
 2.49466078e-02, 2.38652091e-02, 2.27765408e-02, 2.16809346e-02,
 2.05787242e-02, 1.94702452e-02, 1.83558355e-02, 1.72358344e-02,
 1.61105831e-02, 1.49804243e-02, 1.38457024e-02, 1.27067629e-02,
 1.15639528e-02, 1.04176203e-02, 9.26811440e-03, 8.11578537e-03,
 6.96098419e-03, 5.80406263e-03, 4.64537310e-03, 3.48526854e-03,
 2.32410233e-03, 1.16222818e-03, 4.07771565e-18, 1.16222818e-03,
 2.32410233e-03, 3.48526854e-03, 4.64537310e-03, 5.80406263e-03,
 6.96098419e-03, 8.11578537e-03, 9.26811440e-03, 1.04176203e-02,
 1.15639528e-02, 1.27067629e-02, 1.38457024e-02, 1.49804243e-02,
 1.61105831e-02, 1.72358344e-02, 1.83558355e-02, 1.94702452e-02,
 2.05787242e-02, 2.16809346e-02, 2.27765408e-02, 2.38652091e-02,
 2.49466078e-02, 2.60204075e-02, 2.70862811e-02, 2.81439040e-02,
 2.91929540e-02, 3.02331116e-02, 3.12640598e-02, 3.22854847e-02,
 3.32970752e-02, 3.42985230e-02, 3.52895231e-02, 3.62697738e-02,
 3.72389763e-02, 3.81968354e-02, 3.91430594e-02, 4.00773601e-02,
 4.09994528e-02, 4.19090567e-02, 4.28058947e-02, 4.36896936e-02,
 4.45601842e-02, 4.54171013e-02, 4.62601839e-02, 4.70891753e-02,
 4.79038228e-02, 4.87038783e-02, 4.94890982e-02, 5.02592432e-02,
 5.10140788e-02, 5.17533750e-02, 5.24769066e-02, 5.31844532e-02,
 5.38757993e-02, 5.45507344e-02, 5.52090527e-02, 5.58505539e-02,
 5.64750424e-02, 5.70823281e-02, 5.76722259e-02, 5.82445562e-02,
 5.87991447e-02, 5.93358224e-02, 5.98544258e-02, 6.03547970e-02,
 6.08367835e-02, 6.13002386e-02, 6.17450210e-02, 6.21709952e-02,
 6.25780316e-02, 6.29660061e-02, 6.33348006e-02, 6.36843027e-02,
 6.40144059e-02, 6.43250097e-02, 6.46160194e-02, 6.48873465e-02,
 6.51389083e-02, 6.53706282e-02, 6.55824355e-02, 6.57742658e-02,
 6.59460606e-02, 6.60977676e-02, 6.62293406e-02, 6.63407395e-02,
 6.64319303e-02, 6.65028853e-02, 6.65535829e-02, 6.65840077e-02,
 6.65941503e-02, 6.65840077e-02, 6.65535829e-02, 6.65028853e-02,
 6.64319303e-02, 6.63407395e-02, 6.62293406e-02, 6.60977676e-02,
 6.59460606e-02, 6.57742658e-02, 6.55824355e-02, 6.53706282e-02,
 6.51389083e-02, 6.48873465e-02, 6.46160194e-02, 6.43250097e-02,
 6.40144059e-02, 6.36843027e-02, 6.33348006e-02, 6.29660061e-02,
 6.25780316e-02, 6.21709952e-02, 6.17450210e-02, 6.13002386e-02,
 6.08367835e-02, 6.03547970e-02, 5.98544258e-02, 5.93358224e-02,
 5.87991447e-02, 5.82445562e-02, 5.76722259e-02, 5.70823281e-02,
 5.64750424e-02, 5.58505539e-02, 5.52090527e-02, 5.45507344e-02,
 5.38757993e-02, 5.31844532e-02, 5.24769066e-02, 5.17533750e-02,
 5.10140788e-02, 5.02592432e-02, 4.94890982e-02, 4.87038783e-02,
 4.79038228e-02, 4.70891753e-02, 4.62601839e-02, 4.54171013e-02,
 4.45601842e-02, 4.36896936e-02, 4.28058947e-02, 4.19090567e-02,
 4.09994528e-02, 4.00773601e-02, 3.91430594e-02, 3.81968354e-02,
 3.72389763e-02, 3.62697738e-02, 3.52895231e-02, 3.42985230e-02,
 3.32970752e-02, 3.22854847e-02, 3.12640598e-02, 3.02331116e-02,
 2.91929540e-02, 2.81439040e-02, 2.70862811e-02, 2.60204075e-02,
 2.49466078e-02, 2.38652091e-02, 2.27765408e-02, 2.16809346e-02,
 2.05787242e-02, 1.94702452e-02, 1.83558355e-02, 1.72358344e-02,
 1.61105831e-02, 1.49804243e-02, 1.38457024e-02, 1.27067629e-02,
 1.15639528e-02, 1.04176203e-02, 9.26811440e-03, 8.11578537e-03,
 6.96098419e-03, 5.80406263e-03, 4.64537310e-03, 3.48526854e-03,
 2.32410233e-03, 1.16222818e-03, 1.22331470e-17, 1.16222818e-03,
 2.32410233e-03, 3.48526854e-03, 4.64537310e-03, 5.80406263e-03,
 6.96098419e-03, 8.11578537e-03, 9.26811440e-03, 1.04176203e-02,
 1.15639528e-02, 1.27067629e-02, 1.38457024e-02, 1.49804243e-02,
 1.61105831e-02, 1.72358344e-02, 1.83558355e-02, 1.94702452e-02,
 2.05787242e-02, 2.16809346e-02, 2.27765408e-02, 2.38652091e-02,
 2.49466078e-02, 2.60204075e-02, 2.70862811e-02, 2.81439040e-02,
 2.91929540e-02, 3.02331116e-02, 3.12640598e-02, 3.22854847e-02,
 3.32970752e-02, 3.42985230e-02, 3.52895231e-02, 3.62697738e-02,
 3.72389763e-02, 3.81968354e-02, 3.91430594e-02, 4.00773601e-02,
 4.09994528e-02, 4.19090567e-02, 4.28058947e-02, 4.36896936e-02,
 4.45601842e-02, 4.54171013e-02, 4.62601839e-02, 4.70891753e-02,
 4.79038228e-02, 4.87038783e-02, 4.94890982e-02, 5.02592432e-02,
 5.10140788e-02, 5.17533750e-02, 5.24769066e-02, 5.31844532e-02,
 5.38757993e-02, 5.45507344e-02, 5.52090527e-02, 5.58505539e-02,
 5.64750424e-02, 5.70823281e-02, 5.76722259e-02, 5.82445562e-02,
 5.87991447e-02, 5.93358224e-02, 5.98544258e-02, 6.03547970e-02,
 6.08367835e-02, 6.13002386e-02, 6.17450210e-02, 6.21709952e-02,
 6.25780316e-02, 6.29660061e-02, 6.33348006e-02, 6.36843027e-02,
 6.40144059e-02, 6.43250097e-02, 6.46160194e-02, 6.48873465e-02,
 6.51389083e-02, 6.53706282e-02, 6.55824355e-02, 6.57742658e-02,
 6.59460606e-02, 6.60977676e-02, 6.62293406e-02, 6.63407395e-02,
 6.64319303e-02, 6.65028853e-02, 6.65535829e-02, 6.65840077e-02])
hallprobe = np.array([6.62928610e-02, 6.62827643e-02, 6.62524772e-02, 6.62020089e-02,
 6.61313749e-02, 6.60405966e-02, 6.59297018e-02, 6.57987241e-02,
 6.56477034e-02, 6.54766859e-02, 6.52857235e-02, 6.50748744e-02,
 6.48442029e-02, 6.45937793e-02, 6.43236797e-02, 6.40339865e-02,
 6.37247880e-02, 6.33961783e-02, 6.30482574e-02, 6.26811315e-02,
 6.22949123e-02, 6.18897174e-02, 6.14656704e-02, 6.10229003e-02,
 6.05615420e-02, 6.00817361e-02, 5.95836288e-02, 5.90673717e-02,
 5.85331220e-02, 5.79810427e-02, 5.74113017e-02, 5.68240727e-02,
 5.62195346e-02, 5.55978714e-02, 5.49592726e-02, 5.43039326e-02,
 5.36320511e-02, 5.29438329e-02, 5.22394874e-02, 5.15192292e-02,
 5.07832778e-02, 5.00318573e-02, 4.92651966e-02, 4.84835293e-02,
 4.76870934e-02, 4.68761316e-02, 4.60508908e-02, 4.52116225e-02,
 4.43585823e-02, 4.34920300e-02, 4.26122297e-02, 4.17194492e-02,
 4.08139606e-02, 3.98960397e-02, 3.89659660e-02, 3.80240230e-02,
 3.70704974e-02, 3.61056798e-02, 3.51298641e-02, 3.41433475e-02,
 3.31464305e-02, 3.21394168e-02, 3.11226131e-02, 3.00963291e-02,
 2.90608775e-02, 2.80165737e-02, 2.69637357e-02, 2.59026844e-02,
 2.48337428e-02, 2.37572367e-02, 2.26734938e-02, 2.15828444e-02,
 2.04856207e-02, 1.93821568e-02, 1.82727889e-02, 1.71578550e-02,
 1.60376946e-02, 1.49126490e-02, 1.37830608e-02, 1.26492742e-02,
 1.15116345e-02, 1.03704882e-02, 9.22618304e-03, 8.07906744e-03,
 6.92949089e-03, 5.77780354e-03, 4.62435622e-03, 3.46950027e-03,
 2.31358748e-03, 1.15696995e-03, 4.05926700e-18, 1.15696995e-03,
 2.31358748e-03, 3.46950027e-03, 4.62435622e-03, 5.77780354e-03,
 6.92949089e-03, 8.07906744e-03, 9.22618304e-03, 1.03704882e-02,
 1.15116345e-02, 1.26492742e-02, 1.37830608e-02, 1.49126490e-02,
 1.60376946e-02, 1.71578550e-02, 1.82727889e-02, 1.93821568e-02,
 2.04856207e-02, 2.15828444e-02, 2.26734938e-02, 2.37572367e-02,
 2.48337428e-02, 2.59026844e-02, 2.69637357e-02, 2.80165737e-02,
 2.90608775e-02, 3.00963291e-02, 3.11226131e-02, 3.21394168e-02,
 3.31464305e-02, 3.41433475e-02, 3.51298641e-02, 3.61056798e-02,
 3.70704974e-02, 3.80240230e-02, 3.89659660e-02, 3.98960397e-02,
 4.08139606e-02, 4.17194492e-02, 4.26122297e-02, 4.34920300e-02,
 4.43585823e-02, 4.52116225e-02, 4.60508908e-02, 4.68761316e-02,
 4.76870934e-02, 4.84835293e-02, 4.92651966e-02, 5.00318573e-02,
 5.07832778e-02, 5.15192292e-02, 5.22394874e-02, 5.29438329e-02,
 5.36320511e-02, 5.43039326e-02, 5.49592726e-02, 5.55978714e-02,
 5.62195346e-02, 5.68240727e-02, 5.74113017e-02, 5.79810427e-02,
 5.85331220e-02, 5.90673717e-02, 5.95836288e-02, 6.00817361e-02,
 6.05615420e-02, 6.10229003e-02, 6.14656704e-02, 6.18897174e-02,
 6.22949123e-02, 6.26811315e-02, 6.30482574e-02, 6.33961783e-02,
 6.37247880e-02, 6.40339865e-02, 6.43236797e-02, 6.45937793e-02,
 6.48442029e-02, 6.50748744e-02, 6.52857235e-02, 6.54766859e-02,
 6.56477034e-02, 6.57987241e-02, 6.59297018e-02, 6.60405966e-02,
 6.61313749e-02, 6.62020089e-02, 6.62524772e-02, 6.62827643e-02,
 6.62928610e-02, 6.62827643e-02, 6.62524772e-02, 6.62020089e-02,
 6.61313749e-02, 6.60405966e-02, 6.59297018e-02, 6.57987241e-02,
 6.56477034e-02, 6.54766859e-02, 6.52857235e-02, 6.50748744e-02,
 6.48442029e-02, 6.45937793e-02, 6.43236797e-02, 6.40339865e-02,
 6.37247880e-02, 6.33961783e-02, 6.30482574e-02, 6.26811315e-02,
 6.22949123e-02, 6.18897174e-02, 6.14656704e-02, 6.10229003e-02,
 6.05615420e-02, 6.00817361e-02, 5.95836288e-02, 5.90673717e-02,
 5.85331220e-02, 5.79810427e-02, 5.74113017e-02, 5.68240727e-02,
 5.62195346e-02, 5.55978714e-02, 5.49592726e-02, 5.43039326e-02,
 5.36320511e-02, 5.29438329e-02, 5.22394874e-02, 5.15192292e-02,
 5.07832778e-02, 5.00318573e-02, 4.92651966e-02, 4.84835293e-02,
 4.76870934e-02, 4.68761316e-02, 4.60508908e-02, 4.52116225e-02,
 4.43585823e-02, 4.34920300e-02, 4.26122297e-02, 4.17194492e-02,
 4.08139606e-02, 3.98960397e-02, 3.89659660e-02, 3.80240230e-02,
 3.70704974e-02, 3.61056798e-02, 3.51298641e-02, 3.41433475e-02,
 3.31464305e-02, 3.21394168e-02, 3.11226131e-02, 3.00963291e-02,
 2.90608775e-02, 2.80165737e-02, 2.69637357e-02, 2.59026844e-02,
 2.48337428e-02, 2.37572367e-02, 2.26734938e-02, 2.15828444e-02,
 2.04856207e-02, 1.93821568e-02, 1.82727889e-02, 1.71578550e-02,
 1.60376946e-02, 1.49126490e-02, 1.37830608e-02, 1.26492742e-02,
 1.15116345e-02, 1.03704882e-02, 9.22618304e-03, 8.07906744e-03,
 6.92949089e-03, 5.77780354e-03, 4.62435622e-03, 3.46950027e-03,
 2.31358748e-03, 1.15696995e-03, 1.21778010e-17, 1.15696995e-03,
 2.31358748e-03, 3.46950027e-03, 4.62435622e-03, 5.77780354e-03,
 6.92949089e-03, 8.07906744e-03, 9.22618304e-03, 1.03704882e-02,
 1.15116345e-02, 1.26492742e-02, 1.37830608e-02, 1.49126490e-02,
 1.60376946e-02, 1.71578550e-02, 1.82727889e-02, 1.93821568e-02,
 2.04856207e-02, 2.15828444e-02, 2.26734938e-02, 2.37572367e-02,
 2.48337428e-02, 2.59026844e-02, 2.69637357e-02, 2.80165737e-02,
 2.90608775e-02, 3.00963291e-02, 3.11226131e-02, 3.21394168e-02,
 3.31464305e-02, 3.41433475e-02, 3.51298641e-02, 3.61056798e-02,
 3.70704974e-02, 3.80240230e-02, 3.89659660e-02, 3.98960397e-02,
 4.08139606e-02, 4.17194492e-02, 4.26122297e-02, 4.34920300e-02,
 4.43585823e-02, 4.52116225e-02, 4.60508908e-02, 4.68761316e-02,
 4.76870934e-02, 4.84835293e-02, 4.92651966e-02, 5.00318573e-02,
 5.07832778e-02, 5.15192292e-02, 5.22394874e-02, 5.29438329e-02,
 5.36320511e-02, 5.43039326e-02, 5.49592726e-02, 5.55978714e-02,
 5.62195346e-02, 5.68240727e-02, 5.74113017e-02, 5.79810427e-02,
 5.85331220e-02, 5.90673717e-02, 5.95836288e-02, 6.00817361e-02,
 6.05615420e-02, 6.10229003e-02, 6.14656704e-02, 6.18897174e-02,
 6.22949123e-02, 6.26811315e-02, 6.30482574e-02, 6.33961783e-02,
 6.37247880e-02, 6.40339865e-02, 6.43236797e-02, 6.45937793e-02,
 6.48442029e-02, 6.50748744e-02, 6.52857235e-02, 6.54766859e-02,
 6.56477034e-02, 6.57987241e-02, 6.59297018e-02, 6.60405966e-02,
 6.61313749e-02, 6.62020089e-02, 6.62524772e-02, 6.62827643e-02])
kw15_slopes = np.array([-0.00057587, -0.00172744, -0.00287847, -0.00402864, -0.00517757,
 -0.00632493, -0.00747036, -0.00861352, -0.00975405, -0.01089161,
 -0.01202585, -0.01315643, -0.014283  , -0.01540523, -0.01652276,
 -0.01763525, -0.01874238, -0.01984379, -0.02093916, -0.02202815,
 -0.02311044, -0.02418568, -0.02525355, -0.02631374, -0.0273659 ,
 -0.02840974, -0.02944491, -0.03047112, -0.03148805, -0.03249538,
 -0.03349282, -0.03448005, -0.03545679, -0.03642272, -0.03737755,
 -0.038321  , -0.03925278, -0.0401726 , -0.04108019, -0.04197526,
 -0.04285754, -0.04372677, -0.04458268, -0.04542501, -0.0462535 ,
 -0.04706791, -0.04786797, -0.04865346, -0.04942412, -0.05017973,
 -0.05092006, -0.05164487, -0.05235395, -0.05304709, -0.05372407,
 -0.05438468, -0.05502872, -0.055656  , -0.05626633, -0.05685952,
 -0.05743539, -0.05799377, -0.05853448, -0.05905736, -0.05956225,
 -0.06004899, -0.06051745, -0.06096747, -0.06139892, -0.06181167,
 -0.06220559, -0.06258056, -0.06293646, -0.0632732 , -0.06359066,
 -0.06388876, -0.06416739, -0.06442647, -0.06466593, -0.06488569,
 -0.06508569, -0.06526586, -0.06542616, -0.06556652, -0.06568691,
 -0.06578729, -0.06586763, -0.06592791, -0.0659681 , -0.0659882 ,
  0.0659882 ,  0.0659681 ,  0.06592791,  0.06586763,  0.06578729,
  0.06568691,  0.06556652,  0.06542616,  0.06526586,  0.06508569,
  0.06488569,  0.06466593,  0.06442647,  0.06416739,  0.06388876,
  0.06359066,  0.0632732 ,  0.06293646,  0.06258056,  0.06220559,
  0.06181167,  0.06139892,  0.06096747,  0.06051745,  0.06004899,
  0.05956225,  0.05905736,  0.05853448,  0.05799377,  0.05743539,
  0.05685952,  0.05626633,  0.055656  ,  0.05502872,  0.05438468,
  0.05372407,  0.05304709,  0.05235395,  0.05164487,  0.05092006,
  0.05017973,  0.04942412,  0.04865346,  0.04786797,  0.04706791,
  0.0462535 ,  0.04542501,  0.04458268,  0.04372677,  0.04285754,
  0.04197526,  0.04108019,  0.0401726 ,  0.03925278,  0.038321  ,
  0.03737755,  0.03642272,  0.03545679,  0.03448005,  0.03349282,
  0.03249538,  0.03148805,  0.03047112,  0.02944491,  0.02840974,
  0.0273659 ,  0.02631374,  0.02525355,  0.02418568,  0.02311044,
  0.02202815,  0.02093916,  0.01984379,  0.01874238,  0.01763525,
  0.01652276,  0.01540523,  0.014283  ,  0.01315643,  0.01202585,
  0.01089161,  0.00975405,  0.00861352,  0.00747036,  0.00632493,
  0.00517757,  0.00402864,  0.00287847,  0.00172744,  0.00057587,
 -0.00057587, -0.00172744, -0.00287847, -0.00402864, -0.00517757,
 -0.00632493, -0.00747036, -0.00861352, -0.00975405, -0.01089161,
 -0.01202585, -0.01315643, -0.014283  , -0.01540523, -0.01652276,
 -0.01763525, -0.01874238, -0.01984379, -0.02093916, -0.02202815,
 -0.02311044, -0.02418568, -0.02525355, -0.02631374, -0.0273659 ,
 -0.02840974, -0.02944491, -0.03047112, -0.03148805, -0.03249538,
 -0.03349282, -0.03448005, -0.03545679, -0.03642272, -0.03737755,
 -0.038321  , -0.03925278, -0.0401726 , -0.04108019, -0.04197526,
 -0.04285754, -0.04372677, -0.04458268, -0.04542501, -0.0462535 ,
 -0.04706791, -0.04786797, -0.04865346, -0.04942412, -0.05017973,
 -0.05092006, -0.05164487, -0.05235395, -0.05304709, -0.05372407,
 -0.05438468, -0.05502872, -0.055656  , -0.05626633, -0.05685952,
 -0.05743539, -0.05799377, -0.05853448, -0.05905736, -0.05956225,
 -0.06004899, -0.06051745, -0.06096747, -0.06139892, -0.06181167,
 -0.06220559, -0.06258056, -0.06293646, -0.0632732 , -0.06359066,
 -0.06388876, -0.06416739, -0.06442647, -0.06466593, -0.06488569,
 -0.06508569, -0.06526586, -0.06542616, -0.06556652, -0.06568691,
 -0.06578729, -0.06586763, -0.06592791, -0.0659681 , -0.0659882 ,
  0.0659882 ,  0.0659681 ,  0.06592791,  0.06586763,  0.06578729,
  0.06568691,  0.06556652,  0.06542616,  0.06526586,  0.06508569,
  0.06488569,  0.06466593,  0.06442647,  0.06416739,  0.06388876,
  0.06359066,  0.0632732 ,  0.06293646,  0.06258056,  0.06220559,
  0.06181167,  0.06139892,  0.06096747,  0.06051745,  0.06004899,
  0.05956225,  0.05905736,  0.05853448,  0.05799377,  0.05743539,
  0.05685952,  0.05626633,  0.055656  ,  0.05502872,  0.05438468,
  0.05372407,  0.05304709,  0.05235395,  0.05164487,  0.05092006,
  0.05017973,  0.04942412,  0.04865346,  0.04786797,  0.04706791,
  0.0462535 ,  0.04542501,  0.04458268,  0.04372677,  0.04285754,
  0.04197526,  0.04108019,  0.0401726 ,  0.03925278,  0.038321  ,
  0.03737755,  0.03642272,  0.03545679,  0.03448005,  0.03349282,
  0.03249538,  0.03148805,  0.03047112,  0.02944491,  0.02840974,
  0.0273659 ,  0.02631374,  0.02525355,  0.02418568,  0.02311044,
  0.02202815,  0.02093916,  0.01984379,  0.01874238,  0.01763525,
  0.01652276,  0.01540523,  0.014283  ,  0.01315643,  0.01202585,
  0.01089161,  0.00975405,  0.00861352,  0.00747036,  0.00632493,
  0.00517757,  0.00402864,  0.00287847,  0.00172744])
spec_slopes = np.array([-0.00058012, -0.0017402 , -0.00289974, -0.0040584 , -0.00521582,
 -0.00637166, -0.00752555, -0.00867715, -0.00982611, -0.01097207,
 -0.01211469, -0.01325363, -0.01438852, -0.01551903, -0.01664482,
 -0.01776553, -0.01888084, -0.01999039, -0.02109385, -0.02219089,
 -0.02328116, -0.02436435, -0.02544012, -0.02650813, -0.02756807,
 -0.02861961, -0.02966244, -0.03069623, -0.03172067, -0.03273544,
 -0.03374025, -0.03473478, -0.03571872, -0.03669179, -0.03765368,
 -0.0386041 , -0.03954276, -0.04046938, -0.04138367, -0.04228535,
 -0.04317415, -0.0440498 , -0.04491204, -0.04576059, -0.0465952 ,
 -0.04741562, -0.0482216 , -0.04901289, -0.04978925, -0.05055044,
 -0.05129623, -0.0520264 , -0.05274072, -0.05343898, -0.05412095,
 -0.05478645, -0.05543525, -0.05606717, -0.056682  , -0.05727958,
 -0.0578597 , -0.0584222 , -0.05896691, -0.05949365, -0.06000227,
 -0.06049261, -0.06096453, -0.06141787, -0.06185251, -0.0622683 ,
 -0.06266513, -0.06304287, -0.06340141, -0.06374063, -0.06406044,
 -0.06436074, -0.06464143, -0.06490242, -0.06514365, -0.06536504,
 -0.06556652, -0.06574802, -0.06590949, -0.06605089, -0.06617217,
 -0.06627329, -0.06635423, -0.06641495, -0.06645544, -0.06647569,
  0.06647569,  0.06645544,  0.06641495,  0.06635423,  0.06627329,
  0.06617217,  0.06605089,  0.06590949,  0.06574802,  0.06556652,
  0.06536504,  0.06514365,  0.06490242,  0.06464143,  0.06436074,
  0.06406044,  0.06374063,  0.06340141,  0.06304287,  0.06266513,
  0.0622683 ,  0.06185251,  0.06141787,  0.06096453,  0.06049261,
  0.06000227,  0.05949365,  0.05896691,  0.0584222 ,  0.0578597 ,
  0.05727958,  0.056682  ,  0.05606717,  0.05543525,  0.05478645,
  0.05412095,  0.05343898,  0.05274072,  0.0520264 ,  0.05129623,
  0.05055044,  0.04978925,  0.04901289,  0.0482216 ,  0.04741562,
  0.0465952 ,  0.04576059,  0.04491204,  0.0440498 ,  0.04317415,
  0.04228535,  0.04138367,  0.04046938,  0.03954276,  0.0386041 ,
  0.03765368,  0.03669179,  0.03571872,  0.03473478,  0.03374025,
  0.03273544,  0.03172067,  0.03069623,  0.02966244,  0.02861961,
  0.02756807,  0.02650813,  0.02544012,  0.02436435,  0.02328116,
  0.02219089,  0.02109385,  0.01999039,  0.01888084,  0.01776553,
  0.01664482,  0.01551903,  0.01438852,  0.01325363,  0.01211469,
  0.01097207,  0.00982611,  0.00867715,  0.00752555,  0.00637166,
  0.00521582,  0.0040584 ,  0.00289974,  0.0017402 ,  0.00058012,
 -0.00058012, -0.0017402 , -0.00289974, -0.0040584 , -0.00521582,
 -0.00637166, -0.00752555, -0.00867715, -0.00982611, -0.01097207,
 -0.01211469, -0.01325363, -0.01438852, -0.01551903, -0.01664482,
 -0.01776553, -0.01888084, -0.01999039, -0.02109385, -0.02219089,
 -0.02328116, -0.02436435, -0.02544012, -0.02650813, -0.02756807,
 -0.02861961, -0.02966244, -0.03069623, -0.03172067, -0.03273544,
 -0.03374025, -0.03473478, -0.03571872, -0.03669179, -0.03765368,
 -0.0386041 , -0.03954276, -0.04046938, -0.04138367, -0.04228535,
 -0.04317415, -0.0440498 , -0.04491204, -0.04576059, -0.0465952 ,
 -0.04741562, -0.0482216 , -0.04901289, -0.04978925, -0.05055044,
 -0.05129623, -0.0520264 , -0.05274072, -0.05343898, -0.05412095,
 -0.05478645, -0.05543525, -0.05606717, -0.056682  , -0.05727958,
 -0.0578597 , -0.0584222 , -0.05896691, -0.05949365, -0.06000227,
 -0.06049261, -0.06096453, -0.06141787, -0.06185251, -0.0622683 ,
 -0.06266513, -0.06304287, -0.06340141, -0.06374063, -0.06406044,
 -0.06436074, -0.06464143, -0.06490242, -0.06514365, -0.06536504,
 -0.06556652, -0.06574802, -0.06590949, -0.06605089, -0.06617217,
 -0.06627329, -0.06635423, -0.06641495, -0.06645544, -0.06647569,
  0.06647569,  0.06645544,  0.06641495,  0.06635423,  0.06627329,
  0.06617217,  0.06605089,  0.06590949,  0.06574802,  0.06556652,
  0.06536504,  0.06514365,  0.06490242,  0.06464143,  0.06436074,
  0.06406044,  0.06374063,  0.06340141,  0.06304287,  0.06266513,
  0.0622683 ,  0.06185251,  0.06141787,  0.06096453,  0.06049261,
  0.06000227,  0.05949365,  0.05896691,  0.0584222 ,  0.0578597 ,
  0.05727958,  0.056682  ,  0.05606717,  0.05543525,  0.05478645,
  0.05412095,  0.05343898,  0.05274072,  0.0520264 ,  0.05129623,
  0.05055044,  0.04978925,  0.04901289,  0.0482216 ,  0.04741562,
  0.0465952 ,  0.04576059,  0.04491204,  0.0440498 ,  0.04317415,
  0.04228535,  0.04138367,  0.04046938,  0.03954276,  0.0386041 ,
  0.03765368,  0.03669179,  0.03571872,  0.03473478,  0.03374025,
  0.03273544,  0.03172067,  0.03069623,  0.02966244,  0.02861961,
  0.02756807,  0.02650813,  0.02544012,  0.02436435,  0.02328116,
  0.02219089,  0.02109385,  0.01999039,  0.01888084,  0.01776553,
  0.01664482,  0.01551903,  0.01438852,  0.01325363,  0.01211469,
  0.01097207,  0.00982611,  0.00867715,  0.00752555,  0.00637166,
  0.00521582,  0.0040584 ,  0.00289974,  0.0017402 ])
nextToPFC_slopes = np.array([-0.00058113, -0.00174321, -0.00290476, -0.00406542, -0.00522485,
 -0.00638269, -0.00753858, -0.00869217, -0.00984312, -0.01099107,
 -0.01213567, -0.01327657, -0.01441343, -0.0155459 , -0.01667363,
 -0.01779629, -0.01891352, -0.02002499, -0.02113037, -0.0222293 ,
 -0.02332147, -0.02440653, -0.02548415, -0.02655402, -0.02761579,
 -0.02866916, -0.02971379, -0.03074937, -0.03177558, -0.03279211,
 -0.03379866, -0.03479491, -0.03578056, -0.03675531, -0.03771886,
 -0.03867093, -0.03961122, -0.04053944, -0.04145531, -0.04235855,
 -0.04324889, -0.04412606, -0.04498978, -0.04583981, -0.04667586,
 -0.0474977 , -0.04830508, -0.04909773, -0.04987544, -0.05063795,
 -0.05138503, -0.05211646, -0.05283202, -0.05353149, -0.05421464,
 -0.05488129, -0.05553121, -0.05616422, -0.05678013, -0.05737873,
 -0.05795986, -0.05852334, -0.05906898, -0.05959664, -0.06010614,
 -0.06059733, -0.06107006, -0.06152419, -0.06195958, -0.0623761 ,
 -0.06277361, -0.06315201, -0.06351116, -0.06385098, -0.06417134,
 -0.06447215, -0.06475333, -0.06501478, -0.06525642, -0.06547819,
 -0.06568002, -0.06586184, -0.06602359, -0.06616523, -0.06628672,
 -0.06638802, -0.0664691 , -0.06652992, -0.06657049, -0.06659077,
  0.06659077,  0.06657049,  0.06652992,  0.0664691 ,  0.06638802,
  0.06628672,  0.06616523,  0.06602359,  0.06586184,  0.06568002,
  0.06547819,  0.06525642,  0.06501478,  0.06475333,  0.06447215,
  0.06417134,  0.06385098,  0.06351116,  0.06315201,  0.06277361,
  0.0623761 ,  0.06195958,  0.06152419,  0.06107006,  0.06059733,
  0.06010614,  0.05959664,  0.05906898,  0.05852334,  0.05795986,
  0.05737873,  0.05678013,  0.05616422,  0.05553121,  0.05488129,
  0.05421464,  0.05353149,  0.05283202,  0.05211646,  0.05138503,
  0.05063795,  0.04987544,  0.04909773,  0.04830508,  0.0474977 ,
  0.04667586,  0.04583981,  0.04498978,  0.04412606,  0.04324889,
  0.04235855,  0.04145531,  0.04053944,  0.03961122,  0.03867093,
  0.03771886,  0.03675531,  0.03578056,  0.03479491,  0.03379866,
  0.03279211,  0.03177558,  0.03074937,  0.02971379,  0.02866916,
  0.02761579,  0.02655402,  0.02548415,  0.02440653,  0.02332147,
  0.0222293 ,  0.02113037,  0.02002499,  0.01891352,  0.01779629,
  0.01667363,  0.0155459 ,  0.01441343,  0.01327657,  0.01213567,
  0.01099107,  0.00984312,  0.00869217,  0.00753858,  0.00638269,
  0.00522485,  0.00406542,  0.00290476,  0.00174321,  0.00058113,
 -0.00058113, -0.00174321, -0.00290476, -0.00406542, -0.00522485,
 -0.00638269, -0.00753858, -0.00869217, -0.00984312, -0.01099107,
 -0.01213567, -0.01327657, -0.01441343, -0.0155459 , -0.01667363,
 -0.01779629, -0.01891352, -0.02002499, -0.02113037, -0.0222293 ,
 -0.02332147, -0.02440653, -0.02548415, -0.02655402, -0.02761579,
 -0.02866916, -0.02971379, -0.03074937, -0.03177558, -0.03279211,
 -0.03379866, -0.03479491, -0.03578056, -0.03675531, -0.03771886,
 -0.03867093, -0.03961122, -0.04053944, -0.04145531, -0.04235855,
 -0.04324889, -0.04412606, -0.04498978, -0.04583981, -0.04667586,
 -0.0474977 , -0.04830508, -0.04909773, -0.04987544, -0.05063795,
 -0.05138503, -0.05211646, -0.05283202, -0.05353149, -0.05421464,
 -0.05488129, -0.05553121, -0.05616422, -0.05678013, -0.05737873,
 -0.05795986, -0.05852334, -0.05906898, -0.05959664, -0.06010614,
 -0.06059733, -0.06107006, -0.06152419, -0.06195958, -0.0623761 ,
 -0.06277361, -0.06315201, -0.06351116, -0.06385098, -0.06417134,
 -0.06447215, -0.06475333, -0.06501478, -0.06525642, -0.06547819,
 -0.06568002, -0.06586184, -0.06602359, -0.06616523, -0.06628672,
 -0.06638802, -0.0664691 , -0.06652992, -0.06657049, -0.06659077,
  0.06659077,  0.06657049,  0.06652992,  0.0664691 ,  0.06638802,
  0.06628672,  0.06616523,  0.06602359,  0.06586184,  0.06568002,
  0.06547819,  0.06525642,  0.06501478,  0.06475333,  0.06447215,
  0.06417134,  0.06385098,  0.06351116,  0.06315201,  0.06277361,
  0.0623761 ,  0.06195958,  0.06152419,  0.06107006,  0.06059733,
  0.06010614,  0.05959664,  0.05906898,  0.05852334,  0.05795986,
  0.05737873,  0.05678013,  0.05616422,  0.05553121,  0.05488129,
  0.05421464,  0.05353149,  0.05283202,  0.05211646,  0.05138503,
  0.05063795,  0.04987544,  0.04909773,  0.04830508,  0.0474977 ,
  0.04667586,  0.04583981,  0.04498978,  0.04412606,  0.04324889,
  0.04235855,  0.04145531,  0.04053944,  0.03961122,  0.03867093,
  0.03771886,  0.03675531,  0.03578056,  0.03479491,  0.03379866,
  0.03279211,  0.03177558,  0.03074937,  0.02971379,  0.02866916,
  0.02761579,  0.02655402,  0.02548415,  0.02440653,  0.02332147,
  0.0222293 ,  0.02113037,  0.02002499,  0.01891352,  0.01779629,
  0.01667363,  0.0155459 ,  0.01441343,  0.01327657,  0.01213567,
  0.01099107,  0.00984312,  0.00869217,  0.00753858,  0.00638269,
  0.00522485,  0.00406542,  0.00290476,  0.00174321])
hallprobe_slopes = np.array([-0.0005785 , -0.00173532, -0.00289162, -0.00404703, -0.00520121,
 -0.00635381, -0.00750447, -0.00865284, -0.00979858, -0.01094134,
 -0.01208076, -0.0132165 , -0.01434822, -0.01547556, -0.0165982 ,
 -0.01771577, -0.01882795, -0.01993439, -0.02103477, -0.02212873,
 -0.02321595, -0.02429611, -0.02536886, -0.02643388, -0.02749085,
 -0.02853945, -0.02957935, -0.03061025, -0.03163182, -0.03264375,
 -0.03364574, -0.03463749, -0.03561868, -0.03658902, -0.03754821,
 -0.03849597, -0.039432  , -0.04035602, -0.04126775, -0.04216691,
 -0.04305322, -0.04392642, -0.04478624, -0.04563242, -0.04646469,
 -0.04728281, -0.04808653, -0.0488756 , -0.04964979, -0.05040885,
 -0.05115255, -0.05188068, -0.052593  , -0.05328929, -0.05396936,
 -0.05463299, -0.05527998, -0.05591012, -0.05652324, -0.05711914,
 -0.05769764, -0.05825856, -0.05880174, -0.05932701, -0.0598342 ,
 -0.06032317, -0.06079376, -0.06124584, -0.06167926, -0.06209389,
 -0.06248961, -0.06286629, -0.06322382, -0.0635621 , -0.06388101,
 -0.06418046, -0.06446037, -0.06472063, -0.06496119, -0.06518195,
 -0.06538286, -0.06556386, -0.06572488, -0.06586588, -0.06598682,
 -0.06608766, -0.06616837, -0.06622892, -0.0662693 , -0.0662895 ,
  0.0662895 ,  0.0662693 ,  0.06622892,  0.06616837,  0.06608766,
  0.06598682,  0.06586588,  0.06572488,  0.06556386,  0.06538286,
  0.06518195,  0.06496119,  0.06472063,  0.06446037,  0.06418046,
  0.06388101,  0.0635621 ,  0.06322382,  0.06286629,  0.06248961,
  0.06209389,  0.06167926,  0.06124584,  0.06079376,  0.06032317,
  0.0598342 ,  0.05932701,  0.05880174,  0.05825856,  0.05769764,
  0.05711914,  0.05652324,  0.05591012,  0.05527998,  0.05463299,
  0.05396936,  0.05328929,  0.052593  ,  0.05188068,  0.05115255,
  0.05040885,  0.04964979,  0.0488756 ,  0.04808653,  0.04728281,
  0.04646469,  0.04563242,  0.04478624,  0.04392642,  0.04305322,
  0.04216691,  0.04126775,  0.04035602,  0.039432  ,  0.03849597,
  0.03754821,  0.03658902,  0.03561868,  0.03463749,  0.03364574,
  0.03264375,  0.03163182,  0.03061025,  0.02957935,  0.02853945,
  0.02749085,  0.02643388,  0.02536886,  0.02429611,  0.02321595,
  0.02212873,  0.02103477,  0.01993439,  0.01882795,  0.01771577,
  0.0165982 ,  0.01547556,  0.01434822,  0.0132165 ,  0.01208076,
  0.01094134,  0.00979858,  0.00865284,  0.00750447,  0.00635381,
  0.00520121,  0.00404703,  0.00289162,  0.00173532,  0.0005785 ,
 -0.0005785 , -0.00173532, -0.00289162, -0.00404703, -0.00520121,
 -0.00635381, -0.00750447, -0.00865284, -0.00979858, -0.01094134,
 -0.01208076, -0.0132165 , -0.01434822, -0.01547556, -0.0165982 ,
 -0.01771577, -0.01882795, -0.01993439, -0.02103477, -0.02212873,
 -0.02321595, -0.02429611, -0.02536886, -0.02643388, -0.02749085,
 -0.02853945, -0.02957935, -0.03061025, -0.03163182, -0.03264375,
 -0.03364574, -0.03463749, -0.03561868, -0.03658902, -0.03754821,
 -0.03849597, -0.039432  , -0.04035602, -0.04126775, -0.04216691,
 -0.04305322, -0.04392642, -0.04478624, -0.04563242, -0.04646469,
 -0.04728281, -0.04808653, -0.0488756 , -0.04964979, -0.05040885,
 -0.05115255, -0.05188068, -0.052593  , -0.05328929, -0.05396936,
 -0.05463299, -0.05527998, -0.05591012, -0.05652324, -0.05711914,
 -0.05769764, -0.05825856, -0.05880174, -0.05932701, -0.0598342 ,
 -0.06032317, -0.06079376, -0.06124584, -0.06167926, -0.06209389,
 -0.06248961, -0.06286629, -0.06322382, -0.0635621 , -0.06388101,
 -0.06418046, -0.06446037, -0.06472063, -0.06496119, -0.06518195,
 -0.06538286, -0.06556386, -0.06572488, -0.06586588, -0.06598682,
 -0.06608766, -0.06616837, -0.06622892, -0.0662693 , -0.0662895 ,
  0.0662895 ,  0.0662693 ,  0.06622892,  0.06616837,  0.06608766,
  0.06598682,  0.06586588,  0.06572488,  0.06556386,  0.06538286,
  0.06518195,  0.06496119,  0.06472063,  0.06446037,  0.06418046,
  0.06388101,  0.0635621 ,  0.06322382,  0.06286629,  0.06248961,
  0.06209389,  0.06167926,  0.06124584,  0.06079376,  0.06032317,
  0.0598342 ,  0.05932701,  0.05880174,  0.05825856,  0.05769764,
  0.05711914,  0.05652324,  0.05591012,  0.05527998,  0.05463299,
  0.05396936,  0.05328929,  0.052593  ,  0.05188068,  0.05115255,
  0.05040885,  0.04964979,  0.0488756 ,  0.04808653,  0.04728281,
  0.04646469,  0.04563242,  0.04478624,  0.04392642,  0.04305322,
  0.04216691,  0.04126775,  0.04035602,  0.039432  ,  0.03849597,
  0.03754821,  0.03658902,  0.03561868,  0.03463749,  0.03364574,
  0.03264375,  0.03163182,  0.03061025,  0.02957935,  0.02853945,
  0.02749085,  0.02643388,  0.02536886,  0.02429611,  0.02321595,
  0.02212873,  0.02103477,  0.01993439,  0.01882795,  0.01771577,
  0.0165982 ,  0.01547556,  0.01434822,  0.0132165 ,  0.01208076,
  0.01094134,  0.00979858,  0.00865284,  0.00750447,  0.00635381,
  0.00520121,  0.00404703,  0.00289162,  0.00173532])
Filename = "i1q3_hires.npy" 
distFromOuterWall = 0.09
dir1 = "Toroidal"
dir2 = "Poloidal"
kw15 = np.array([5.86239645e-02, 5.86150357e-02, 5.85882523e-02, 5.85436223e-02,
 5.84811594e-02, 5.84008826e-02, 5.83028162e-02, 5.81869903e-02,
 5.80534401e-02, 5.79022062e-02, 5.77333347e-02, 5.75468771e-02,
 5.73428902e-02, 5.71214360e-02, 5.68825822e-02, 5.66264013e-02,
 5.63529715e-02, 5.60623760e-02, 5.57547034e-02, 5.54300474e-02,
 5.50885068e-02, 5.47301857e-02, 5.43551933e-02, 5.39636438e-02,
 5.35556564e-02, 5.31313555e-02, 5.26908702e-02, 5.22343348e-02,
 5.17618883e-02, 5.12736746e-02, 5.07698425e-02, 5.02505454e-02,
 4.97159414e-02, 4.91661936e-02, 4.86014692e-02, 4.80219403e-02,
 4.74277835e-02, 4.68191798e-02, 4.61963144e-02, 4.55593772e-02,
 4.49085622e-02, 4.42440676e-02, 4.35660958e-02, 4.28748534e-02,
 4.21705509e-02, 4.14534028e-02, 4.07236276e-02, 3.99814476e-02,
 3.92270889e-02, 3.84607812e-02, 3.76827580e-02, 3.68932562e-02,
 3.60925164e-02, 3.52807825e-02, 3.44583017e-02, 3.36253246e-02,
 3.27821049e-02, 3.19288994e-02, 3.10659681e-02, 3.01935738e-02,
 2.93119822e-02, 2.84214619e-02, 2.75222842e-02, 2.66147229e-02,
 2.56990545e-02, 2.47755580e-02, 2.38445145e-02, 2.29062078e-02,
 2.19609236e-02, 2.10089499e-02, 2.00505767e-02, 1.90860959e-02,
 1.81158013e-02, 1.71399884e-02, 1.61589545e-02, 1.51729985e-02,
 1.41824206e-02, 1.31875226e-02, 1.21886076e-02, 1.11859798e-02,
 1.01799446e-02, 9.17080852e-03, 8.15887892e-03, 7.14446406e-03,
 6.12787291e-03, 5.10941516e-03, 4.08940104e-03, 3.06814124e-03,
 2.04594685e-03, 1.02312925e-03, 8.19746440e-10, 1.02312925e-03,
 2.04594685e-03, 3.06814124e-03, 4.08940104e-03, 5.10941516e-03,
 6.12787291e-03, 7.14446406e-03, 8.15887892e-03, 9.17080852e-03,
 1.01799446e-02, 1.11859798e-02, 1.21886076e-02, 1.31875226e-02,
 1.41824206e-02, 1.51729985e-02, 1.61589545e-02, 1.71399884e-02,
 1.81158013e-02, 1.90860959e-02, 2.00505767e-02, 2.10089499e-02,
 2.19609236e-02, 2.29062078e-02, 2.38445145e-02, 2.47755580e-02,
 2.56990545e-02, 2.66147229e-02, 2.75222842e-02, 2.84214619e-02,
 2.93119822e-02, 3.01935738e-02, 3.10659681e-02, 3.19288994e-02,
 3.27821049e-02, 3.36253246e-02, 3.44583017e-02, 3.52807825e-02,
 3.60925164e-02, 3.68932562e-02, 3.76827580e-02, 3.84607812e-02,
 3.92270889e-02, 3.99814476e-02, 4.07236276e-02, 4.14534028e-02,
 4.21705509e-02, 4.28748534e-02, 4.35660958e-02, 4.42440676e-02,
 4.49085622e-02, 4.55593772e-02, 4.61963144e-02, 4.68191798e-02,
 4.74277835e-02, 4.80219403e-02, 4.86014692e-02, 4.91661936e-02,
 4.97159414e-02, 5.02505454e-02, 5.07698425e-02, 5.12736746e-02,
 5.17618883e-02, 5.22343348e-02, 5.26908702e-02, 5.31313555e-02,
 5.35556564e-02, 5.39636438e-02, 5.43551933e-02, 5.47301857e-02,
 5.50885068e-02, 5.54300474e-02, 5.57547034e-02, 5.60623760e-02,
 5.63529715e-02, 5.66264013e-02, 5.68825822e-02, 5.71214360e-02,
 5.73428902e-02, 5.75468771e-02, 5.77333347e-02, 5.79022062e-02,
 5.80534401e-02, 5.81869903e-02, 5.83028162e-02, 5.84008826e-02,
 5.84811594e-02, 5.85436223e-02, 5.85882523e-02, 5.86150357e-02,
 5.86239645e-02, 5.86150357e-02, 5.85882523e-02, 5.85436223e-02,
 5.84811594e-02, 5.84008826e-02, 5.83028162e-02, 5.81869903e-02,
 5.80534401e-02, 5.79022062e-02, 5.77333347e-02, 5.75468771e-02,
 5.73428902e-02, 5.71214360e-02, 5.68825822e-02, 5.66264013e-02,
 5.63529715e-02, 5.60623760e-02, 5.57547034e-02, 5.54300474e-02,
 5.50885068e-02, 5.47301857e-02, 5.43551933e-02, 5.39636438e-02,
 5.35556564e-02, 5.31313555e-02, 5.26908702e-02, 5.22343348e-02,
 5.17618883e-02, 5.12736746e-02, 5.07698425e-02, 5.02505454e-02,
 4.97159414e-02, 4.91661936e-02, 4.86014692e-02, 4.80219403e-02,
 4.74277835e-02, 4.68191798e-02, 4.61963144e-02, 4.55593772e-02,
 4.49085622e-02, 4.42440676e-02, 4.35660958e-02, 4.28748534e-02,
 4.21705509e-02, 4.14534028e-02, 4.07236276e-02, 3.99814476e-02,
 3.92270889e-02, 3.84607812e-02, 3.76827580e-02, 3.68932562e-02,
 3.60925164e-02, 3.52807825e-02, 3.44583017e-02, 3.36253246e-02,
 3.27821049e-02, 3.19288994e-02, 3.10659681e-02, 3.01935738e-02,
 2.93119822e-02, 2.84214619e-02, 2.75222842e-02, 2.66147229e-02,
 2.56990545e-02, 2.47755580e-02, 2.38445145e-02, 2.29062078e-02,
 2.19609236e-02, 2.10089499e-02, 2.00505767e-02, 1.90860959e-02,
 1.81158013e-02, 1.71399884e-02, 1.61589545e-02, 1.51729985e-02,
 1.41824206e-02, 1.31875226e-02, 1.21886076e-02, 1.11859798e-02,
 1.01799446e-02, 9.17080852e-03, 8.15887892e-03, 7.14446406e-03,
 6.12787291e-03, 5.10941516e-03, 4.08940104e-03, 3.06814124e-03,
 2.04594685e-03, 1.02312925e-03, 8.19746440e-10, 1.02312925e-03,
 2.04594685e-03, 3.06814124e-03, 4.08940104e-03, 5.10941516e-03,
 6.12787291e-03, 7.14446406e-03, 8.15887892e-03, 9.17080852e-03,
 1.01799446e-02, 1.11859798e-02, 1.21886076e-02, 1.31875226e-02,
 1.41824206e-02, 1.51729985e-02, 1.61589545e-02, 1.71399884e-02,
 1.81158013e-02, 1.90860959e-02, 2.00505767e-02, 2.10089499e-02,
 2.19609236e-02, 2.29062078e-02, 2.38445145e-02, 2.47755580e-02,
 2.56990545e-02, 2.66147229e-02, 2.75222842e-02, 2.84214619e-02,
 2.93119822e-02, 3.01935738e-02, 3.10659681e-02, 3.19288994e-02,
 3.27821049e-02, 3.36253246e-02, 3.44583017e-02, 3.52807825e-02,
 3.60925164e-02, 3.68932562e-02, 3.76827580e-02, 3.84607812e-02,
 3.92270889e-02, 3.99814476e-02, 4.07236276e-02, 4.14534028e-02,
 4.21705509e-02, 4.28748534e-02, 4.35660958e-02, 4.42440676e-02,
 4.49085622e-02, 4.55593772e-02, 4.61963144e-02, 4.68191798e-02,
 4.74277835e-02, 4.80219403e-02, 4.86014692e-02, 4.91661936e-02,
 4.97159414e-02, 5.02505454e-02, 5.07698425e-02, 5.12736746e-02,
 5.17618883e-02, 5.22343348e-02, 5.26908702e-02, 5.31313555e-02,
 5.35556564e-02, 5.39636438e-02, 5.43551933e-02, 5.47301857e-02,
 5.50885068e-02, 5.54300474e-02, 5.57547034e-02, 5.60623760e-02,
 5.63529715e-02, 5.66264013e-02, 5.68825822e-02, 5.71214360e-02,
 5.73428902e-02, 5.75468771e-02, 5.77333347e-02, 5.79022062e-02,
 5.80534401e-02, 5.81869903e-02, 5.83028162e-02, 5.84008826e-02,
 5.84811594e-02, 5.85436223e-02, 5.85882523e-02, 5.86150357e-02])
spec = np.array([5.91114465e-02, 5.91024436e-02, 5.90754374e-02, 5.90304364e-02,
 5.89674540e-02, 5.88865096e-02, 5.87876278e-02, 5.86708388e-02,
 5.85361780e-02, 5.83836865e-02, 5.82134108e-02, 5.80254028e-02,
 5.78197196e-02, 5.75964240e-02, 5.73555839e-02, 5.70972728e-02,
 5.68215693e-02, 5.65285575e-02, 5.62183264e-02, 5.58909707e-02,
 5.55465901e-02, 5.51852895e-02, 5.48071788e-02, 5.44123734e-02,
 5.40009935e-02, 5.35731643e-02, 5.31290162e-02, 5.26686845e-02,
 5.21923094e-02, 5.17000361e-02, 5.11920144e-02, 5.06683991e-02,
 5.01293497e-02, 4.95750304e-02, 4.90056101e-02, 4.84212623e-02,
 4.78221648e-02, 4.72085003e-02, 4.65804555e-02, 4.59382220e-02,
 4.52819951e-02, 4.46119750e-02, 4.39283656e-02, 4.32313752e-02,
 4.25212161e-02, 4.17981047e-02, 4.10622611e-02, 4.03139096e-02,
 3.95532781e-02, 3.87805982e-02, 3.79961054e-02, 3.72000387e-02,
 3.63926404e-02, 3.55741566e-02, 3.47448365e-02, 3.39049329e-02,
 3.30547014e-02, 3.21944012e-02, 3.13242943e-02, 3.04446456e-02,
 2.95557233e-02, 2.86577979e-02, 2.77511432e-02, 2.68360352e-02,
 2.59127526e-02, 2.49815768e-02, 2.40427913e-02, 2.30966822e-02,
 2.21435376e-02, 2.11836479e-02, 2.02173054e-02, 1.92448046e-02,
 1.82664415e-02, 1.72825144e-02, 1.62933228e-02, 1.52991681e-02,
 1.43003532e-02, 1.32971822e-02, 1.22899608e-02, 1.12789957e-02,
 1.02645950e-02, 9.24706752e-03, 8.22672332e-03, 7.20387318e-03,
 6.17882867e-03, 5.15190203e-03, 4.12340607e-03, 3.09365408e-03,
 2.06295973e-03, 1.03163699e-03, 5.46185802e-08, 1.03163699e-03,
 2.06295973e-03, 3.09365408e-03, 4.12340607e-03, 5.15190203e-03,
 6.17882867e-03, 7.20387318e-03, 8.22672332e-03, 9.24706752e-03,
 1.02645950e-02, 1.12789957e-02, 1.22899608e-02, 1.32971822e-02,
 1.43003532e-02, 1.52991681e-02, 1.62933228e-02, 1.72825144e-02,
 1.82664415e-02, 1.92448046e-02, 2.02173054e-02, 2.11836479e-02,
 2.21435376e-02, 2.30966822e-02, 2.40427913e-02, 2.49815768e-02,
 2.59127526e-02, 2.68360352e-02, 2.77511432e-02, 2.86577979e-02,
 2.95557233e-02, 3.04446456e-02, 3.13242943e-02, 3.21944012e-02,
 3.30547014e-02, 3.39049329e-02, 3.47448365e-02, 3.55741566e-02,
 3.63926404e-02, 3.72000387e-02, 3.79961054e-02, 3.87805982e-02,
 3.95532781e-02, 4.03139096e-02, 4.10622611e-02, 4.17981047e-02,
 4.25212161e-02, 4.32313752e-02, 4.39283656e-02, 4.46119750e-02,
 4.52819951e-02, 4.59382220e-02, 4.65804555e-02, 4.72085003e-02,
 4.78221648e-02, 4.84212623e-02, 4.90056101e-02, 4.95750304e-02,
 5.01293497e-02, 5.06683991e-02, 5.11920144e-02, 5.17000361e-02,
 5.21923094e-02, 5.26686845e-02, 5.31290162e-02, 5.35731643e-02,
 5.40009935e-02, 5.44123734e-02, 5.48071788e-02, 5.51852895e-02,
 5.55465901e-02, 5.58909707e-02, 5.62183264e-02, 5.65285575e-02,
 5.68215693e-02, 5.70972728e-02, 5.73555839e-02, 5.75964240e-02,
 5.78197196e-02, 5.80254028e-02, 5.82134108e-02, 5.83836865e-02,
 5.85361780e-02, 5.86708388e-02, 5.87876278e-02, 5.88865096e-02,
 5.89674540e-02, 5.90304364e-02, 5.90754374e-02, 5.91024436e-02,
 5.91114465e-02, 5.91024436e-02, 5.90754374e-02, 5.90304364e-02,
 5.89674540e-02, 5.88865096e-02, 5.87876278e-02, 5.86708388e-02,
 5.85361780e-02, 5.83836865e-02, 5.82134108e-02, 5.80254028e-02,
 5.78197196e-02, 5.75964240e-02, 5.73555839e-02, 5.70972728e-02,
 5.68215693e-02, 5.65285575e-02, 5.62183264e-02, 5.58909707e-02,
 5.55465901e-02, 5.51852895e-02, 5.48071788e-02, 5.44123734e-02,
 5.40009935e-02, 5.35731643e-02, 5.31290162e-02, 5.26686845e-02,
 5.21923094e-02, 5.17000361e-02, 5.11920144e-02, 5.06683991e-02,
 5.01293497e-02, 4.95750304e-02, 4.90056101e-02, 4.84212623e-02,
 4.78221648e-02, 4.72085003e-02, 4.65804555e-02, 4.59382220e-02,
 4.52819951e-02, 4.46119750e-02, 4.39283656e-02, 4.32313752e-02,
 4.25212161e-02, 4.17981047e-02, 4.10622611e-02, 4.03139096e-02,
 3.95532781e-02, 3.87805982e-02, 3.79961054e-02, 3.72000387e-02,
 3.63926404e-02, 3.55741566e-02, 3.47448365e-02, 3.39049329e-02,
 3.30547014e-02, 3.21944012e-02, 3.13242943e-02, 3.04446456e-02,
 2.95557233e-02, 2.86577979e-02, 2.77511432e-02, 2.68360352e-02,
 2.59127526e-02, 2.49815768e-02, 2.40427913e-02, 2.30966822e-02,
 2.21435376e-02, 2.11836479e-02, 2.02173054e-02, 1.92448046e-02,
 1.82664415e-02, 1.72825144e-02, 1.62933228e-02, 1.52991681e-02,
 1.43003532e-02, 1.32971822e-02, 1.22899608e-02, 1.12789957e-02,
 1.02645950e-02, 9.24706752e-03, 8.22672332e-03, 7.20387318e-03,
 6.17882867e-03, 5.15190203e-03, 4.12340607e-03, 3.09365408e-03,
 2.06295973e-03, 1.03163699e-03, 5.46185802e-08, 1.03163699e-03,
 2.06295973e-03, 3.09365408e-03, 4.12340607e-03, 5.15190203e-03,
 6.17882867e-03, 7.20387318e-03, 8.22672332e-03, 9.24706752e-03,
 1.02645950e-02, 1.12789957e-02, 1.22899608e-02, 1.32971822e-02,
 1.43003532e-02, 1.52991681e-02, 1.62933228e-02, 1.72825144e-02,
 1.82664415e-02, 1.92448046e-02, 2.02173054e-02, 2.11836479e-02,
 2.21435376e-02, 2.30966822e-02, 2.40427913e-02, 2.49815768e-02,
 2.59127526e-02, 2.68360352e-02, 2.77511432e-02, 2.86577979e-02,
 2.95557233e-02, 3.04446456e-02, 3.13242943e-02, 3.21944012e-02,
 3.30547014e-02, 3.39049329e-02, 3.47448365e-02, 3.55741566e-02,
 3.63926404e-02, 3.72000387e-02, 3.79961054e-02, 3.87805982e-02,
 3.95532781e-02, 4.03139096e-02, 4.10622611e-02, 4.17981047e-02,
 4.25212161e-02, 4.32313752e-02, 4.39283656e-02, 4.46119750e-02,
 4.52819951e-02, 4.59382220e-02, 4.65804555e-02, 4.72085003e-02,
 4.78221648e-02, 4.84212623e-02, 4.90056101e-02, 4.95750304e-02,
 5.01293497e-02, 5.06683991e-02, 5.11920144e-02, 5.17000361e-02,
 5.21923094e-02, 5.26686845e-02, 5.31290162e-02, 5.35731643e-02,
 5.40009935e-02, 5.44123734e-02, 5.48071788e-02, 5.51852895e-02,
 5.55465901e-02, 5.58909707e-02, 5.62183264e-02, 5.65285575e-02,
 5.68215693e-02, 5.70972728e-02, 5.73555839e-02, 5.75964240e-02,
 5.78197196e-02, 5.80254028e-02, 5.82134108e-02, 5.83836865e-02,
 5.85361780e-02, 5.86708388e-02, 5.87876278e-02, 5.88865096e-02,
 5.89674540e-02, 5.90304364e-02, 5.90754374e-02, 5.91024436e-02])
nextToPFC = np.array([5.92265288e-02, 5.92175083e-02, 5.91904496e-02, 5.91453609e-02,
 5.90822560e-02, 5.90011540e-02, 5.89020797e-02, 5.87850632e-02,
 5.86501403e-02, 5.84973520e-02, 5.83267448e-02, 5.81383707e-02,
 5.79322871e-02, 5.77085567e-02, 5.74672478e-02, 5.72084338e-02,
 5.69321935e-02, 5.66386112e-02, 5.63277762e-02, 5.59997832e-02,
 5.56547321e-02, 5.52927280e-02, 5.49138813e-02, 5.45183072e-02,
 5.41061264e-02, 5.36774643e-02, 5.32324515e-02, 5.27712236e-02,
 5.22939210e-02, 5.18006893e-02, 5.12916785e-02, 5.07670438e-02,
 5.02269450e-02, 4.96715466e-02, 4.91010177e-02, 4.85155322e-02,
 4.79152683e-02, 4.73004090e-02, 4.66711416e-02, 4.60276577e-02,
 4.53701533e-02, 4.46988287e-02, 4.40138884e-02, 4.33155411e-02,
 4.26039994e-02, 4.18794801e-02, 4.11422040e-02, 4.03923955e-02,
 3.96302831e-02, 3.88560990e-02, 3.80700789e-02, 3.72724623e-02,
 3.64634921e-02, 3.56434148e-02, 3.48124802e-02, 3.39709413e-02,
 3.31190546e-02, 3.22570795e-02, 3.13852786e-02, 3.05039174e-02,
 2.96132644e-02, 2.87135909e-02, 2.78051710e-02, 2.68882814e-02,
 2.59632014e-02, 2.50302127e-02, 2.40895995e-02, 2.31416484e-02,
 2.21866482e-02, 2.12248897e-02, 2.02566659e-02, 1.92822717e-02,
 1.83020039e-02, 1.73161612e-02, 1.63250438e-02, 1.53289536e-02,
 1.43281941e-02, 1.33230701e-02, 1.23138877e-02, 1.13009545e-02,
 1.02845788e-02, 9.26507035e-03, 8.24273967e-03, 7.21789818e-03,
 6.19085804e-03, 5.16193211e-03, 4.13143380e-03, 3.09967702e-03,
 2.06697605e-03, 1.03364545e-03, 5.46185802e-08, 1.03364545e-03,
 2.06697605e-03, 3.09967702e-03, 4.13143380e-03, 5.16193211e-03,
 6.19085804e-03, 7.21789818e-03, 8.24273967e-03, 9.26507035e-03,
 1.02845788e-02, 1.13009545e-02, 1.23138877e-02, 1.33230701e-02,
 1.43281941e-02, 1.53289536e-02, 1.63250438e-02, 1.73161612e-02,
 1.83020039e-02, 1.92822717e-02, 2.02566659e-02, 2.12248897e-02,
 2.21866482e-02, 2.31416484e-02, 2.40895995e-02, 2.50302127e-02,
 2.59632014e-02, 2.68882814e-02, 2.78051710e-02, 2.87135909e-02,
 2.96132644e-02, 3.05039174e-02, 3.13852786e-02, 3.22570795e-02,
 3.31190546e-02, 3.39709413e-02, 3.48124802e-02, 3.56434148e-02,
 3.64634921e-02, 3.72724623e-02, 3.80700789e-02, 3.88560990e-02,
 3.96302831e-02, 4.03923955e-02, 4.11422040e-02, 4.18794801e-02,
 4.26039994e-02, 4.33155411e-02, 4.40138884e-02, 4.46988287e-02,
 4.53701533e-02, 4.60276577e-02, 4.66711416e-02, 4.73004090e-02,
 4.79152683e-02, 4.85155322e-02, 4.91010177e-02, 4.96715466e-02,
 5.02269450e-02, 5.07670438e-02, 5.12916785e-02, 5.18006893e-02,
 5.22939210e-02, 5.27712236e-02, 5.32324515e-02, 5.36774643e-02,
 5.41061264e-02, 5.45183072e-02, 5.49138813e-02, 5.52927280e-02,
 5.56547321e-02, 5.59997832e-02, 5.63277762e-02, 5.66386112e-02,
 5.69321935e-02, 5.72084338e-02, 5.74672478e-02, 5.77085567e-02,
 5.79322871e-02, 5.81383707e-02, 5.83267448e-02, 5.84973520e-02,
 5.86501403e-02, 5.87850632e-02, 5.89020797e-02, 5.90011540e-02,
 5.90822560e-02, 5.91453609e-02, 5.91904496e-02, 5.92175083e-02,
 5.92265288e-02, 5.92175083e-02, 5.91904496e-02, 5.91453609e-02,
 5.90822560e-02, 5.90011540e-02, 5.89020797e-02, 5.87850632e-02,
 5.86501403e-02, 5.84973520e-02, 5.83267448e-02, 5.81383707e-02,
 5.79322871e-02, 5.77085567e-02, 5.74672478e-02, 5.72084338e-02,
 5.69321935e-02, 5.66386112e-02, 5.63277762e-02, 5.59997832e-02,
 5.56547321e-02, 5.52927280e-02, 5.49138813e-02, 5.45183072e-02,
 5.41061264e-02, 5.36774643e-02, 5.32324515e-02, 5.27712236e-02,
 5.22939210e-02, 5.18006893e-02, 5.12916785e-02, 5.07670438e-02,
 5.02269450e-02, 4.96715466e-02, 4.91010177e-02, 4.85155322e-02,
 4.79152683e-02, 4.73004090e-02, 4.66711416e-02, 4.60276577e-02,
 4.53701533e-02, 4.46988287e-02, 4.40138884e-02, 4.33155411e-02,
 4.26039994e-02, 4.18794801e-02, 4.11422040e-02, 4.03923955e-02,
 3.96302831e-02, 3.88560990e-02, 3.80700789e-02, 3.72724623e-02,
 3.64634921e-02, 3.56434148e-02, 3.48124802e-02, 3.39709413e-02,
 3.31190546e-02, 3.22570795e-02, 3.13852786e-02, 3.05039174e-02,
 2.96132644e-02, 2.87135909e-02, 2.78051710e-02, 2.68882814e-02,
 2.59632014e-02, 2.50302127e-02, 2.40895995e-02, 2.31416484e-02,
 2.21866482e-02, 2.12248897e-02, 2.02566659e-02, 1.92822717e-02,
 1.83020039e-02, 1.73161612e-02, 1.63250438e-02, 1.53289536e-02,
 1.43281941e-02, 1.33230701e-02, 1.23138877e-02, 1.13009545e-02,
 1.02845788e-02, 9.26507035e-03, 8.24273967e-03, 7.21789818e-03,
 6.19085804e-03, 5.16193211e-03, 4.13143380e-03, 3.09967702e-03,
 2.06697605e-03, 1.03364545e-03, 5.46185802e-08, 1.03364545e-03,
 2.06697605e-03, 3.09967702e-03, 4.13143380e-03, 5.16193211e-03,
 6.19085804e-03, 7.21789818e-03, 8.24273967e-03, 9.26507035e-03,
 1.02845788e-02, 1.13009545e-02, 1.23138877e-02, 1.33230701e-02,
 1.43281941e-02, 1.53289536e-02, 1.63250438e-02, 1.73161612e-02,
 1.83020039e-02, 1.92822717e-02, 2.02566659e-02, 2.12248897e-02,
 2.21866482e-02, 2.31416484e-02, 2.40895995e-02, 2.50302127e-02,
 2.59632014e-02, 2.68882814e-02, 2.78051710e-02, 2.87135909e-02,
 2.96132644e-02, 3.05039174e-02, 3.13852786e-02, 3.22570795e-02,
 3.31190546e-02, 3.39709413e-02, 3.48124802e-02, 3.56434148e-02,
 3.64634921e-02, 3.72724623e-02, 3.80700789e-02, 3.88560990e-02,
 3.96302831e-02, 4.03923955e-02, 4.11422040e-02, 4.18794801e-02,
 4.26039994e-02, 4.33155411e-02, 4.40138884e-02, 4.46988287e-02,
 4.53701533e-02, 4.60276577e-02, 4.66711416e-02, 4.73004090e-02,
 4.79152683e-02, 4.85155322e-02, 4.91010177e-02, 4.96715466e-02,
 5.02269450e-02, 5.07670438e-02, 5.12916785e-02, 5.18006893e-02,
 5.22939210e-02, 5.27712236e-02, 5.32324515e-02, 5.36774643e-02,
 5.41061264e-02, 5.45183072e-02, 5.49138813e-02, 5.52927280e-02,
 5.56547321e-02, 5.59997832e-02, 5.63277762e-02, 5.66386112e-02,
 5.69321935e-02, 5.72084338e-02, 5.74672478e-02, 5.77085567e-02,
 5.79322871e-02, 5.81383707e-02, 5.83267448e-02, 5.84973520e-02,
 5.86501403e-02, 5.87850632e-02, 5.89020797e-02, 5.90011540e-02,
 5.90822560e-02, 5.91453609e-02, 5.91904496e-02, 5.92175083e-02])
hallprobe = np.array([5.89252395e-02, 5.89162649e-02, 5.88893438e-02, 5.88444845e-02,
 5.87817006e-02, 5.87010112e-02, 5.86024409e-02, 5.84860197e-02,
 5.83517831e-02, 5.81997720e-02, 5.80300327e-02, 5.78426169e-02,
 5.76375816e-02, 5.74149894e-02, 5.71749081e-02, 5.69174107e-02,
 5.66425757e-02, 5.63504868e-02, 5.60412330e-02, 5.57149085e-02,
 5.53716127e-02, 5.50114502e-02, 5.46345307e-02, 5.42409690e-02,
 5.38308849e-02, 5.34044034e-02, 5.29616544e-02, 5.25027728e-02,
 5.20278984e-02, 5.15371757e-02, 5.10307543e-02, 5.05087885e-02,
 4.99714372e-02, 4.94188641e-02, 4.88512375e-02, 4.82687304e-02,
 4.76715202e-02, 4.70597887e-02, 4.64337224e-02, 4.57935119e-02,
 4.51393523e-02, 4.44714428e-02, 4.37899868e-02, 4.30951920e-02,
 4.23872700e-02, 4.16664364e-02, 4.09329109e-02, 4.01869167e-02,
 3.94286812e-02, 3.86584354e-02, 3.78764139e-02, 3.70828548e-02,
 3.62779999e-02, 3.54620944e-02, 3.46353868e-02, 3.37981289e-02,
 3.29505758e-02, 3.20929856e-02, 3.12256196e-02, 3.03487419e-02,
 2.94626198e-02, 2.85675230e-02, 2.76637243e-02, 2.67514989e-02,
 2.58311248e-02, 2.49028823e-02, 2.39670541e-02, 2.30239253e-02,
 2.20737832e-02, 2.11169173e-02, 2.01536189e-02, 1.91841815e-02,
 1.82089004e-02, 1.72280727e-02, 1.62419972e-02, 1.52509742e-02,
 1.42553056e-02, 1.32552948e-02, 1.22512462e-02, 1.12434658e-02,
 1.02322605e-02, 9.21793832e-03, 8.20080831e-03, 7.18118025e-03,
 6.15936473e-03, 5.13567302e-03, 4.11041692e-03, 3.08390876e-03,
 2.05646120e-03, 1.02838723e-03, 5.46185802e-08, 1.02838723e-03,
 2.05646120e-03, 3.08390876e-03, 4.11041692e-03, 5.13567302e-03,
 6.15936473e-03, 7.18118025e-03, 8.20080831e-03, 9.21793832e-03,
 1.02322605e-02, 1.12434658e-02, 1.22512462e-02, 1.32552948e-02,
 1.42553056e-02, 1.52509742e-02, 1.62419972e-02, 1.72280727e-02,
 1.82089004e-02, 1.91841815e-02, 2.01536189e-02, 2.11169173e-02,
 2.20737832e-02, 2.30239253e-02, 2.39670541e-02, 2.49028823e-02,
 2.58311248e-02, 2.67514989e-02, 2.76637243e-02, 2.85675230e-02,
 2.94626198e-02, 3.03487419e-02, 3.12256196e-02, 3.20929856e-02,
 3.29505758e-02, 3.37981289e-02, 3.46353868e-02, 3.54620944e-02,
 3.62779999e-02, 3.70828548e-02, 3.78764139e-02, 3.86584354e-02,
 3.94286812e-02, 4.01869167e-02, 4.09329109e-02, 4.16664364e-02,
 4.23872700e-02, 4.30951920e-02, 4.37899868e-02, 4.44714428e-02,
 4.51393523e-02, 4.57935119e-02, 4.64337224e-02, 4.70597887e-02,
 4.76715202e-02, 4.82687304e-02, 4.88512375e-02, 4.94188641e-02,
 4.99714372e-02, 5.05087885e-02, 5.10307543e-02, 5.15371757e-02,
 5.20278984e-02, 5.25027728e-02, 5.29616544e-02, 5.34044034e-02,
 5.38308849e-02, 5.42409690e-02, 5.46345307e-02, 5.50114502e-02,
 5.53716127e-02, 5.57149085e-02, 5.60412330e-02, 5.63504868e-02,
 5.66425757e-02, 5.69174107e-02, 5.71749081e-02, 5.74149894e-02,
 5.76375816e-02, 5.78426169e-02, 5.80300327e-02, 5.81997720e-02,
 5.83517831e-02, 5.84860197e-02, 5.86024409e-02, 5.87010112e-02,
 5.87817006e-02, 5.88444845e-02, 5.88893438e-02, 5.89162649e-02,
 5.89252395e-02, 5.89162649e-02, 5.88893438e-02, 5.88444845e-02,
 5.87817006e-02, 5.87010112e-02, 5.86024409e-02, 5.84860197e-02,
 5.83517831e-02, 5.81997720e-02, 5.80300327e-02, 5.78426169e-02,
 5.76375816e-02, 5.74149894e-02, 5.71749081e-02, 5.69174107e-02,
 5.66425757e-02, 5.63504868e-02, 5.60412330e-02, 5.57149085e-02,
 5.53716127e-02, 5.50114502e-02, 5.46345307e-02, 5.42409690e-02,
 5.38308849e-02, 5.34044034e-02, 5.29616544e-02, 5.25027728e-02,
 5.20278984e-02, 5.15371757e-02, 5.10307543e-02, 5.05087885e-02,
 4.99714372e-02, 4.94188641e-02, 4.88512375e-02, 4.82687304e-02,
 4.76715202e-02, 4.70597887e-02, 4.64337224e-02, 4.57935119e-02,
 4.51393523e-02, 4.44714428e-02, 4.37899868e-02, 4.30951920e-02,
 4.23872700e-02, 4.16664364e-02, 4.09329109e-02, 4.01869167e-02,
 3.94286812e-02, 3.86584354e-02, 3.78764139e-02, 3.70828548e-02,
 3.62779999e-02, 3.54620944e-02, 3.46353868e-02, 3.37981289e-02,
 3.29505758e-02, 3.20929856e-02, 3.12256196e-02, 3.03487419e-02,
 2.94626198e-02, 2.85675230e-02, 2.76637243e-02, 2.67514989e-02,
 2.58311248e-02, 2.49028823e-02, 2.39670541e-02, 2.30239253e-02,
 2.20737832e-02, 2.11169173e-02, 2.01536189e-02, 1.91841815e-02,
 1.82089004e-02, 1.72280727e-02, 1.62419972e-02, 1.52509742e-02,
 1.42553056e-02, 1.32552948e-02, 1.22512462e-02, 1.12434658e-02,
 1.02322605e-02, 9.21793832e-03, 8.20080831e-03, 7.18118025e-03,
 6.15936473e-03, 5.13567302e-03, 4.11041692e-03, 3.08390876e-03,
 2.05646120e-03, 1.02838723e-03, 5.46185802e-08, 1.02838723e-03,
 2.05646120e-03, 3.08390876e-03, 4.11041692e-03, 5.13567302e-03,
 6.15936473e-03, 7.18118025e-03, 8.20080831e-03, 9.21793832e-03,
 1.02322605e-02, 1.12434658e-02, 1.22512462e-02, 1.32552948e-02,
 1.42553056e-02, 1.52509742e-02, 1.62419972e-02, 1.72280727e-02,
 1.82089004e-02, 1.91841815e-02, 2.01536189e-02, 2.11169173e-02,
 2.20737832e-02, 2.30239253e-02, 2.39670541e-02, 2.49028823e-02,
 2.58311248e-02, 2.67514989e-02, 2.76637243e-02, 2.85675230e-02,
 2.94626198e-02, 3.03487419e-02, 3.12256196e-02, 3.20929856e-02,
 3.29505758e-02, 3.37981289e-02, 3.46353868e-02, 3.54620944e-02,
 3.62779999e-02, 3.70828548e-02, 3.78764139e-02, 3.86584354e-02,
 3.94286812e-02, 4.01869167e-02, 4.09329109e-02, 4.16664364e-02,
 4.23872700e-02, 4.30951920e-02, 4.37899868e-02, 4.44714428e-02,
 4.51393523e-02, 4.57935119e-02, 4.64337224e-02, 4.70597887e-02,
 4.76715202e-02, 4.82687304e-02, 4.88512375e-02, 4.94188641e-02,
 4.99714372e-02, 5.05087885e-02, 5.10307543e-02, 5.15371757e-02,
 5.20278984e-02, 5.25027728e-02, 5.29616544e-02, 5.34044034e-02,
 5.38308849e-02, 5.42409690e-02, 5.46345307e-02, 5.50114502e-02,
 5.53716127e-02, 5.57149085e-02, 5.60412330e-02, 5.63504868e-02,
 5.66425757e-02, 5.69174107e-02, 5.71749081e-02, 5.74149894e-02,
 5.76375816e-02, 5.78426169e-02, 5.80300327e-02, 5.81997720e-02,
 5.83517831e-02, 5.84860197e-02, 5.86024409e-02, 5.87010112e-02,
 5.87817006e-02, 5.88444845e-02, 5.88893438e-02, 5.89162649e-02])
kw15_slopes = np.array([-0.00051158, -0.00153458, -0.00255711, -0.00357886, -0.00459952,
 -0.00561879, -0.00663634, -0.00765187, -0.00866506, -0.00967562,
 -0.01068323, -0.01168759, -0.01268839, -0.01368532, -0.01467808,
 -0.01566637, -0.01664989, -0.01762834, -0.01860142, -0.01956883,
 -0.02053028, -0.02148548, -0.02243414, -0.02337595, -0.02431065,
 -0.02523795, -0.02615755, -0.02706919, -0.02797258, -0.02886745,
 -0.02975353, -0.03063055, -0.03149823, -0.03235632, -0.03320456,
 -0.03404268, -0.03487043, -0.03568756, -0.03649381, -0.03728895,
 -0.03807274, -0.03884492, -0.03960527, -0.04035356, -0.04108956,
 -0.04181304, -0.04252378, -0.04322157, -0.0439062 , -0.04457745,
 -0.04523512, -0.04587901, -0.04650893, -0.04712468, -0.04772607,
 -0.04831293, -0.04888507, -0.04944232, -0.04998451, -0.05051148,
 -0.05102305, -0.05151909, -0.05199943, -0.05246393, -0.05291246,
 -0.05334486, -0.05376101, -0.05416079, -0.05454407, -0.05491074,
 -0.05526068, -0.05559379, -0.05590996, -0.0562091 , -0.05649112,
 -0.05675593, -0.05700346, -0.05723362, -0.05744634, -0.05764157,
 -0.05781924, -0.05797929, -0.05812169, -0.05824638, -0.05835333,
 -0.0584425 , -0.05851388, -0.05856742, -0.05860313, -0.05862094,
  0.05862094,  0.05860313,  0.05856742,  0.05851388,  0.0584425 ,
  0.05835333,  0.05824638,  0.05812169,  0.05797929,  0.05781924,
  0.05764157,  0.05744634,  0.05723362,  0.05700346,  0.05675593,
  0.05649112,  0.0562091 ,  0.05590996,  0.05559379,  0.05526068,
  0.05491074,  0.05454407,  0.05416079,  0.05376101,  0.05334486,
  0.05291246,  0.05246393,  0.05199943,  0.05151909,  0.05102305,
  0.05051148,  0.04998451,  0.04944232,  0.04888507,  0.04831293,
  0.04772607,  0.04712468,  0.04650893,  0.04587901,  0.04523512,
  0.04457745,  0.0439062 ,  0.04322157,  0.04252378,  0.04181304,
  0.04108956,  0.04035356,  0.03960527,  0.03884492,  0.03807274,
  0.03728895,  0.03649381,  0.03568756,  0.03487043,  0.03404268,
  0.03320456,  0.03235632,  0.03149823,  0.03063055,  0.02975353,
  0.02886745,  0.02797258,  0.02706919,  0.02615755,  0.02523795,
  0.02431065,  0.02337595,  0.02243414,  0.02148548,  0.02053028,
  0.01956883,  0.01860142,  0.01762834,  0.01664989,  0.01566637,
  0.01467808,  0.01368532,  0.01268839,  0.01168759,  0.01068323,
  0.00967562,  0.00866506,  0.00765187,  0.00663634,  0.00561879,
  0.00459952,  0.00357886,  0.00255711,  0.00153458,  0.00051158,
 -0.00051158, -0.00153458, -0.00255711, -0.00357886, -0.00459952,
 -0.00561879, -0.00663634, -0.00765187, -0.00866506, -0.00967562,
 -0.01068323, -0.01168759, -0.01268839, -0.01368532, -0.01467808,
 -0.01566637, -0.01664989, -0.01762834, -0.01860142, -0.01956883,
 -0.02053028, -0.02148548, -0.02243414, -0.02337595, -0.02431065,
 -0.02523795, -0.02615755, -0.02706919, -0.02797258, -0.02886745,
 -0.02975353, -0.03063055, -0.03149823, -0.03235632, -0.03320456,
 -0.03404268, -0.03487043, -0.03568756, -0.03649381, -0.03728895,
 -0.03807274, -0.03884492, -0.03960527, -0.04035356, -0.04108956,
 -0.04181304, -0.04252378, -0.04322157, -0.0439062 , -0.04457745,
 -0.04523512, -0.04587901, -0.04650893, -0.04712468, -0.04772607,
 -0.04831293, -0.04888507, -0.04944232, -0.04998451, -0.05051148,
 -0.05102305, -0.05151909, -0.05199943, -0.05246393, -0.05291246,
 -0.05334486, -0.05376101, -0.05416079, -0.05454407, -0.05491074,
 -0.05526068, -0.05559379, -0.05590996, -0.0562091 , -0.05649112,
 -0.05675593, -0.05700346, -0.05723362, -0.05744634, -0.05764157,
 -0.05781924, -0.05797929, -0.05812169, -0.05824638, -0.05835333,
 -0.0584425 , -0.05851388, -0.05856742, -0.05860313, -0.05862094,
  0.05862094,  0.05860313,  0.05856742,  0.05851388,  0.0584425 ,
  0.05835333,  0.05824638,  0.05812169,  0.05797929,  0.05781924,
  0.05764157,  0.05744634,  0.05723362,  0.05700346,  0.05675593,
  0.05649112,  0.0562091 ,  0.05590996,  0.05559379,  0.05526068,
  0.05491074,  0.05454407,  0.05416079,  0.05376101,  0.05334486,
  0.05291246,  0.05246393,  0.05199943,  0.05151909,  0.05102305,
  0.05051148,  0.04998451,  0.04944232,  0.04888507,  0.04831293,
  0.04772607,  0.04712468,  0.04650893,  0.04587901,  0.04523512,
  0.04457745,  0.0439062 ,  0.04322157,  0.04252378,  0.04181304,
  0.04108956,  0.04035356,  0.03960527,  0.03884492,  0.03807274,
  0.03728895,  0.03649381,  0.03568756,  0.03487043,  0.03404268,
  0.03320456,  0.03235632,  0.03149823,  0.03063055,  0.02975353,
  0.02886745,  0.02797258,  0.02706919,  0.02615755,  0.02523795,
  0.02431065,  0.02337595,  0.02243414,  0.02148548,  0.02053028,
  0.01956883,  0.01860142,  0.01762834,  0.01664989,  0.01566637,
  0.01467808,  0.01368532,  0.01268839,  0.01168759,  0.01068323,
  0.00967562,  0.00866506,  0.00765187,  0.00663634,  0.00561879,
  0.00459952,  0.00357886,  0.00255711,  0.00153458])
spec_slopes = np.array([-0.00051583, -0.00154734, -0.00257837, -0.00360862, -0.00463777,
 -0.00566551, -0.00669152, -0.00771549, -0.00873712, -0.00975608,
 -0.01077207, -0.01178478, -0.0127939 , -0.01379912, -0.01480014,
 -0.01579665, -0.01678834, -0.01777493, -0.0187561 , -0.01973156,
 -0.020701  , -0.02166414, -0.02262068, -0.02357034, -0.02451281,
 -0.02544781, -0.02637506, -0.02729428, -0.02820519, -0.0291075 ,
 -0.03000095, -0.03088525, -0.03176015, -0.03262538, -0.03348067,
 -0.03432576, -0.03516039, -0.03598431, -0.03679727, -0.03759903,
 -0.03838933, -0.03916793, -0.03993461, -0.04068912, -0.04143123,
 -0.04216073, -0.04287738, -0.04358098, -0.04427129, -0.04494813,
 -0.04561127, -0.04626051, -0.04689567, -0.04751654, -0.04812294,
 -0.04871467, -0.04929157, -0.04985346, -0.05040015, -0.0509315 ,
 -0.05144733, -0.05194749, -0.05243183, -0.05290019, -0.05335244,
 -0.05378844, -0.05420806, -0.05461116, -0.05499763, -0.05536735,
 -0.05572019, -0.05605607, -0.05637487, -0.0566765 , -0.05696087,
 -0.05722788, -0.05747746, -0.05770954, -0.05792403, -0.05812088,
 -0.05830003, -0.05846142, -0.058605  , -0.05873072, -0.05883856,
 -0.05892848, -0.05900044, -0.05905444, -0.05909044, -0.05910532,
  0.05910532,  0.05909044,  0.05905444,  0.05900044,  0.05892848,
  0.05883856,  0.05873072,  0.058605  ,  0.05846142,  0.05830003,
  0.05812088,  0.05792403,  0.05770954,  0.05747746,  0.05722788,
  0.05696087,  0.0566765 ,  0.05637487,  0.05605607,  0.05572019,
  0.05536735,  0.05499763,  0.05461116,  0.05420806,  0.05378844,
  0.05335244,  0.05290019,  0.05243183,  0.05194749,  0.05144733,
  0.0509315 ,  0.05040015,  0.04985346,  0.04929157,  0.04871467,
  0.04812294,  0.04751654,  0.04689567,  0.04626051,  0.04561127,
  0.04494813,  0.04427129,  0.04358098,  0.04287738,  0.04216073,
  0.04143123,  0.04068912,  0.03993461,  0.03916793,  0.03838933,
  0.03759903,  0.03679727,  0.03598431,  0.03516039,  0.03432576,
  0.03348067,  0.03262538,  0.03176015,  0.03088525,  0.03000095,
  0.0291075 ,  0.02820519,  0.02729428,  0.02637506,  0.02544781,
  0.02451281,  0.02357034,  0.02262068,  0.02166414,  0.020701  ,
  0.01973156,  0.0187561 ,  0.01777493,  0.01678834,  0.01579665,
  0.01480014,  0.01379912,  0.0127939 ,  0.01178478,  0.01077207,
  0.00975608,  0.00873712,  0.00771549,  0.00669152,  0.00566551,
  0.00463777,  0.00360862,  0.00257837,  0.00154734,  0.00051583,
 -0.00051583, -0.00154734, -0.00257837, -0.00360862, -0.00463777,
 -0.00566551, -0.00669152, -0.00771549, -0.00873712, -0.00975608,
 -0.01077207, -0.01178478, -0.0127939 , -0.01379912, -0.01480014,
 -0.01579665, -0.01678834, -0.01777493, -0.0187561 , -0.01973156,
 -0.020701  , -0.02166414, -0.02262068, -0.02357034, -0.02451281,
 -0.02544781, -0.02637506, -0.02729428, -0.02820519, -0.0291075 ,
 -0.03000095, -0.03088525, -0.03176015, -0.03262538, -0.03348067,
 -0.03432576, -0.03516039, -0.03598431, -0.03679727, -0.03759903,
 -0.03838933, -0.03916793, -0.03993461, -0.04068912, -0.04143123,
 -0.04216073, -0.04287738, -0.04358098, -0.04427129, -0.04494813,
 -0.04561127, -0.04626051, -0.04689567, -0.04751654, -0.04812294,
 -0.04871467, -0.04929157, -0.04985346, -0.05040015, -0.0509315 ,
 -0.05144733, -0.05194749, -0.05243183, -0.05290019, -0.05335244,
 -0.05378844, -0.05420806, -0.05461116, -0.05499763, -0.05536735,
 -0.05572019, -0.05605607, -0.05637487, -0.0566765 , -0.05696087,
 -0.05722788, -0.05747746, -0.05770954, -0.05792403, -0.05812088,
 -0.05830003, -0.05846142, -0.058605  , -0.05873072, -0.05883856,
 -0.05892848, -0.05900044, -0.05905444, -0.05909044, -0.05910532,
  0.05910532,  0.05909044,  0.05905444,  0.05900044,  0.05892848,
  0.05883856,  0.05873072,  0.058605  ,  0.05846142,  0.05830003,
  0.05812088,  0.05792403,  0.05770954,  0.05747746,  0.05722788,
  0.05696087,  0.0566765 ,  0.05637487,  0.05605607,  0.05572019,
  0.05536735,  0.05499763,  0.05461116,  0.05420806,  0.05378844,
  0.05335244,  0.05290019,  0.05243183,  0.05194749,  0.05144733,
  0.0509315 ,  0.05040015,  0.04985346,  0.04929157,  0.04871467,
  0.04812294,  0.04751654,  0.04689567,  0.04626051,  0.04561127,
  0.04494813,  0.04427129,  0.04358098,  0.04287738,  0.04216073,
  0.04143123,  0.04068912,  0.03993461,  0.03916793,  0.03838933,
  0.03759903,  0.03679727,  0.03598431,  0.03516039,  0.03432576,
  0.03348067,  0.03262538,  0.03176015,  0.03088525,  0.03000095,
  0.0291075 ,  0.02820519,  0.02729428,  0.02637506,  0.02544781,
  0.02451281,  0.02357034,  0.02262068,  0.02166414,  0.020701  ,
  0.01973156,  0.0187561 ,  0.01777493,  0.01678834,  0.01579665,
  0.01480014,  0.01379912,  0.0127939 ,  0.01178478,  0.01077207,
  0.00975608,  0.00873712,  0.00771549,  0.00669152,  0.00566551,
  0.00463777,  0.00360862,  0.00257837,  0.00154734])
nextToPFC_slopes = np.array([-0.00051684, -0.00155035, -0.00258339, -0.00361565, -0.0046468 ,
 -0.00567654, -0.00670455, -0.00773052, -0.00875413, -0.00977507,
 -0.01079304, -0.01180772, -0.0128188 , -0.01382598, -0.01482895,
 -0.0158274 , -0.01682103, -0.01780953, -0.01879261, -0.01976997,
 -0.0207413 , -0.02170632, -0.02266472, -0.02361622, -0.02456053,
 -0.02549735, -0.02642641, -0.02734742, -0.0282601 , -0.02916417,
 -0.03005935, -0.03094538, -0.03182199, -0.0326889 , -0.03354585,
 -0.03439258, -0.03522884, -0.03605437, -0.03686891, -0.03767223,
 -0.03846407, -0.03924419, -0.04001236, -0.04076833, -0.0415119 ,
 -0.04224281, -0.04296086, -0.04366582, -0.04435748, -0.04503563,
 -0.04570007, -0.04635058, -0.04698697, -0.04760905, -0.04821662,
 -0.04880951, -0.04938754, -0.04995051, -0.05049828, -0.05103066,
 -0.05154749, -0.05204863, -0.05253391, -0.05300318, -0.05345631,
 -0.05389316, -0.0543136 , -0.05471748, -0.0551047 , -0.05547514,
 -0.05582867, -0.05616521, -0.05648463, -0.05678684, -0.05707176,
 -0.0573393 , -0.05758936, -0.05782189, -0.0580368 , -0.05823404,
 -0.05841353, -0.05857523, -0.05871909, -0.05884507, -0.05895311,
 -0.0590432 , -0.05911531, -0.05916941, -0.05920548, -0.05922039,
  0.05922039,  0.05920548,  0.05916941,  0.05911531,  0.0590432 ,
  0.05895311,  0.05884507,  0.05871909,  0.05857523,  0.05841353,
  0.05823404,  0.0580368 ,  0.05782189,  0.05758936,  0.0573393 ,
  0.05707176,  0.05678684,  0.05648463,  0.05616521,  0.05582867,
  0.05547514,  0.0551047 ,  0.05471748,  0.0543136 ,  0.05389316,
  0.05345631,  0.05300318,  0.05253391,  0.05204863,  0.05154749,
  0.05103066,  0.05049828,  0.04995051,  0.04938754,  0.04880951,
  0.04821662,  0.04760905,  0.04698697,  0.04635058,  0.04570007,
  0.04503563,  0.04435748,  0.04366582,  0.04296086,  0.04224281,
  0.0415119 ,  0.04076833,  0.04001236,  0.03924419,  0.03846407,
  0.03767223,  0.03686891,  0.03605437,  0.03522884,  0.03439258,
  0.03354585,  0.0326889 ,  0.03182199,  0.03094538,  0.03005935,
  0.02916417,  0.0282601 ,  0.02734742,  0.02642641,  0.02549735,
  0.02456053,  0.02361622,  0.02266472,  0.02170632,  0.0207413 ,
  0.01976997,  0.01879261,  0.01780953,  0.01682103,  0.0158274 ,
  0.01482895,  0.01382598,  0.0128188 ,  0.01180772,  0.01079304,
  0.00977507,  0.00875413,  0.00773052,  0.00670455,  0.00567654,
  0.0046468 ,  0.00361565,  0.00258339,  0.00155035,  0.00051684,
 -0.00051684, -0.00155035, -0.00258339, -0.00361565, -0.0046468 ,
 -0.00567654, -0.00670455, -0.00773052, -0.00875413, -0.00977507,
 -0.01079304, -0.01180772, -0.0128188 , -0.01382598, -0.01482895,
 -0.0158274 , -0.01682103, -0.01780953, -0.01879261, -0.01976997,
 -0.0207413 , -0.02170632, -0.02266472, -0.02361622, -0.02456053,
 -0.02549735, -0.02642641, -0.02734742, -0.0282601 , -0.02916417,
 -0.03005935, -0.03094538, -0.03182199, -0.0326889 , -0.03354585,
 -0.03439258, -0.03522884, -0.03605437, -0.03686891, -0.03767223,
 -0.03846407, -0.03924419, -0.04001236, -0.04076833, -0.0415119 ,
 -0.04224281, -0.04296086, -0.04366582, -0.04435748, -0.04503563,
 -0.04570007, -0.04635058, -0.04698697, -0.04760905, -0.04821662,
 -0.04880951, -0.04938754, -0.04995051, -0.05049828, -0.05103066,
 -0.05154749, -0.05204863, -0.05253391, -0.05300318, -0.05345631,
 -0.05389316, -0.0543136 , -0.05471748, -0.0551047 , -0.05547514,
 -0.05582867, -0.05616521, -0.05648463, -0.05678684, -0.05707176,
 -0.0573393 , -0.05758936, -0.05782189, -0.0580368 , -0.05823404,
 -0.05841353, -0.05857523, -0.05871909, -0.05884507, -0.05895311,
 -0.0590432 , -0.05911531, -0.05916941, -0.05920548, -0.05922039,
  0.05922039,  0.05920548,  0.05916941,  0.05911531,  0.0590432 ,
  0.05895311,  0.05884507,  0.05871909,  0.05857523,  0.05841353,
  0.05823404,  0.0580368 ,  0.05782189,  0.05758936,  0.0573393 ,
  0.05707176,  0.05678684,  0.05648463,  0.05616521,  0.05582867,
  0.05547514,  0.0551047 ,  0.05471748,  0.0543136 ,  0.05389316,
  0.05345631,  0.05300318,  0.05253391,  0.05204863,  0.05154749,
  0.05103066,  0.05049828,  0.04995051,  0.04938754,  0.04880951,
  0.04821662,  0.04760905,  0.04698697,  0.04635058,  0.04570007,
  0.04503563,  0.04435748,  0.04366582,  0.04296086,  0.04224281,
  0.0415119 ,  0.04076833,  0.04001236,  0.03924419,  0.03846407,
  0.03767223,  0.03686891,  0.03605437,  0.03522884,  0.03439258,
  0.03354585,  0.0326889 ,  0.03182199,  0.03094538,  0.03005935,
  0.02916417,  0.0282601 ,  0.02734742,  0.02642641,  0.02549735,
  0.02456053,  0.02361622,  0.02266472,  0.02170632,  0.0207413 ,
  0.01976997,  0.01879261,  0.01780953,  0.01682103,  0.0158274 ,
  0.01482895,  0.01382598,  0.0128188 ,  0.01180772,  0.01079304,
  0.00977507,  0.00875413,  0.00773052,  0.00670455,  0.00567654,
  0.0046468 ,  0.00361565,  0.00258339,  0.00155035])
hallprobe_slopes = np.array([-0.00051421, -0.00154246, -0.00257025, -0.00359725, -0.00462316,
 -0.00564766, -0.00667044, -0.00769119, -0.00870959, -0.00972535,
 -0.01073814, -0.01174765, -0.01275359, -0.01375565, -0.01475351,
 -0.01574689, -0.01673546, -0.01771894, -0.01869702, -0.0196694 ,
 -0.02063579, -0.0215959 , -0.02254943, -0.02349609, -0.02443559,
 -0.02536765, -0.02629198, -0.0272083 , -0.02811634, -0.02901581,
 -0.02990644, -0.03078796, -0.03166011, -0.03252261, -0.0333752 ,
 -0.03421763, -0.03504963, -0.03587096, -0.03668136, -0.03748059,
 -0.0382684 , -0.03904455, -0.03980881, -0.04056094, -0.04130072,
 -0.04202792, -0.04274232, -0.04344369, -0.04413184, -0.04480653,
 -0.04546759, -0.04611479, -0.04674794, -0.04736686, -0.04797134,
 -0.04856122, -0.0491363 , -0.04969641, -0.05024139, -0.05077106,
 -0.05128527, -0.05178385, -0.05226666, -0.05273355, -0.05318438,
 -0.05361901, -0.0540373 , -0.05443913, -0.05482438, -0.05519293,
 -0.05554467, -0.05587949, -0.05619729, -0.05649797, -0.05678143,
 -0.05704761, -0.0572964 , -0.05752775, -0.05774157, -0.0579378 ,
 -0.05811638, -0.05827726, -0.05842038, -0.05854572, -0.05865321,
 -0.05874285, -0.05881459, -0.05886841, -0.0589043 , -0.05891912,
  0.05891912,  0.0589043 ,  0.05886841,  0.05881459,  0.05874285,
  0.05865321,  0.05854572,  0.05842038,  0.05827726,  0.05811638,
  0.0579378 ,  0.05774157,  0.05752775,  0.0572964 ,  0.05704761,
  0.05678143,  0.05649797,  0.05619729,  0.05587949,  0.05554467,
  0.05519293,  0.05482438,  0.05443913,  0.0540373 ,  0.05361901,
  0.05318438,  0.05273355,  0.05226666,  0.05178385,  0.05128527,
  0.05077106,  0.05024139,  0.04969641,  0.0491363 ,  0.04856122,
  0.04797134,  0.04736686,  0.04674794,  0.04611479,  0.04546759,
  0.04480653,  0.04413184,  0.04344369,  0.04274232,  0.04202792,
  0.04130072,  0.04056094,  0.03980881,  0.03904455,  0.0382684 ,
  0.03748059,  0.03668136,  0.03587096,  0.03504963,  0.03421763,
  0.0333752 ,  0.03252261,  0.03166011,  0.03078796,  0.02990644,
  0.02901581,  0.02811634,  0.0272083 ,  0.02629198,  0.02536765,
  0.02443559,  0.02349609,  0.02254943,  0.0215959 ,  0.02063579,
  0.0196694 ,  0.01869702,  0.01771894,  0.01673546,  0.01574689,
  0.01475351,  0.01375565,  0.01275359,  0.01174765,  0.01073814,
  0.00972535,  0.00870959,  0.00769119,  0.00667044,  0.00564766,
  0.00462316,  0.00359725,  0.00257025,  0.00154246,  0.00051421,
 -0.00051421, -0.00154246, -0.00257025, -0.00359725, -0.00462316,
 -0.00564766, -0.00667044, -0.00769119, -0.00870959, -0.00972535,
 -0.01073814, -0.01174765, -0.01275359, -0.01375565, -0.01475351,
 -0.01574689, -0.01673546, -0.01771894, -0.01869702, -0.0196694 ,
 -0.02063579, -0.0215959 , -0.02254943, -0.02349609, -0.02443559,
 -0.02536765, -0.02629198, -0.0272083 , -0.02811634, -0.02901581,
 -0.02990644, -0.03078796, -0.03166011, -0.03252261, -0.0333752 ,
 -0.03421763, -0.03504963, -0.03587096, -0.03668136, -0.03748059,
 -0.0382684 , -0.03904455, -0.03980881, -0.04056094, -0.04130072,
 -0.04202792, -0.04274232, -0.04344369, -0.04413184, -0.04480653,
 -0.04546759, -0.04611479, -0.04674794, -0.04736686, -0.04797134,
 -0.04856122, -0.0491363 , -0.04969641, -0.05024139, -0.05077106,
 -0.05128527, -0.05178385, -0.05226666, -0.05273355, -0.05318438,
 -0.05361901, -0.0540373 , -0.05443913, -0.05482438, -0.05519293,
 -0.05554467, -0.05587949, -0.05619729, -0.05649797, -0.05678143,
 -0.05704761, -0.0572964 , -0.05752775, -0.05774157, -0.0579378 ,
 -0.05811638, -0.05827726, -0.05842038, -0.05854572, -0.05865321,
 -0.05874285, -0.05881459, -0.05886841, -0.0589043 , -0.05891912,
  0.05891912,  0.0589043 ,  0.05886841,  0.05881459,  0.05874285,
  0.05865321,  0.05854572,  0.05842038,  0.05827726,  0.05811638,
  0.0579378 ,  0.05774157,  0.05752775,  0.0572964 ,  0.05704761,
  0.05678143,  0.05649797,  0.05619729,  0.05587949,  0.05554467,
  0.05519293,  0.05482438,  0.05443913,  0.0540373 ,  0.05361901,
  0.05318438,  0.05273355,  0.05226666,  0.05178385,  0.05128527,
  0.05077106,  0.05024139,  0.04969641,  0.0491363 ,  0.04856122,
  0.04797134,  0.04736686,  0.04674794,  0.04611479,  0.04546759,
  0.04480653,  0.04413184,  0.04344369,  0.04274232,  0.04202792,
  0.04130072,  0.04056094,  0.03980881,  0.03904455,  0.0382684 ,
  0.03748059,  0.03668136,  0.03587096,  0.03504963,  0.03421763,
  0.0333752 ,  0.03252261,  0.03166011,  0.03078796,  0.02990644,
  0.02901581,  0.02811634,  0.0272083 ,  0.02629198,  0.02536765,
  0.02443559,  0.02349609,  0.02254943,  0.0215959 ,  0.02063579,
  0.0196694 ,  0.01869702,  0.01771894,  0.01673546,  0.01574689,
  0.01475351,  0.01375565,  0.01275359,  0.01174765,  0.01073814,
  0.00972535,  0.00870959,  0.00769119,  0.00667044,  0.00564766,
  0.00462316,  0.00359725,  0.00257025,  0.00154246])
